{
	"format_version": "1.8.0",
	"animations": {
		"animation.model.reload": {
			"loop": true,
			"animation_length": 15.8,
			"blend_weight": "1",
			"bones": {
				"rightarm": {
					"rotation": {
						"0.0": {
							"vector": [0, 0, 0]
						},
						"0.1": {
							"vector": [-46.28672, 12.63822, 6.812],
							"easing": "easeOutQuint"
						},
						"0.2": {
							"vector": [-51.10281, 14.41913, 12.95825],
							"easing": "easeOutCirc"
						},
						"0.4667": {
							"vector": [104.54914, 32.74854, 18.71767]
						},
						"6.0333": {
							"vector": [104.55, 32.75, 18.72],
							"easing": "easeInOutQuad"
						},
						"6.2667": {
							"vector": [120.49251, 22.3305, 18.74757],
							"easing": "easeInOutQuad"
						},
						"6.4": {
							"vector": [127.52363, 24.94446, 17.97287],
							"easing": "easeInOutQuad"
						},
						"6.6667": {
							"vector": [68.53633, 8.262, 30.07984],
							"easing": "easeInOutQuad"
						},
						"6.8333": {
							"vector": [127.52363, 24.94446, 17.97287],
							"easing": "easeInOutQuad"
						},
						"7.1": {
							"vector": [68.53633, 8.262, 30.07984],
							"easing": "easeInOutQuad"
						},
						"7.2333": {
							"vector": [127.52363, 24.94446, 17.97287],
							"easing": "easeInOutQuad"
						},
						"7.5": {
							"vector": [68.53633, 8.262, 30.07984],
							"easing": "easeInOutQuad"
						},
						"7.6667": {
							"vector": [68.54, 8.26, 42.58],
							"easing": "easeInOutQuad"
						},
						"7.8667": {
							"vector": [68.54, 8.26, 35.08],
							"easing": "easeInOutQuad"
						},
						"8.1": {
							"vector": [106.04, 8.26, 35.08],
							"easing": "easeInOutQuad"
						},
						"8.4": {
							"vector": [73.54, 8.26, 35.08],
							"easing": "easeInOutQuad"
						},
						"8.7": {
							"vector": [73.54, 8.26, 15.08],
							"easing": "easeInOutQuad"
						},
						"8.9": {
							"vector": [110.02363, 24.94446, 17.97287],
							"easing": "easeInOutQuad"
						},
						"9.1667": {
							"vector": [68.53633, 8.262, 30.07984],
							"easing": "easeInOutQuad"
						},
						"9.3333": {
							"vector": [107.52363, 24.94446, 17.97287],
							"easing": "easeInOutQuad"
						},
						"9.5333": {
							"vector": [68.53633, 8.262, 30.07984],
							"easing": "easeInOutQuad"
						},
						"9.7": {
							"vector": [112.52363, 24.94446, 17.97287],
							"easing": "easeInOutQuad"
						},
						"9.8333": {
							"vector": [85.9671, 7.37969, 25.1815],
							"easing": "easeInOutQuad"
						},
						"9.9667": {
							"vector": [110.02363, 24.94446, 17.97287],
							"easing": "easeInOutQuad"
						},
						"10.1": {
							"vector": [110.02363, 24.94446, 17.97287],
							"easing": "easeInOutQuad"
						},
						"10.3667": {
							"vector": [68.53633, 8.262, 30.07984],
							"easing": "easeInOutQuad"
						},
						"10.5333": {
							"vector": [107.52363, 24.94446, 17.97287],
							"easing": "easeInOutQuad"
						},
						"10.8": {
							"vector": [68.53633, 8.262, 30.07984],
							"easing": "easeInOutQuad"
						},
						"10.9333": {
							"vector": [110.02363, 24.94446, 17.97287],
							"easing": "easeInOutQuad"
						},
						"11.2": {
							"vector": [68.53633, 8.262, 30.07984],
							"easing": "easeInOutQuad"
						},
						"11.3667": {
							"vector": [68.54, 8.26, 35.08],
							"easing": "easeInOutQuad"
						},
						"11.7": {
							"vector": [127.29804, 20.38153, 19.02862]
						},
						"11.9": {
							"vector": [73.54, 8.26, 35.08],
							"easing": "easeInOutQuad"
						},
						"12.1667": {
							"vector": [104.55, 32.75, 18.72],
							"easing": "easeInOutQuad"
						},
						"12.3": {
							"vector": [127.52363, 24.94446, 17.97287],
							"easing": "easeInOutQuad"
						},
						"12.5333": {
							"vector": [68.53633, 8.262, 30.07984],
							"easing": "easeInOutQuad"
						},
						"12.7333": {
							"vector": [127.52363, 24.94446, 17.97287],
							"easing": "easeInOutQuad"
						},
						"12.9667": {
							"vector": [68.53633, 8.262, 30.07984],
							"easing": "easeInOutQuad"
						},
						"13.1333": {
							"vector": [127.52363, 24.94446, 17.97287],
							"easing": "easeInOutQuad"
						},
						"13.4333": {
							"vector": [146.16522, 32.17482, 17.50489],
							"easing": "easeInOutQuad"
						},
						"14.5333": {
							"vector": [146.17, 32.17, 17.5],
							"easing": "easeInOutQuad"
						},
						"14.7667": {
							"vector": [33.75016, 30.6022, -2.2767]
						},
						"14.9": {
							"vector": [-13.98719, 6.60737, -7.67896],
							"easing": "easeInOutQuad"
						},
						"15.0": {
							"vector": [0, 0, 0],
							"easing": "easeInOutQuad"
						},
						"15.1": {
							"vector": [0, 0, 0]
						}
					},
					"position": {
						"6.0333": {
							"vector": [0, 0, 0]
						},
						"6.4": {
							"vector": [-0.30931, -0.85552, 0.41523],
							"easing": "easeInOutQuad"
						},
						"6.8333": {
							"vector": [-0.30931, -0.85552, 0.41523],
							"easing": "easeInOutSine"
						},
						"7.2333": {
							"vector": [-0.30931, -0.85552, 0.41523],
							"easing": "easeInOutQuad"
						},
						"7.8667": {
							"vector": [1.79313, 2.12211, 1.97283],
							"easing": "easeInOutQuad"
						},
						"8.4": {
							"vector": [1.79, 2.12, 1.97],
							"easing": "easeInOutQuad"
						},
						"8.7": {
							"vector": [0.5187, 0.61415, 1.62909],
							"easing": "easeInOutQuad"
						},
						"8.9": {
							"vector": [-0.30931, -0.85552, 0.41523],
							"easing": "easeInOutQuad"
						},
						"9.3333": {
							"vector": [-0.30931, -0.85552, 0.41523],
							"easing": "easeInOutQuad"
						},
						"9.7": {
							"vector": [-0.30931, -0.85552, 0.41523],
							"easing": "easeInOutQuad"
						},
						"9.9667": {
							"vector": [-0.30931, -0.85552, 0.41523],
							"easing": "easeInOutQuad"
						},
						"10.1": {
							"vector": [-0.30931, -0.85552, 0.41523],
							"easing": "easeInOutQuad"
						},
						"10.5333": {
							"vector": [-0.30931, -0.85552, 0.41523],
							"easing": "easeInOutQuad"
						},
						"10.9333": {
							"vector": [-0.30931, -0.85552, 0.41523],
							"easing": "easeInOutQuad"
						},
						"11.3667": {
							"vector": [0.10463, -1.74906, -0.70355],
							"easing": "easeInOutQuad"
						},
						"11.9": {
							"vector": [0.33932, -0.80558, 0.35358],
							"easing": "easeInOutQuad"
						},
						"12.1667": {
							"vector": [0, 0, 0],
							"easing": "easeInOutQuad"
						},
						"12.3": {
							"vector": [-0.30931, -0.85552, 0.41523],
							"easing": "easeInOutQuad"
						},
						"12.7333": {
							"vector": [-0.30931, -0.85552, 0.41523],
							"easing": "easeInOutQuad"
						},
						"13.1333": {
							"vector": [-0.30931, -0.85552, 0.41523],
							"easing": "easeInOutQuad"
						},
						"13.4333": {
							"vector": [-1.29436, -3.03782, 13.70677],
							"easing": "easeInOutQuad"
						},
						"14.5333": {
							"vector": [-1.29, -3.04, 13.71],
							"easing": "easeInOutQuad"
						},
						"14.9": {
							"vector": [0, 0, 0],
							"easing": "easeInOutQuad"
						},
						"15.1": {
							"vector": [0, 0, 0]
						}
					}
				},
				"Musket": {
					"rotation": {
						"0.0": {
							"vector": [0, 0, 0]
						},
						"0.2": {
							"vector": [-8.6575, 0.16764, 1.35178],
							"easing": "easeInOutQuint"
						},
						"0.4": {
							"vector": [-13.5797, 0.12741, 4.02735],
							"easing": "easeInOutCirc"
						},
						"1.6": {
							"vector": [19.82417, -1.61888, 12.39638],
							"easing": "easeInOutElastic",
							"easingArgs": [1]
						},
						"2.3": {
							"vector": [-14.32109, 0.73719, 3.63178],
							"easing": "easeInElastic"
						},
						"3.1": {
							"vector": [-14.32109, 0.73719, 2.63178],
							"easing": "easeInElastic",
							"easingArgs": [3]
						},
						"3.3667": {
							"vector": [-6.82888, 0.38749, 2.70542],
							"easing": "easeOutQuad"
						},
						"3.5667": {
							"vector": [-19.31652, 0.96368, 2.55759],
							"easing": "easeInOutQuad"
						},
						"3.6333": {
							"vector": [-19.32, 0.96, 2.56]
						},
						"3.8333": {
							"vector": [-19.32, 0.96, 2.56],
							"easing": "easeInOutQuad"
						},
						"4.1667": {
							"vector": [-41.8089, 1.86642, 1.99812],
							"easing": "easeInOutQuad"
						},
						"4.2667": {
							"vector": [-41.81, 1.87, 2]
						},
						"4.4333": {
							"vector": [-41.81, 1.87, 2],
							"easing": "easeInOutQuad"
						},
						"4.5": {
							"vector": [-41.81, 1.87, 2],
							"easing": "easeInOutQuad"
						},
						"4.7667": {
							"vector": [-81.83483, 2.7179, 0.32954],
							"easing": "easeInOutQuad"
						},
						"6.2667": {
							"vector": [-81.83, 2.72, 0.33]
						},
						"13.1333": {
							"vector": [-81.83, 2.72, 0.33],
							"easing": "easeInOutSine"
						},
						"13.4333": {
							"vector": [-54.30727, 2.26014, 1.54926],
							"easing": "easeInOutSine"
						},
						"13.5": {
							"vector": [-54.31, 2.26, 1.55],
							"easing": "easeInOutSine"
						},
						"13.7667": {
							"vector": [-54.31, 2.26, 1.55],
							"easing": "easeInOutSine"
						},
						"14.0667": {
							"vector": [-34.30956, 1.59371, 2.2294],
							"easing": "easeInOutSine"
						},
						"14.5333": {
							"vector": [-34.31, 1.59, 2.23],
							"easing": "easeInOutSine"
						},
						"14.9": {
							"vector": [0, 0, 0],
							"easing": "easeInOutSine"
						}
					},
					"position": {
						"0.4": {
							"vector": [0, 0, 0]
						},
						"1.6": {
							"vector": [0, -5, 0],
							"easing": "easeInOutElastic"
						},
						"2.3": {
							"vector": [-0.14038, -0.0043, 0],
							"easing": "easeInElastic"
						},
						"3.1": {
							"vector": [-0.14, 0, 0]
						},
						"3.3667": {
							"vector": [-0.33068, -3.9105, -0.81955],
							"easing": "easeOutQuad"
						},
						"3.5667": {
							"vector": [-0.72369, -15.39863, 6.27622],
							"easing": "easeInOutQuad"
						},
						"3.6333": {
							"vector": [-0.72, -15.4, 6.28]
						},
						"3.8333": {
							"vector": [-0.72, -15.4, 6.28],
							"easing": "easeInOutQuad"
						},
						"4.1667": {
							"vector": [-0.71135, -37.21537, 14.3002],
							"easing": "easeInOutQuad"
						},
						"4.2667": {
							"vector": [-0.71, -37.22, 14.3]
						},
						"4.4333": {
							"vector": [-0.71, -37.22, 14.3],
							"easing": "easeInOutQuad"
						},
						"4.5": {
							"vector": [-0.71, -37.22, 14.3],
							"easing": "easeInOutQuad"
						},
						"4.7667": {
							"vector": [-2.59092, -99.32452, -11.43982],
							"easing": "easeInOutQuad"
						},
						"4.9667": {
							"vector": [-2.5874, -101.79471, -11.08533]
						},
						"6.2667": {
							"vector": [-2.59, -101.79, -11.09]
						},
						"13.1333": {
							"vector": [-2.59, -101.79, -11.09],
							"easing": "easeInOutQuad"
						},
						"13.4333": {
							"vector": [-0.15153, -70.6344, 14.6395],
							"easing": "easeInOutQuad"
						},
						"13.5": {
							"vector": [-0.15, -70.63, 14.64],
							"easing": "easeInOutQuad"
						},
						"13.7667": {
							"vector": [-0.15, -70.63, 14.64],
							"easing": "easeInOutQuad"
						},
						"14.0667": {
							"vector": [0.77302, -28.13428, 7.25466],
							"easing": "easeInOutQuad"
						},
						"14.5333": {
							"vector": [0.77, -28.13, 7.25],
							"easing": "easeInOutQuad"
						},
						"14.9": {
							"vector": [0, 0, 0],
							"easing": "easeInOutQuad"
						}
					}
				},
				"Cartridge": {
					"rotation": {
						"4.4667": {
							"vector": [0, 0, 0]
						},
						"4.5667": {
							"vector": [0, -180, 0]
						},
						"6.0333": {
							"vector": [0, -180, 0]
						},
						"6.2667": {
							"vector": [0, -180, 0]
						},
						"8.7333": {
							"vector": [0, -180, 0],
							"easing": "easeInOutQuad"
						}
					},
					"position": {
						"0.0": {
							"vector": [-1, 0, 0]
						},
						"0.5": {
							"vector": [-14.5, -29, -18]
						},
						"4.4667": {
							"vector": [-14.5, -29, -18]
						},
						"4.5667": {
							"vector": [-14.47719, -29.26072, -12.00571]
						},
						"6.0333": {
							"vector": [-14.48, -29.26, -12.01]
						},
						"6.2667": {
							"vector": [-14.4643, -29.45518, -7.51143]
						},
						"8.7333": {
							"vector": [-14.46, -29.46, -7.51],
							"easing": "easeInOutQuad"
						},
						"8.9333": {
							"vector": [-14.09378, -31.34476, 23.5565],
							"easing": "easeInOutQuad"
						}
					},
					"scale": {
						"0.0": {
							"vector": [0, 0, 0]
						},
						"0.5": {
							"vector": [0, 0, 0]
						},
						"0.5333": {
							"vector": [0.8, 0.8, 0.8]
						},
						"9.8667": {
							"vector": [0.8, 0.8, 0.8]
						},
						"9.9": {
							"vector": [0, 0, 0],
							"easing": "step",
							"easingArgs": [2]
						}
					}
				},
				"l_arm": {
					"rotation": {
						"0.0": {
							"vector": [0, 0, 0]
						},
						"0.8667": {
							"vector": [24.66569, -4.20854, 9.07947],
							"easing": "easeInOutElastic",
							"easingArgs": [1]
						},
						"3.1": {
							"vector": [24.67, -4.21, 9.08]
						},
						"3.3667": {
							"vector": [87.46601, -9.99152, 0.4396],
							"easing": "easeOutQuad"
						},
						"3.6333": {
							"vector": [87.47, -9.99, 0.44]
						},
						"13.1333": {
							"vector": [87.47, -9.99, 0.44]
						}
					},
					"position": {
						"0.0": {
							"vector": [0, 0, 0]
						},
						"3.1": {
							"vector": [0, 0, 0]
						},
						"3.3667": {
							"vector": [1.64985, 2.6772, -8.10243],
							"easing": "easeOutQuad"
						},
						"3.6333": {
							"vector": [1.65, 2.68, -8.1]
						},
						"13.1333": {
							"vector": [1.65, 2.68, -8.1]
						},
						"13.4333": {
							"vector": [1.65, 18.18, -12.6]
						}
					}
				},
				"r_arm": {
					"rotation": {
						"0.6": {
							"vector": [0, 0, 0]
						},
						"1.0333": {
							"vector": [-155.19659, 12.0754, 61.24184],
							"easing": "easeOutCubic"
						},
						"1.3667": {
							"vector": [-155.19659, 12.0754, 11.24184],
							"easing": "easeInElastic"
						},
						"1.6333": {
							"vector": [-155.2, 12.08, 11.24]
						},
						"1.9333": {
							"vector": [-77.34107, 40.88947, 121.96152]
						},
						"3.1": {
							"vector": [-77.34, 40.89, 121.96]
						},
						"3.3667": {
							"vector": [-212.06401, -64.7027, 230.53832]
						},
						"4.7667": {
							"vector": [-68.73047, -0.04794, -4.24033],
							"easing": "easeInOutCubic"
						},
						"4.9667": {
							"vector": [-68.73, -0.05, -4.24],
							"easing": "easeInQuad"
						},
						"5.3667": {
							"vector": [-123.73, -0.05, -4.24],
							"easing": "easeInQuad"
						},
						"5.8": {
							"vector": [-109.20712, -37.36763, 14.76263],
							"easing": "easeInQuad"
						},
						"6.0667": {
							"vector": [-77.24372, -39.46818, -5.42288],
							"easing": "easeInQuad"
						},
						"13.1333": {
							"vector": [-77.24, -39.47, -5.42]
						},
						"14.5333": {
							"vector": [-77.24, -39.47, -5.42],
							"easing": "linear"
						},
						"14.9": {
							"vector": [0, 0, 0],
							"easing": "linear"
						}
					},
					"position": {
						"0.0": {
							"vector": [0, 0, 0]
						},
						"0.6": {
							"vector": [0, 0, 0],
							"easing": "easeInQuad"
						},
						"1.6333": {
							"vector": [0, 0, 0]
						},
						"3.1": {
							"vector": [0, 0, 0]
						},
						"4.7667": {
							"vector": [0, 0, 0],
							"easing": "easeInQuad"
						},
						"4.9667": {
							"vector": [0, 0, 0],
							"easing": "easeInQuad"
						},
						"5.3667": {
							"vector": [-0.72012, 9.75822, -3.80901],
							"easing": "easeInQuad"
						},
						"5.8": {
							"vector": [-2.25946, 19.5902, -1.9947],
							"easing": "easeInQuad"
						},
						"6.0667": {
							"vector": [-1.98484, 27.85488, -4.05787],
							"easing": "easeInQuad"
						},
						"13.1333": {
							"vector": [-1.98, 27.85, -4.06]
						},
						"14.5333": {
							"vector": [-1.98, 27.85, -4.06],
							"easing": "linear"
						},
						"14.9": {
							"vector": [0, 0, 0],
							"easing": "linear"
						}
					}
				},
				"Cartridgerear": {
					"rotation": {
						"1.0333": {
							"vector": [0, 0, 0]
						},
						"1.4": {
							"vector": [126.90471, 48.42883, 132.50072]
						},
						"1.4333": {
							"vector": [184.7709, 27.67197, 320.46445]
						},
						"1.5333": {
							"vector": [310.84324, -30.23039, 125.43581]
						}
					},
					"position": {
						"1.0333": {
							"vector": [0, 0, 0]
						},
						"1.0667": {
							"vector": [-13.10886, -11.05028, -3.50701]
						},
						"1.3667": {
							"vector": [-2.62526, -27.98328, 4.20908]
						},
						"1.4": {
							"vector": [18.98793, -37.33711, -10.70173]
						},
						"1.4333": {
							"vector": [42.29937, -56.5257, -35.71601]
						},
						"1.5": {
							"vector": [61.81149, -75.84479, -62.33093]
						},
						"1.5333": {
							"vector": [77.39957, -94.8893, -89.01969]
						},
						"1.5667": {
							"vector": [95.08699, -121.21049, -124.46929]
						}
					},
					"scale": {
						"1.0333": {
							"vector": [1, 1, 1]
						},
						"1.3": {
							"vector": [0, 0, 0]
						},
						"1.3667": {
							"vector": [1, 1, 1],
							"easing": "step",
							"easingArgs": [2]
						},
						"1.5667": {
							"vector": [0, 0, 0],
							"easing": "easeInExpo"
						}
					}
				},
				"Frission": {
					"rotation": {
						"1.9333": {
							"vector": [0, 0, 0]
						},
						"1.9667": {
							"vector": [53.40486, -50.06431, -26.677]
						},
						"3.0667": {
							"vector": [53.4, -50.06, -26.68]
						},
						"3.1": {
							"vector": [-0.88266, -0.59199, 0.38264]
						}
					},
					"position": {
						"1.9333": {
							"vector": [0, 0, 0]
						},
						"1.9667": {
							"vector": [0, 0, 0]
						},
						"3.0667": {
							"vector": [0, 0, 0]
						},
						"3.1": {
							"vector": [0, 0, 0]
						}
					}
				},
				"leftarm": {
					"rotation": {
						"0.0": {
							"vector": [0, 0, 0]
						},
						"0.2": {
							"vector": [-18.44356, 3.7262, 3.34095],
							"easing": "easeInOutQuint"
						},
						"0.4": {
							"vector": [-26.25566, 3.37616, 7.48386],
							"easing": "easeInOutCirc"
						},
						"1.6": {
							"vector": [25.83, 7.01, 1.21],
							"easing": "easeInOutElastic"
						},
						"2.3": {
							"vector": [-66.92672, -36.01112, 18.21163],
							"easing": "easeInElastic"
						},
						"3.3667": {
							"vector": [-66.93, -36.01, 18.21],
							"easing": "easeInQuad"
						},
						"3.6333": {
							"vector": [-66.93, -36.01, 18.21],
							"easing": "easeInCubic"
						},
						"3.8333": {
							"vector": [-82.12067, -37.26735, 26.94947],
							"easing": "easeInOutQuad"
						},
						"4.2667": {
							"vector": [-82.12, -37.27, 26.95],
							"easing": "easeInOutQuad"
						},
						"4.5": {
							"vector": [-82.12, -37.27, 26.95],
							"easing": "easeInOutQuad"
						},
						"13.4333": {
							"vector": [-82.12, -37.27, 26.95]
						},
						"13.5": {
							"vector": [-82.12, -37.27, 26.95]
						},
						"14.0667": {
							"vector": [-58.14468, -34.38153, 13.35176]
						},
						"14.1667": {
							"vector": [-58.14, -34.38, 13.35]
						},
						"14.5333": {
							"vector": [-88.26299, -37.23218, 30.52648]
						},
						"14.9": {
							"vector": [-75.9849, -36.99461, 23.3896]
						}
					},
					"position": {
						"0.4": {
							"vector": [0, 0, 0]
						},
						"1.6": {
							"vector": [0.79, -4.46, -2.11],
							"easing": "easeInOutElastic"
						},
						"2.3": {
							"vector": [0.00311, 0.00269, 0.00309],
							"easing": "easeInElastic"
						},
						"3.3667": {
							"vector": [0, 0, 0]
						},
						"3.5667": {
							"vector": [-0.99394, -13.05901, -5.35951],
							"easing": "easeInOutQuad"
						},
						"3.6333": {
							"vector": [-0.99, -13.06, -5.36]
						},
						"3.8333": {
							"vector": [-2.62735, 1.0763, -2.9664],
							"easing": "easeInOutQuad"
						},
						"4.1667": {
							"vector": [-1.09991, -13.13974, -6.34767],
							"easing": "easeInOutQuad"
						},
						"4.2667": {
							"vector": [-1.1, -13.14, -6.35],
							"easing": "easeInOutQuad"
						},
						"4.4333": {
							"vector": [-1.1, -4.14, 0.65],
							"easing": "easeInOutQuad"
						},
						"4.5": {
							"vector": [-1.1, -4.14, 0.65],
							"easing": "easeInOutQuad"
						},
						"4.7667": {
							"vector": [0.49957, -13.20971, -26.97574],
							"easing": "easeInOutQuad"
						},
						"13.4333": {
							"vector": [0.5, -13.21, -26.98]
						},
						"13.5": {
							"vector": [0.5, -13.21, -26.98]
						},
						"13.7667": {
							"vector": [6.74717, -31.36211, -48.67617]
						},
						"14.0667": {
							"vector": [2.93016, -9.70886, -15.10035]
						},
						"14.1667": {
							"vector": [2.93, -9.71, -15.1]
						},
						"14.5333": {
							"vector": [7.84947, -35.66452, -36.98523]
						},
						"14.7667": {
							"vector": [0.43, -13.87, -20.26]
						},
						"14.9": {
							"vector": [-3.81067, -1.42234, -17.98399]
						}
					}
				},
				"FlintHammer": {
					"rotation": {
						"0.1": {
							"vector": [0, 0, 0]
						},
						"0.2": {
							"vector": [-12.47492, -1.29806, 1.14647],
							"easing": "easeInCirc"
						},
						"14.8667": {
							"vector": [-12.47, -1.3, 1.15]
						},
						"14.9": {
							"vector": [-39.58639, -6.69372, 3.933]
						}
					},
					"position": {
						"vector": [0, 0, 0]
					}
				},
				"RamRod": {
					"rotation": {
						"6.4": {
							"vector": [0, 0, 0]
						},
						"6.8333": {
							"vector": [0, 0, 0],
							"easing": "easeInOutCubic"
						},
						"7.2333": {
							"vector": [0, 0, 0],
							"easing": "easeInOutCubic"
						},
						"7.5": {
							"vector": [0, 0, 0],
							"easing": "easeInOutCubic"
						},
						"7.8667": {
							"vector": [0, 0, 0],
							"easing": "easeInOutCubic"
						},
						"8.0333": {
							"vector": [0, 180, 0],
							"easing": "easeInOutCubic"
						},
						"11.2": {
							"vector": [0, 180, 0],
							"easing": "easeInOutCubic"
						},
						"11.5": {
							"vector": [0, 180, 0],
							"easing": "easeInOutCubic"
						},
						"11.7": {
							"vector": [0, 0, 0],
							"easing": "easeInOutCubic"
						}
					},
					"position": {
						"6.4": {
							"vector": [0, 0, 0]
						},
						"6.6667": {
							"vector": [0, 0, -55],
							"easing": "easeInOutQuad"
						},
						"6.8333": {
							"vector": [0, 0, -55],
							"easing": "easeInOutQuad"
						},
						"7.1": {
							"vector": [0, 0, -97.5],
							"easing": "easeInOutQuad"
						},
						"7.2333": {
							"vector": [0, 0, -97.5],
							"easing": "easeInOutQuad"
						},
						"7.5": {
							"vector": [-1, 1.5, -132.5],
							"easing": "easeInOutQuad"
						},
						"7.6667": {
							"vector": [-6.5, 2, -132.5],
							"easing": "easeInOutQuad"
						},
						"7.8667": {
							"vector": [-6.5, 2.5, -85.5],
							"easing": "easeInOutQuad"
						},
						"7.9667": {
							"vector": [-6.5, 2.16, -73.8],
							"easing": "easeInOutCubic"
						},
						"8.0333": {
							"vector": [-6.5, 2, -95.5],
							"easing": "easeInOutQuad"
						},
						"8.4": {
							"vector": [-6.5, 2, -126.5],
							"easing": "easeInOutQuad"
						},
						"8.7": {
							"vector": [0, 2, -126.5],
							"easing": "easeInOutQuad"
						},
						"8.9": {
							"vector": [0, 2, -93.5],
							"easing": "easeInOutQuad"
						},
						"9.1667": {
							"vector": [0, 2, -93.5],
							"easing": "easeInOutQuad"
						},
						"9.3333": {
							"vector": [0, 2, -38.5],
							"easing": "easeInOutQuad"
						},
						"9.5333": {
							"vector": [0, 2, -38.5],
							"easing": "easeInOutQuad"
						},
						"9.7": {
							"vector": [0, 2, -10],
							"easing": "easeInOutQuad"
						},
						"9.8333": {
							"vector": [0, 2, -18],
							"easing": "easeInOutQuad"
						},
						"9.9667": {
							"vector": [0, 2, -12],
							"easing": "easeInOutQuad"
						},
						"10.1": {
							"vector": [0, 2, -12],
							"easing": "easeInOutQuad"
						},
						"10.3667": {
							"vector": [0, 2, -49.5],
							"easing": "easeInOutQuad"
						},
						"10.5333": {
							"vector": [0, 2, -49.5],
							"easing": "easeInOutQuad"
						},
						"10.8": {
							"vector": [0, 2, -92],
							"easing": "easeInOutQuad"
						},
						"10.9333": {
							"vector": [0, 2, -92],
							"easing": "easeInOutQuad"
						},
						"11.2": {
							"vector": [0, 2, -131.5],
							"easing": "easeInOutQuad"
						},
						"11.3667": {
							"vector": [-5, -1, -131.5],
							"easing": "easeInOutQuad"
						},
						"11.5": {
							"vector": [-5, -1, -96.5],
							"easing": "easeInOutQuad"
						},
						"11.6": {
							"vector": [-5, -1, -66],
							"easing": "easeInOutCubic"
						},
						"11.7": {
							"vector": [-5, -1, -80.5],
							"easing": "easeInOutQuad"
						},
						"11.9": {
							"vector": [-5, -1, -130],
							"easing": "easeInOutQuad"
						},
						"12.1": {
							"vector": [-0.52258, -0.05342, -119.93007],
							"easing": "easeInOutQuad"
						},
						"12.3": {
							"vector": [-0.52, -0.05, -72.93],
							"easing": "easeInOutQuad"
						},
						"12.5333": {
							"vector": [-0.52, -0.05, -73.43],
							"easing": "easeInOutQuad"
						},
						"12.7333": {
							"vector": [-0.52, -0.05, -30.93],
							"easing": "easeInOutQuad"
						},
						"12.9667": {
							"vector": [-0.52, -0.05, -30.93],
							"easing": "easeInOutQuad"
						},
						"13.1333": {
							"vector": [0, 0, 0],
							"easing": "easeInOutQuad"
						}
					}
				},
				"muzzleflash": {
					"position": {
						"vector": [0, 2, -63]
					}
				},
				"Powder1": {
					"rotation": {
						"vector": [0, 0, 0]
					},
					"position": {
						"2.2333": {
							"vector": [0, 0, 0]
						},
						"3.0667": {
							"vector": [0, 0.15, 0]
						}
					}
				}
			},
			"sound_effects": {
				"0.0": {
					"effect": "gom_musket_reload_ambient_rattle"
				}
			}
		},
		"animation.model.preparefire": {
			"animation_length": 0.1667,
			"bones": {
				"FlintHammer": {
					"rotation": {
						"0.0": {
							"vector": [0, 0, 0]
						},
						"0.0417": {
							"vector": [45, 0, 0]
						}
					},
					"position": {
						"vector": [0, 0, 0]
					}
				},
				"Frission": {
					"rotation": {
						"0.0417": {
							"vector": [0, 0, 0]
						},
						"0.0833": {
							"vector": [59.12537, -48.20277, -28.47607]
						}
					},
					"position": {
						"vector": [0, 0, 0]
					}
				},
				"rightarm": {
					"relative_to": {
						"rotation": "entity"
					},
					"rotation": [0, 0, 0.01]
				}
			},
			"sound_effects": {
				"0.0417": {
					"effect": "gom_musket_prepare"
				}
			}
		},
		"animation.model.draw": {
			"loop": true,
			"animation_length": 1,
			"bones": {
				"main": {
					"rotation": {
						"0.0": {
							"vector": [32.09413, -54.38778, -8.29667]
						},
						"0.35": {
							"vector": [0.50518, -5.08075, 6.8716]
						},
						"0.5": {
							"vector": [0.32389, -0.60235, -2.1558]
						},
						"0.6": {
							"vector": [0, 0, 0]
						}
					},
					"position": {
						"0.0": {
							"vector": [0, -17.3, 0]
						},
						"0.25": {
							"vector": [-0.4, -2.525, -1.625]
						},
						"0.4": {
							"vector": [-0.05, 0, -2.49]
						},
						"0.55": {
							"vector": [0, 0, 0]
						}
					}
				},
				"leftarm": {
					"rotation": {
						"0.0": {
							"vector": [0, 0, 0]
						},
						"0.2": {
							"vector": [1, 0, -22]
						},
						"0.4": {
							"vector": [0, 0, 0]
						}
					},
					"position": {
						"0.0": {
							"vector": [0, 0, 0]
						},
						"0.2": {
							"vector": [3.53901, 3.6754, 5.59783]
						},
						"0.4": {
							"vector": [0, 0, 0]
						}
					}
				}
			},
			"sound_effects": {
				"0.0": {
					"effect": "gom_musket_handling_draw"
				}
			}
		},
		"animation.model.inspect": {
			"loop": true,
			"animation_length": 4.2667,
			"bones": {
				"main": {
					"rotation": {
						"0.0": {
							"vector": [0, 0, 0]
						},
						"0.1667": {
							"vector": [-8.41746, -13.59608, -21.21259]
						},
						"0.3": {
							"vector": [-8.39812, -20.10111, -31.77688]
						},
						"0.4333": {
							"vector": [-9.55676, -20.88889, -28.55629]
						},
						"0.5333": {
							"vector": [-8.77652, -21.21647, -30.72851]
						},
						"0.7667": {
							"vector": [-9.4227, -20.94881, -28.93303]
						},
						"1.0": {
							"vector": [-3.1216, -20.98207, -46.44405]
						},
						"1.1333": {
							"vector": [-4.564, -20.73064, -42.44007]
						},
						"1.2333": {
							"vector": [-4.86325, -20.9153, -41.60203]
						},
						"1.3333": {
							"vector": [-4.58308, -20.97575, -42.38574]
						},
						"1.4667": {
							"vector": [-4.01131, -21.08802, -43.97908]
						},
						"1.6": {
							"vector": [-4.38767, -21.01662, -42.9316]
						},
						"1.7": {
							"vector": [-4.18847, -21.05622, -43.48691]
						},
						"2.0333": {
							"vector": [-16.91438, 5.38499, 54.40399]
						},
						"2.1667": {
							"vector": [-15.22513, 5.80082, 60.04554]
						},
						"2.3": {
							"vector": [-15.70981, 5.86025, 59.48558]
						},
						"2.4333": {
							"vector": [-15.93602, 7.03904, 62.69373]
						},
						"2.5667": {
							"vector": [-15.60896, 7.75082, 65.23442]
						},
						"2.7333": {
							"vector": [-15.71675, 7.52491, 64.42194]
						},
						"2.9": {
							"vector": [-15.56389, 7.84019, 65.55973]
						},
						"3.1": {
							"vector": [-15.61778, 7.73186, 65.16659]
						},
						"3.2667": {
							"vector": [-15.9801, 6.93689, 62.33342]
						},
						"3.4": {
							"vector": [-8.86998, 2.42135, 33.56191]
						},
						"3.5333": {
							"vector": [0, -1.75, -2.75]
						},
						"3.7": {
							"vector": [0, 0, 0]
						}
					},
					"position": {
						"0.0": {
							"vector": [0, 0, 0]
						},
						"0.3": {
							"vector": [-0.475, 1.475, -8.7]
						},
						"0.4": {
							"vector": [-0.195, 1, -7.7]
						},
						"0.5333": {
							"vector": [-0.03, 0.725, -7.7]
						},
						"0.7": {
							"vector": [0, 1.125, -7.7]
						},
						"0.9": {
							"vector": [0.125, 1.4, -8.275]
						},
						"1.2": {
							"vector": [-0.02, 1.475, -8]
						},
						"1.4": {
							"vector": [0.11, 1.425, -8.175]
						},
						"1.6667": {
							"vector": [0.275, 1.25, -7.975]
						},
						"1.8": {
							"vector": [-0.13, -1.19, -8.65]
						},
						"1.9667": {
							"vector": [-0.545, -1.325, -11.15]
						},
						"2.1333": {
							"vector": [-0.415, -1.395, -10.545]
						},
						"2.2667": {
							"vector": [-0.525, -1.455, -9.17]
						},
						"2.4": {
							"vector": [-0.49, -1.43, -9.85]
						},
						"2.5667": {
							"vector": [-0.455, -1.5, -9.24]
						},
						"2.7667": {
							"vector": [-0.53, -1.5, -9.27]
						},
						"3.0": {
							"vector": [-0.49, -1.41, -9.3]
						},
						"3.2333": {
							"vector": [-0.545, -1.325, -9.325]
						},
						"3.3667": {
							"vector": [-1.005, -0.61, -7.41]
						},
						"3.6333": {
							"vector": [0, 0, 0]
						}
					}
				},
				"leftarm": {
					"rotation": {
						"0.0": {
							"vector": [0, 0, 0]
						},
						"0.1667": {
							"vector": [0, 0, -2.5]
						},
						"1.7333": {
							"vector": [0, 0, -2.5]
						},
						"2.0333": {
							"vector": [-20, 0, -45]
						},
						"3.3": {
							"vector": [-20, 0, -45]
						},
						"3.5667": {
							"vector": [0, 0, 0]
						}
					},
					"position": {
						"0.0": {
							"vector": [0, 0, 0]
						},
						"0.1667": {
							"vector": [11.23986, -30.20851, 24.64864]
						},
						"1.7333": {
							"vector": [11.23986, -30.20851, 24.64864]
						},
						"2.0333": {
							"vector": [7.35, 6.25, 2.33]
						},
						"3.3": {
							"vector": [7.35, 6.25, 2.33]
						},
						"3.5667": {
							"vector": [0, 0, 0]
						}
					}
				}
			}
		}
	},
	"geckolib_format_version": 2
}