{
  "name" : "henrymartini",
  "type": "Gun",
  "compatibleAttachments": [
    "1913telescopic",
    "ppco"
  ],
  "compatibleAttachmentGroups": [
    "snipers_sights_trauma",
    "snipers_longscopes_trauma"
  ],
  "features": [
    {
        "type": "Aiming",
        "zoom": 0.4,
        "condition": {
          "doesNotHaveAttachmentGroup": "snipers_sights_trauma"
        }
    }
  ],
  "maxAmmoCapacity" : 1,
  "maxAmmoPerReloadIteration" : 1,
  "compatibleAmmo" : ["ammocreative", "577_450_martini"],
  "damage" : 37.5,
  "rpm" : 32,
  "fireModes" : ["SINGLE"],
  "fireSound" : "henrymartinifire",
  "drawCooldownDuration" : 800,
  "aimingZoom" : 0.4,
  "gunRecoilInitialAmplitude" : 1.3,
  "shakeRecoilAmplitude" : 0.8,
  "shakeRecoilSpeed" : 2,
  "viewRecoilAmplitude" : 8,
  "inspectCooldownDuration": 3700,
  "muzzleFlashScale" : 2,
  "phasedReloads": [
    {
      "phase": "RELOADING",
      "condition": "reloadIterationIndex == 0",
      "duration": 1830,
      "animation": "animation.model.reload",
      "shakeEffects": [
        {
          "start": 0,
          "duration": 1500,
          "initialAmplitude": 0.2,
          "rateOfAmplitudeDecay": 0.8
        },
        {
          "start": 250,
          "duration": 1000,
          "initialAmplitude": 0.2,
          "rateOfAmplitudeDecay": 0.5
        },
        {
          "start": 800,
          "duration": 1000,
          "initialAmplitude": 0.15,
          "rateOfAmplitudeDecay": 0.5
        },
        {
          "start": 1100,
          "duration": 600,
          "initialAmplitude": 0.2,
          "rateOfAmplitudeDecay": 0.3
        },
        {
          "start": 1600,
          "duration": 400,
          "initialAmplitude": 0.35,
          "rateOfAmplitudeDecay": 0.3
        }
      ]
    }
  ],
  "effects": [
        {
                   "phase": "hit_scan_acquired",
                   "name": "tracerminigun"
        },
        {
                   "phase": "firing",
                   "name": "muzzle_flash"
        }
  ]
}