{
	"format_version": "1.12.0",
	"minecraft:geometry": [
		{
			"description": {
				"identifier": "geometry.unknown",
				"texture_width": 128,
				"texture_height": 128,
				"visible_bounds_width": 8,
				"visible_bounds_height": 4,
				"visible_bounds_offset": [0, 1, 0]
			},
			"bones": [
				{
					"name": "main",
					"pivot": [0, 20, 0]
				},
				{
					"name": "metal",
					"parent": "main",
					"pivot": [0, 20, 0],
					"cubes": [
						{
							"origin": [-9.75, 28.25, -7.25],
							"size": [1.5, 7, 3],
							"uv": {
								"north": {"uv": [30, 59], "uv_size": [2, 7]},
								"east": {"uv": [36, 50], "uv_size": [3, 7]},
								"south": {"uv": [32, 59], "uv_size": [2, 7]},
								"west": {"uv": [20, 57], "uv_size": [3, 7]},
								"up": {"uv": [18, 60], "uv_size": [2, 3]},
								"down": {"uv": [40, 63], "uv_size": [2, -3]}
							}
						},
						{
							"origin": [-9.75, 28.25, -11.25],
							"size": [1.5, 7, 4],
							"uv": {
								"north": {"uv": [57, 53], "uv_size": [2, 7]},
								"east": {"uv": [20, 50], "uv_size": [4, 7]},
								"south": {"uv": [28, 59], "uv_size": [2, 7]},
								"west": {"uv": [24, 50], "uv_size": [4, 7]},
								"up": {"uv": [12, 60], "uv_size": [2, 4]},
								"down": {"uv": [14, 64], "uv_size": [2, -4]}
							}
						},
						{
							"origin": [18.5, 28.25, -6.375],
							"size": [1.5, 7, 4],
							"pivot": [0, 20, 0],
							"rotation": [0, 180, 0],
							"uv": {
								"north": {"uv": [57, 53], "uv_size": [2, 7]},
								"east": {"uv": [20, 50], "uv_size": [4, 7]},
								"south": {"uv": [28, 59], "uv_size": [2, 7]},
								"west": {"uv": [24, 50], "uv_size": [4, 7]},
								"up": {"uv": [12, 60], "uv_size": [2, 4]},
								"down": {"uv": [14, 64], "uv_size": [2, -4]}
							}
						},
						{
							"origin": [18.125, 28.25, -5.25],
							"size": [2.125, 7.25, 1.5],
							"pivot": [0, 20, 0],
							"rotation": [0, 180, 0],
							"uv": {
								"north": {"uv": [57, 53], "uv_size": [2, 7]},
								"east": {"uv": [20, 50], "uv_size": [4, 7]},
								"south": {"uv": [28, 59], "uv_size": [2, 7]},
								"west": {"uv": [24, 50], "uv_size": [4, 7]},
								"up": {"uv": [12, 60], "uv_size": [2, 4]},
								"down": {"uv": [14, 64], "uv_size": [2, -4]}
							}
						},
						{
							"origin": [-30.75, 28.25, -7.25],
							"size": [1.5, 7, 3],
							"uv": {
								"north": {"uv": [34, 59], "uv_size": [2, 7]},
								"east": {"uv": [23, 57], "uv_size": [3, 7]},
								"south": {"uv": [59, 46], "uv_size": [2, 7]},
								"west": {"uv": [36, 57], "uv_size": [3, 7]},
								"up": {"uv": [42, 60], "uv_size": [2, 3]},
								"down": {"uv": [44, 63], "uv_size": [2, -3]}
							}
						},
						{
							"origin": [-30.75, 28.25, -11.25],
							"size": [1.5, 7, 4],
							"uv": {
								"north": {"uv": [26, 57], "uv_size": [2, 7]},
								"east": {"uv": [12, 50], "uv_size": [4, 7]},
								"south": {"uv": [57, 46], "uv_size": [2, 7]},
								"west": {"uv": [16, 50], "uv_size": [4, 7]},
								"up": {"uv": [59, 53], "uv_size": [2, 4]},
								"down": {"uv": [59, 61], "uv_size": [2, -4]}
							}
						},
						{
							"origin": [1, 27.625, -6.625],
							"size": [1, 3, 8],
							"uv": {
								"north": {"uv": [58, 60], "uv_size": [1, 3]},
								"east": {"uv": [28, 50], "uv_size": [8, 3]},
								"south": {"uv": [46, 61], "uv_size": [1, 3]},
								"west": {"uv": [28, 53], "uv_size": [8, 3]},
								"up": {"uv": [39, 50], "uv_size": [1, 8]},
								"down": {"uv": [39, 66], "uv_size": [1, -8]}
							}
						},
						{
							"origin": [-40, 27.625, -6.625],
							"size": [1, 3, 8],
							"uv": {
								"north": {"uv": [61, 46], "uv_size": [1, 3]},
								"east": {"uv": [28, 56], "uv_size": [8, 3]},
								"south": {"uv": [47, 61], "uv_size": [1, 3]},
								"west": {"uv": [12, 57], "uv_size": [8, 3]},
								"up": {"uv": [16, 60], "uv_size": [1, 8]},
								"down": {"uv": [17, 68], "uv_size": [1, -8]}
							}
						}
					]
				},
				{
					"name": "wood",
					"parent": "main",
					"pivot": [0, 20, 0],
					"cubes": [
						{
							"origin": [-39, 23, -11],
							"size": [40, 11, 17],
							"uv": {
								"north": {"uv": [40, 16], "uv_size": [40, 11]},
								"east": {"uv": [40, 38], "uv_size": [17, 11]},
								"south": {"uv": [40, 27], "uv_size": [40, 11]},
								"west": {"uv": [40, 49], "uv_size": [17, 11]},
								"up": {"uv": [0, 0], "uv_size": [40, 17]},
								"down": {"uv": [0, 34], "uv_size": [40, -17]}
							}
						},
						{
							"origin": [-6, 35, -10.625],
							"size": [3, 0.875, 16],
							"uv": {
								"north": {"uv": [52, 60], "uv_size": [3, 1]},
								"east": {"uv": [57, 42], "uv_size": [16, 1]},
								"south": {"uv": [55, 60], "uv_size": [3, 1]},
								"west": {"uv": [57, 43], "uv_size": [16, 1]},
								"up": {"uv": [6, 50], "uv_size": [3, 16]},
								"down": {"uv": [9, 66], "uv_size": [3, -16]}
							}
						},
						{
							"origin": [-39, 34, -10.75],
							"size": [40, 1, 16.375],
							"uv": {
								"north": {"uv": [57, 38], "uv_size": [40, 1]},
								"east": {"uv": [57, 44], "uv_size": [16, 1]},
								"south": {"uv": [57, 39], "uv_size": [40, 1]},
								"west": {"uv": [57, 45], "uv_size": [16, 1]},
								"up": {"uv": [0, 34], "uv_size": [40, 16]},
								"down": {"uv": [40, 16], "uv_size": [40, -16]}
							}
						},
						{
							"origin": [-36, 35, -10.625],
							"size": [3, 0.875, 16],
							"uv": {
								"north": {"uv": [46, 60], "uv_size": [3, 1]},
								"east": {"uv": [57, 40], "uv_size": [16, 1]},
								"south": {"uv": [49, 60], "uv_size": [3, 1]},
								"west": {"uv": [57, 41], "uv_size": [16, 1]},
								"up": {"uv": [0, 50], "uv_size": [3, 16]},
								"down": {"uv": [3, 66], "uv_size": [3, -16]}
							}
						}
					]
				}
			]
		}
	]
}