{
	"format_version": "1.12.0",
	"minecraft:geometry": [
		{
			"description": {
				"identifier": "geometry.unknown",
				"texture_width": 32,
				"texture_height": 32,
				"visible_bounds_width": 2,
				"visible_bounds_height": 3.5,
				"visible_bounds_offset": [0, 1.25, 0]
			},
			"bones": [
				{
					"name": "Main",
					"pivot": [0, 0, 0]
				},
				{
					"name": "structure",
					"parent": "Main",
					"pivot": [0.5, 25.375, -14.625],
					"cubes": [
						{
							"origin": [1, 24.625, -17],
							"size": [0.5, 1.8125, 6.5],
							"uv": {
								"north": {"uv": [7, 18], "uv_size": [1, 2]},
								"east": {"uv": [8, 0], "uv_size": [7, 2]},
								"south": {"uv": [22, 16], "uv_size": [1, 2]},
								"west": {"uv": [8, 2], "uv_size": [7, 2]},
								"up": {"uv": [3, 14], "uv_size": [1, 7]},
								"down": {"uv": [4, 21], "uv_size": [1, -7]}
							}
						},
						{
							"origin": [1.4375, 25.3125, -11.875],
							"size": [0.5, 1.0625, 4],
							"pivot": [1.9375, 25.84375, -9.25],
							"rotation": [0, 10, 0],
							"uv": {
								"north": {"uv": [0, 28], "uv_size": [1, 1]},
								"east": {"uv": [21, 6], "uv_size": [4, 1]},
								"south": {"uv": [28, 0], "uv_size": [1, 1]},
								"west": {"uv": [21, 9], "uv_size": [4, 1]},
								"up": {"uv": [21, 10], "uv_size": [1, 4]},
								"down": {"uv": [13, 25], "uv_size": [1, -4]}
							}
						},
						{
							"origin": [1.6875, 25.8125, -7.4375],
							"size": [0.5, 0.5625, 2.125],
							"uv": {
								"north": {"uv": [10, 28], "uv_size": [1, 1]},
								"east": {"uv": [1, 25], "uv_size": [2, 1]},
								"south": {"uv": [28, 10], "uv_size": [1, 1]},
								"west": {"uv": [25, 2], "uv_size": [2, 1]},
								"up": {"uv": [3, 25], "uv_size": [1, 2]},
								"down": {"uv": [4, 27], "uv_size": [1, -2]}
							}
						},
						{
							"origin": [0.9375, 25.8125, -9],
							"size": [0.75, 0.5625, 1.125],
							"uv": {
								"north": {"uv": [21, 28], "uv_size": [1, 1]},
								"east": {"uv": [28, 21], "uv_size": [1, 1]},
								"south": {"uv": [22, 28], "uv_size": [1, 1]},
								"west": {"uv": [28, 22], "uv_size": [1, 1]},
								"up": {"uv": [25, 29], "uv_size": [1, 1]},
								"down": {"uv": [28, 24], "uv_size": [1, -1]}
							}
						},
						{
							"origin": [0.9375, 26.375, -9],
							"size": [0.5625, 0.5625, 1.125],
							"uv": {
								"north": {"uv": [21.8125, 28.1875], "uv_size": [1, 1]},
								"east": {"uv": [28, 24], "uv_size": [1, 1]},
								"south": {"uv": [25, 28], "uv_size": [1, 1]},
								"west": {"uv": [28, 25], "uv_size": [1, 1]},
								"up": {"uv": [26, 28], "uv_size": [1, 1]},
								"down": {"uv": [28, 27], "uv_size": [1, -1]}
							}
						},
						{
							"origin": [0.375, 26.625, -9.375],
							"size": [0.5, 1.8125, 1.8125],
							"uv": {
								"north": {"uv": [8, 25], "uv_size": [1, 2]},
								"east": {"uv": [14, 21], "uv_size": [2, 2]},
								"south": {"uv": [25, 8], "uv_size": [1, 2]},
								"west": {"uv": [21, 14], "uv_size": [2, 2]},
								"up": {"uv": [9, 25], "uv_size": [1, 2]},
								"down": {"uv": [10, 27], "uv_size": [1, -2]}
							}
						},
						{
							"origin": [0.875, 26.9375, -9.0625],
							"size": [1.4375, 1.125, 1.125],
							"uv": {
								"north": {"uv": [29, 1], "uv_size": [1, 1]},
								"east": {"uv": [2, 29], "uv_size": [1, 1]},
								"south": {"uv": [29, 2], "uv_size": [1, 1]},
								"west": {"uv": [3, 29], "uv_size": [1, 1]},
								"up": {"uv": [29, 3], "uv_size": [1, 1]},
								"down": {"uv": [4, 30], "uv_size": [1, -1]}
							}
						},
						{
							"origin": [1, 27.0625, -8.9375],
							"size": [1.375, 0.875, 0.9375],
							"uv": {
								"north": {"uv": [29, 4], "uv_size": [1, 1]},
								"east": {"uv": [5, 29], "uv_size": [1, 1]},
								"south": {"uv": [29, 5], "uv_size": [1, 1]},
								"west": {"uv": [6, 29], "uv_size": [1, 1]},
								"up": {"uv": [29, 6], "uv_size": [1, 1]},
								"down": {"uv": [7, 30], "uv_size": [1, -1]}
							}
						},
						{
							"origin": [0.3125, 27.125, -8.875],
							"size": [0.5625, 0.8125, 0.8125],
							"uv": {
								"north": {"uv": [27, 28], "uv_size": [1, 1]},
								"east": {"uv": [28, 27], "uv_size": [1, 1]},
								"south": {"uv": [28, 28], "uv_size": [1, 1]},
								"west": {"uv": [0, 29], "uv_size": [1, 1]},
								"up": {"uv": [29, 0], "uv_size": [1, 1]},
								"down": {"uv": [1, 30], "uv_size": [1, -1]}
							}
						},
						{
							"origin": [1.6875, 25.5625, -7.5625],
							"size": [0.5, 0.5625, 2.1875],
							"pivot": [1.9375, 25.84375, -6.4375],
							"rotation": [13.1, 0, 0],
							"uv": {
								"north": {"uv": [17, 28], "uv_size": [1, 1]},
								"east": {"uv": [25, 3], "uv_size": [2, 1]},
								"south": {"uv": [28, 17], "uv_size": [1, 1]},
								"west": {"uv": [5, 25], "uv_size": [2, 1]},
								"up": {"uv": [25, 6], "uv_size": [1, 2]},
								"down": {"uv": [7, 27], "uv_size": [1, -2]}
							}
						},
						{
							"origin": [1.6875, 25.3125, -7.9375],
							"size": [0.5, 0.5625, 0.47],
							"uv": {
								"north": {"uv": [14, 28], "uv_size": [1, 1]},
								"east": {"uv": [28, 14], "uv_size": [1, 1]},
								"south": {"uv": [15, 28], "uv_size": [1, 1]},
								"west": {"uv": [28, 15], "uv_size": [1, 1]},
								"up": {"uv": [16, 28], "uv_size": [1, 1]},
								"down": {"uv": [28, 17], "uv_size": [1, -1]}
							}
						},
						{
							"origin": [1.6875, 25.875, -7.9375],
							"size": [0.5, 0.5, 0.5],
							"uv": {
								"north": {"uv": [18, 28], "uv_size": [1, 1]},
								"east": {"uv": [28, 18], "uv_size": [1, 1]},
								"south": {"uv": [19, 28], "uv_size": [1, 1]},
								"west": {"uv": [28, 19], "uv_size": [1, 1]},
								"up": {"uv": [20, 28], "uv_size": [1, 1]},
								"down": {"uv": [28, 21], "uv_size": [1, -1]}
							}
						},
						{
							"origin": [1.6875, 26.2675, -5],
							"size": [0.5, 0.125, 0.1875],
							"pivot": [1.9375, 25.84375, -5.1875],
							"rotation": [45, 0, 0],
							"uv": {
								"north": {"uv": [11, 28], "uv_size": [1, 1]},
								"east": {"uv": [28, 11], "uv_size": [1, 1]},
								"south": {"uv": [12, 28], "uv_size": [1, 1]},
								"west": {"uv": [28, 12], "uv_size": [1, 1]},
								"up": {"uv": [13, 28], "uv_size": [1, 1]},
								"down": {"uv": [28, 14], "uv_size": [1, -1]}
							}
						},
						{
							"origin": [1.5, 24.625, -15.125],
							"size": [0.375, 1.75, 0.6875],
							"uv": {
								"north": {"uv": [24, 19], "uv_size": [1, 2]},
								"east": {"uv": [20, 24], "uv_size": [1, 2]},
								"south": {"uv": [21, 24], "uv_size": [1, 2]},
								"west": {"uv": [22, 24], "uv_size": [1, 2]},
								"up": {"uv": [27, 22], "uv_size": [1, 1]},
								"down": {"uv": [23, 28], "uv_size": [1, -1]}
							}
						},
						{
							"origin": [1, 28.0625, -9.125],
							"size": [3.375, 2.6875, 1.1875],
							"uv": {
								"north": {"uv": [5, 10], "uv_size": [3, 3]},
								"east": {"uv": [16, 21], "uv_size": [1, 3]},
								"south": {"uv": [10, 8], "uv_size": [3, 3]},
								"west": {"uv": [21, 16], "uv_size": [1, 3]},
								"up": {"uv": [17, 21], "uv_size": [3, 1]},
								"down": {"uv": [20, 22], "uv_size": [3, -1]}
							}
						},
						{
							"origin": [1, 27.5625, -8.5],
							"size": [3.375, 0.5, 0.5625],
							"uv": {
								"north": {"uv": [22, 10], "uv_size": [3, 1]},
								"east": {"uv": [29, 7], "uv_size": [1, 1]},
								"south": {"uv": [22, 11], "uv_size": [3, 1]},
								"west": {"uv": [8, 29], "uv_size": [1, 1]},
								"up": {"uv": [22, 12], "uv_size": [3, 1]},
								"down": {"uv": [22, 14], "uv_size": [3, -1]}
							}
						},
						{
							"origin": [1, 26.875, -7.9375],
							"size": [3.375, 3.875, 4.9375],
							"uv": {
								"north": {"uv": [0, 8], "uv_size": [3, 4]},
								"east": {"uv": [0, 0], "uv_size": [5, 4]},
								"south": {"uv": [8, 4], "uv_size": [3, 4]},
								"west": {"uv": [0, 4], "uv_size": [5, 4]},
								"up": {"uv": [5, 0], "uv_size": [3, 5]},
								"down": {"uv": [5, 10], "uv_size": [3, -5]}
							}
						},
						{
							"origin": [1.7135, 30.75, -9.125],
							"size": [1.9375, 0.192, 6.125],
							"uv": {
								"north": {"uv": [12, 25], "uv_size": [2, 1]},
								"east": {"uv": [16, 7], "uv_size": [6, 1]},
								"south": {"uv": [25, 12], "uv_size": [2, 1]},
								"west": {"uv": [16, 8], "uv_size": [6, 1]},
								"up": {"uv": [3, 8], "uv_size": [2, 6]},
								"down": {"uv": [8, 14], "uv_size": [2, -6]}
							}
						},
						{
							"origin": [1.02, 27.3125, -8.8125],
							"size": [3.35, 0.75, 1.6875],
							"pivot": [1, 28.0625, -8.0625],
							"rotation": [-45, 0, 0],
							"uv": {
								"north": {"uv": [22, 7], "uv_size": [3, 1]},
								"east": {"uv": [25, 10], "uv_size": [2, 1]},
								"south": {"uv": [22, 8], "uv_size": [3, 1]},
								"west": {"uv": [25, 11], "uv_size": [2, 1]},
								"up": {"uv": [0, 15], "uv_size": [3, 2]},
								"down": {"uv": [5, 18], "uv_size": [3, -2]}
							}
						},
						{
							"origin": [1.6875, 25.8125, -5.3125],
							"size": [1.25, 0.6875, 1.25],
							"uv": {
								"north": {"uv": [1, 28], "uv_size": [1, 1]},
								"east": {"uv": [28, 1], "uv_size": [1, 1]},
								"south": {"uv": [2, 28], "uv_size": [1, 1]},
								"west": {"uv": [28, 2], "uv_size": [1, 1]},
								"up": {"uv": [3, 28], "uv_size": [1, 1]},
								"down": {"uv": [28, 4], "uv_size": [1, -1]}
							}
						},
						{
							"origin": [1.75, 26.5, -5.25],
							"size": [1.125, 0.375, 1.125],
							"uv": {
								"north": {"uv": [7, 28], "uv_size": [1, 1]},
								"east": {"uv": [28, 7], "uv_size": [1, 1]},
								"south": {"uv": [8, 28], "uv_size": [1, 1]},
								"west": {"uv": [28, 8], "uv_size": [1, 1]},
								"up": {"uv": [9, 28], "uv_size": [1, 1]},
								"down": {"uv": [28, 10], "uv_size": [1, -1]}
							}
						},
						{
							"origin": [1.875, 25.5625, -5.125],
							"size": [0.875, 1.3125, 0.875],
							"uv": {
								"north": {"uv": [4, 28], "uv_size": [1, 1]},
								"east": {"uv": [28, 4], "uv_size": [1, 1]},
								"south": {"uv": [5, 28], "uv_size": [1, 1]},
								"west": {"uv": [28, 5], "uv_size": [1, 1]},
								"up": {"uv": [6, 28], "uv_size": [1, 1]},
								"down": {"uv": [28, 7], "uv_size": [1, -1]}
							}
						},
						{
							"origin": [1.375, 28.625, -11.375],
							"size": [1.875, 1.875, 2.25],
							"pivot": [0.875, 27.75, -13.25],
							"rotation": [0, 0, 5],
							"uv": {
								"north": {"uv": [17, 4], "uv_size": [2, 2]},
								"east": {"uv": [17, 9], "uv_size": [2, 2]},
								"south": {"uv": [17, 11], "uv_size": [2, 2]},
								"west": {"uv": [17, 13], "uv_size": [2, 2]},
								"up": {"uv": [17, 15], "uv_size": [2, 2]},
								"down": {"uv": [17, 19], "uv_size": [2, -2]}
							}
						},
						{
							"origin": [1.625, 30.45, -11.1875],
							"size": [1.375, 0.0625, 1.8125],
							"pivot": [0.875, 27.8125, -13.25],
							"rotation": [0, 0, 5],
							"uv": {
								"north": {"uv": [17, 4], "uv_size": [2, 2]},
								"east": {"uv": [17, 9], "uv_size": [2, 2]},
								"south": {"uv": [17, 11], "uv_size": [2, 2]},
								"west": {"uv": [17, 13], "uv_size": [2, 2]},
								"up": {"uv": [23, 28], "uv_size": [2, 2]},
								"down": {"uv": [17, 19], "uv_size": [2, -2]}
							}
						},
						{
							"origin": [1.5, 25.3125, -14.1875],
							"size": [0.875, 2.6875, 2.6875],
							"uv": {
								"north": {"uv": [0, 22], "uv_size": [1, 3]},
								"east": {"uv": [13, 13], "uv_size": [3, 3]},
								"south": {"uv": [1, 22], "uv_size": [1, 3]},
								"west": {"uv": [14, 4], "uv_size": [3, 3]},
								"up": {"uv": [5, 22], "uv_size": [1, 3]},
								"down": {"uv": [6, 25], "uv_size": [1, -3]}
							}
						},
						{
							"origin": [2.625, 25.8125, -12.9375],
							"size": [0.25, 0.4375, 0.1875],
							"pivot": [2.78125, 26.65625, -12.84375],
							"rotation": [20, 0, 0],
							"uv": {
								"north": {"uv": [27, 1], "uv_size": [1, 1]},
								"east": {"uv": [2, 27], "uv_size": [1, 1]},
								"south": {"uv": [27, 2], "uv_size": [1, 1]},
								"west": {"uv": [3, 27], "uv_size": [1, 1]},
								"up": {"uv": [27, 3], "uv_size": [1, 1]},
								"down": {"uv": [4, 28], "uv_size": [1, -1]}
							}
						},
						{
							"origin": [2.625, 27.0625, -12.9375],
							"size": [0.25, 0.4375, 0.1875],
							"pivot": [2.78125, 26.65625, -12.84375],
							"rotation": [20, 0, 0],
							"uv": {
								"north": {"uv": [27, 13], "uv_size": [1, 1]},
								"east": {"uv": [14, 27], "uv_size": [1, 1]},
								"south": {"uv": [27, 14], "uv_size": [1, 1]},
								"west": {"uv": [15, 27], "uv_size": [1, 1]},
								"up": {"uv": [27, 15], "uv_size": [1, 1]},
								"down": {"uv": [16, 28], "uv_size": [1, -1]}
							}
						},
						{
							"origin": [2.625, 25.8125, -12.9375],
							"size": [0.25, 0.4375, 0.1875],
							"pivot": [2.78125, 26.65625, -12.84375],
							"rotation": [110, 0, 0],
							"uv": {
								"north": {"uv": [27, 4], "uv_size": [1, 1]},
								"east": {"uv": [5, 27], "uv_size": [1, 1]},
								"south": {"uv": [27, 5], "uv_size": [1, 1]},
								"west": {"uv": [6, 27], "uv_size": [1, 1]},
								"up": {"uv": [27, 6], "uv_size": [1, 1]},
								"down": {"uv": [7, 28], "uv_size": [1, -1]}
							}
						},
						{
							"origin": [2.625, 27.0625, -12.9375],
							"size": [0.25, 0.4375, 0.1875],
							"pivot": [2.78125, 26.65625, -12.84375],
							"rotation": [110, 0, 0],
							"uv": {
								"north": {"uv": [27, 16], "uv_size": [1, 1]},
								"east": {"uv": [17, 27], "uv_size": [1, 1]},
								"south": {"uv": [27, 17], "uv_size": [1, 1]},
								"west": {"uv": [18, 27], "uv_size": [1, 1]},
								"up": {"uv": [27, 18], "uv_size": [1, 1]},
								"down": {"uv": [19, 28], "uv_size": [1, -1]}
							}
						},
						{
							"origin": [2.625, 26.25, -13.25],
							"size": [0.25, 0.8125, 0.8125],
							"pivot": [2.78125, 26.65625, -12.84375],
							"rotation": [110, 0, 0],
							"uv": {
								"north": {"uv": [27, 7], "uv_size": [1, 1]},
								"east": {"uv": [8, 27], "uv_size": [1, 1]},
								"south": {"uv": [27, 8], "uv_size": [1, 1]},
								"west": {"uv": [9, 27], "uv_size": [1, 1]},
								"up": {"uv": [27, 9], "uv_size": [1, 1]},
								"down": {"uv": [10, 28], "uv_size": [1, -1]}
							}
						},
						{
							"origin": [2.3125, 26.375, -13.125],
							"size": [0.3125, 0.5625, 0.5625],
							"pivot": [2.46875, 26.65625, -12.84375],
							"rotation": [90, 0, 0],
							"uv": {
								"north": {"uv": [27, 10], "uv_size": [1, 1]},
								"east": {"uv": [11, 27], "uv_size": [1, 1]},
								"south": {"uv": [27, 11], "uv_size": [1, 1]},
								"west": {"uv": [12, 27], "uv_size": [1, 1]},
								"up": {"uv": [27, 12], "uv_size": [1, 1]},
								"down": {"uv": [13, 28], "uv_size": [1, -1]}
							}
						},
						{
							"origin": [2.275, 26, -13.5],
							"size": [0.125, 1.3125, 1.3125],
							"pivot": [2.46875, 26.65625, -12.84375],
							"rotation": [90, 0, 0],
							"uv": {
								"north": {"uv": [27, 19], "uv_size": [1, 1]},
								"east": {"uv": [20, 27], "uv_size": [1, 1]},
								"south": {"uv": [27, 20], "uv_size": [1, 1]},
								"west": {"uv": [21, 27], "uv_size": [1, 1]},
								"up": {"uv": [27, 21], "uv_size": [1, 1]},
								"down": {"uv": [22, 28], "uv_size": [1, -1]}
							}
						},
						{
							"origin": [1.5, 27.5, -3],
							"size": [1.5, 1.5, 2],
							"pivot": [0.75, 26.5, -4.875],
							"rotation": [0, 0, 5],
							"uv": {
								"north": {"uv": [5, 18], "uv_size": [2, 2]},
								"east": {"uv": [19, 4], "uv_size": [2, 2]},
								"south": {"uv": [19, 9], "uv_size": [2, 2]},
								"west": {"uv": [19, 11], "uv_size": [2, 2]},
								"up": {"uv": [19, 13], "uv_size": [2, 2]},
								"down": {"uv": [19, 17], "uv_size": [2, -2]}
							}
						},
						{
							"origin": [1.375, 27.375, -1],
							"size": [1.75, 1.75, 0.25],
							"pivot": [0.75, 26.5, -4.875],
							"rotation": [0, 0, 5],
							"uv": {
								"north": {"uv": [16, 19], "uv_size": [2, 2]},
								"east": {"uv": [10, 23], "uv_size": [1, 2]},
								"south": {"uv": [19, 17], "uv_size": [2, 2]},
								"west": {"uv": [12, 23], "uv_size": [1, 2]},
								"up": {"uv": [11, 7], "uv_size": [2, 1]},
								"down": {"uv": [22, 19], "uv_size": [2, -1]}
							}
						},
						{
							"origin": [1.3125, 27.3125, -0.5],
							"size": [1.84375, 1.84375, 1.25],
							"pivot": [0.75, 26.5, -4.375],
							"rotation": [0, 0, 5],
							"uv": {
								"north": {"uv": [18, 19], "uv_size": [2, 2]},
								"east": {"uv": [14, 23], "uv_size": [1, 2]},
								"south": {"uv": [5, 20], "uv_size": [2, 2]},
								"west": {"uv": [23, 14], "uv_size": [1, 2]},
								"up": {"uv": [23, 16], "uv_size": [2, 1]},
								"down": {"uv": [23, 18], "uv_size": [2, -1]}
							}
						},
						{
							"origin": [3.125, 27.625, 0],
							"size": [0.40625, 1.53125, 0.625],
							"pivot": [0.75, 26.5, -4.375],
							"rotation": [0, 0, 5],
							"uv": {
								"north": {"uv": [23, 24], "uv_size": [1, 2]},
								"east": {"uv": [24, 24], "uv_size": [1, 2]},
								"south": {"uv": [0, 25], "uv_size": [1, 2]},
								"west": {"uv": [25, 0], "uv_size": [1, 2]},
								"up": {"uv": [27, 23], "uv_size": [1, 1]},
								"down": {"uv": [24, 28], "uv_size": [1, -1]}
							}
						},
						{
							"origin": [3.54375, 27.02, 0],
							"size": [0.28125, 0.485, 0.625],
							"pivot": [3.59738, 27.63886, 0.3125],
							"rotation": [0, 0, 55],
							"uv": {
								"north": {"uv": [27, 24], "uv_size": [1, 1]},
								"east": {"uv": [25, 27], "uv_size": [1, 1]},
								"south": {"uv": [27, 25], "uv_size": [1, 1]},
								"west": {"uv": [26, 27], "uv_size": [1, 1]},
								"up": {"uv": [27, 26], "uv_size": [1, 1]},
								"down": {"uv": [27, 28], "uv_size": [1, -1]}
							}
						},
						{
							"origin": [1.08301, 26.80153, 0.75],
							"size": [2.59375, 2.59375, 2.6875],
							"pivot": [2.37989, 28.0984, 1.375],
							"rotation": [0, 0, -12.5],
							"uv": {
								"north": {"uv": [11, 4], "uv_size": [3, 3]},
								"east": {"uv": [10, 11], "uv_size": [3, 3]},
								"south": {"uv": [0, 12], "uv_size": [3, 3]},
								"west": {"uv": [5, 13], "uv_size": [3, 3]},
								"up": {"uv": [13, 7], "uv_size": [3, 3]},
								"down": {"uv": [13, 13], "uv_size": [3, -3]}
							}
						},
						{
							"origin": [0.45801, 26.17653, 3.4375],
							"size": [0.90625, 3.84375, 1.4375],
							"pivot": [2.37989, 28.0984, 2.8125],
							"rotation": [0, 0, 5],
							"uv": {
								"north": {"uv": [2, 17], "uv_size": [1, 4]},
								"east": {"uv": [12, 19], "uv_size": [1, 4]},
								"south": {"uv": [11, 20], "uv_size": [1, 4]},
								"west": {"uv": [2, 21], "uv_size": [1, 4]},
								"up": {"uv": [24, 26], "uv_size": [1, 1]},
								"down": {"uv": [26, 25], "uv_size": [1, -1]}
							}
						},
						{
							"origin": [3.39551, 26.17653, 3.4375],
							"size": [0.90625, 3.84375, 1.4375],
							"pivot": [2.37989, 28.0984, 2.8125],
							"rotation": [0, 0, 5],
							"uv": {
								"north": {"uv": [3, 21], "uv_size": [1, 4]},
								"east": {"uv": [4, 21], "uv_size": [1, 4]},
								"south": {"uv": [7, 21], "uv_size": [1, 4]},
								"west": {"uv": [8, 21], "uv_size": [1, 4]},
								"up": {"uv": [25, 26], "uv_size": [1, 1]},
								"down": {"uv": [26, 26], "uv_size": [1, -1]}
							}
						},
						{
							"origin": [1.33301, 26.17653, 3.4375],
							"size": [2.09375, 0.90625, 1.4375],
							"pivot": [2.37989, 28.0984, 2.8125],
							"rotation": [0, 0, 5],
							"uv": {
								"north": {"uv": [23, 21], "uv_size": [2, 1]},
								"east": {"uv": [26, 26], "uv_size": [1, 1]},
								"south": {"uv": [23, 22], "uv_size": [2, 1]},
								"west": {"uv": [0, 27], "uv_size": [1, 1]},
								"up": {"uv": [23, 23], "uv_size": [2, 1]},
								"down": {"uv": [24, 5], "uv_size": [2, -1]}
							}
						},
						{
							"origin": [1.33301, 29.17653, 3.4375],
							"size": [2.09375, 0.84375, 1.4375],
							"pivot": [2.37989, 28.0984, 2.8125],
							"rotation": [0, 0, 5],
							"uv": {
								"north": {"uv": [24, 5], "uv_size": [2, 1]},
								"east": {"uv": [27, 0], "uv_size": [1, 1]},
								"south": {"uv": [24, 14], "uv_size": [2, 1]},
								"west": {"uv": [1, 27], "uv_size": [1, 1]},
								"up": {"uv": [15, 24], "uv_size": [2, 1]},
								"down": {"uv": [24, 16], "uv_size": [2, -1]}
							}
						},
						{
							"origin": [-0.29199, 25.42653, 4.875],
							"size": [0.90625, 5.34375, 1.125],
							"uv": {
								"north": {"uv": [12, 14], "uv_size": [1, 5]},
								"east": {"uv": [16, 9], "uv_size": [1, 5]},
								"south": {"uv": [13, 16], "uv_size": [1, 5]},
								"west": {"uv": [14, 16], "uv_size": [1, 5]},
								"up": {"uv": [20, 26], "uv_size": [1, 1]},
								"down": {"uv": [26, 21], "uv_size": [1, -1]}
							}
						},
						{
							"origin": [0.58301, 25.42653, 4.875],
							"size": [3.59375, 0.90625, 1.125],
							"uv": {
								"north": {"uv": [17, 6], "uv_size": [4, 1]},
								"east": {"uv": [22, 26], "uv_size": [1, 1]},
								"south": {"uv": [7, 20], "uv_size": [4, 1]},
								"west": {"uv": [26, 22], "uv_size": [1, 1]},
								"up": {"uv": [20, 19], "uv_size": [4, 1]},
								"down": {"uv": [20, 21], "uv_size": [4, -1]}
							}
						},
						{
							"origin": [4.14551, 25.42653, 4.875],
							"size": [0.90625, 5.34375, 1.125],
							"uv": {
								"north": {"uv": [16, 14], "uv_size": [1, 5]},
								"east": {"uv": [15, 16], "uv_size": [1, 5]},
								"south": {"uv": [0, 17], "uv_size": [1, 5]},
								"west": {"uv": [1, 17], "uv_size": [1, 5]},
								"up": {"uv": [21, 26], "uv_size": [1, 1]},
								"down": {"uv": [26, 22], "uv_size": [1, -1]}
							}
						},
						{
							"origin": [0.58301, 29.86403, 4.875],
							"size": [3.59375, 0.90625, 1.125],
							"uv": {
								"north": {"uv": [21, 0], "uv_size": [4, 1]},
								"east": {"uv": [23, 26], "uv_size": [1, 1]},
								"south": {"uv": [21, 1], "uv_size": [4, 1]},
								"west": {"uv": [26, 23], "uv_size": [1, 1]},
								"up": {"uv": [21, 2], "uv_size": [4, 1]},
								"down": {"uv": [21, 4], "uv_size": [4, -1]}
							}
						},
						{
							"origin": [2.875, 28.625, -11.625],
							"size": [0.375, 1.875, 0.25],
							"pivot": [0.875, 27.75, -13.25],
							"rotation": [0, 0, 5],
							"uv": {
								"north": {"uv": [17, 22], "uv_size": [1, 2]},
								"east": {"uv": [18, 22], "uv_size": [1, 2]},
								"south": {"uv": [19, 22], "uv_size": [1, 2]},
								"west": {"uv": [20, 22], "uv_size": [1, 2]},
								"up": {"uv": [25, 17], "uv_size": [1, 1]},
								"down": {"uv": [18, 26], "uv_size": [1, -1]}
							}
						},
						{
							"origin": [1.625, 27.625, -0.75],
							"size": [1.25, 1.25, 0.25],
							"pivot": [0.75, 26.5, -4.875],
							"rotation": [0, 0, 5],
							"uv": {
								"north": {"uv": [17, 26], "uv_size": [1, 1]},
								"east": {"uv": [26, 17], "uv_size": [1, 1]},
								"south": {"uv": [18, 26], "uv_size": [1, 1]},
								"west": {"uv": [26, 18], "uv_size": [1, 1]},
								"up": {"uv": [19, 26], "uv_size": [1, 1]},
								"down": {"uv": [26, 20], "uv_size": [1, -1]}
							}
						},
						{
							"origin": [1.375, 28.625, -11.625],
							"size": [0.375, 1.875, 0.25],
							"pivot": [0.875, 27.75, -13.25],
							"rotation": [0, 0, 5],
							"uv": {
								"north": {"uv": [21, 22], "uv_size": [1, 2]},
								"east": {"uv": [22, 22], "uv_size": [1, 2]},
								"south": {"uv": [23, 4], "uv_size": [1, 2]},
								"west": {"uv": [9, 23], "uv_size": [1, 2]},
								"up": {"uv": [19, 25], "uv_size": [1, 1]},
								"down": {"uv": [25, 20], "uv_size": [1, -1]}
							}
						},
						{
							"origin": [1.75, 29, -11.5],
							"size": [1.125, 1.125, 0.125],
							"pivot": [0.875, 27.75, -13.25],
							"rotation": [0, 0, 5],
							"uv": {
								"north": {"uv": [25, 20], "uv_size": [1, 1]},
								"east": {"uv": [25, 21], "uv_size": [1, 1]},
								"south": {"uv": [25, 22], "uv_size": [1, 1]},
								"west": {"uv": [25, 23], "uv_size": [1, 1]},
								"up": {"uv": [25, 24], "uv_size": [1, 1]},
								"down": {"uv": [25, 26], "uv_size": [1, -1]}
							}
						},
						{
							"origin": [1.75, 30.125, -11.625],
							"size": [1.125, 0.375, 0.25],
							"pivot": [0.875, 27.75, -13.25],
							"rotation": [0, 0, 5],
							"uv": {
								"north": {"uv": [26, 0], "uv_size": [1, 1]},
								"east": {"uv": [1, 26], "uv_size": [1, 1]},
								"south": {"uv": [26, 1], "uv_size": [1, 1]},
								"west": {"uv": [2, 26], "uv_size": [1, 1]},
								"up": {"uv": [26, 4], "uv_size": [1, 1]},
								"down": {"uv": [5, 27], "uv_size": [1, -1]}
							}
						},
						{
							"origin": [1.75, 28.625, -11.625],
							"size": [1.125, 0.375, 0.25],
							"pivot": [0.875, 27.75, -13.25],
							"rotation": [0, 0, 5],
							"uv": {
								"north": {"uv": [26, 5], "uv_size": [1, 1]},
								"east": {"uv": [6, 26], "uv_size": [1, 1]},
								"south": {"uv": [26, 6], "uv_size": [1, 1]},
								"west": {"uv": [26, 7], "uv_size": [1, 1]},
								"up": {"uv": [26, 8], "uv_size": [1, 1]},
								"down": {"uv": [26, 10], "uv_size": [1, -1]}
							}
						},
						{
							"origin": [2.02555, 30.9575, -9.11],
							"size": [0.75, 0.75, 6.1],
							"pivot": [3.71305, 31.895, -6.0625],
							"rotation": [0, 0, -75],
							"uv": {
								"north": {"uv": [13, 26], "uv_size": [1, 1]},
								"east": {"uv": [15, 2], "uv_size": [6, 1]},
								"south": {"uv": [26, 13], "uv_size": [1, 1]},
								"west": {"uv": [15, 3], "uv_size": [6, 1]},
								"up": {"uv": [10, 14], "uv_size": [1, 6]},
								"down": {"uv": [11, 20], "uv_size": [1, -6]}
							}
						},
						{
							"origin": [0.77555, 28.3325, -9.11],
							"size": [0.75, 0.745, 6.1],
							"pivot": [2.46305, 29.395, -6.0625],
							"rotation": [0, 0, 75],
							"uv": {
								"north": {"uv": [11, 26], "uv_size": [1, 1]},
								"east": {"uv": [15, 0], "uv_size": [6, 1]},
								"south": {"uv": [12, 26], "uv_size": [1, 1]},
								"west": {"uv": [15, 1], "uv_size": [6, 1]},
								"up": {"uv": [8, 14], "uv_size": [1, 6]},
								"down": {"uv": [9, 20], "uv_size": [1, -6]}
							}
						},
						{
							"origin": [0.5, 25.375, -15.625],
							"size": [1, 1, 1],
							"uv": {
								"north": {"uv": [14, 26], "uv_size": [1, 1]},
								"east": {"uv": [26, 14], "uv_size": [1, 1]},
								"south": {"uv": [15, 26], "uv_size": [1, 1]},
								"west": {"uv": [26, 15], "uv_size": [1, 1]},
								"up": {"uv": [16, 26], "uv_size": [1, 1]},
								"down": {"uv": [26, 17], "uv_size": [1, -1]}
							}
						}
					]
				},
				{
					"name": "scope",
					"parent": "Main",
					"pivot": [2.3125, 28.25, 7.5375],
					"cubes": [
						{
							"origin": [1.8875, 27.625, 6.9875],
							"size": [1, 1, 1],
							"inflate": -0.4,
							"uv": {
								"north": {"uv": [75, 22], "uv_size": [1, 1]},
								"east": {"uv": [75, 23], "uv_size": [1, 1]},
								"south": {"uv": [75, 25], "uv_size": [1, 1]},
								"west": {"uv": [26, 75], "uv_size": [1, 1]},
								"up": {"uv": [75, 26], "uv_size": [1, 1]},
								"down": {"uv": [27, 76], "uv_size": [1, -1]}
							}
						}
					]
				},
				{
					"name": "scopepip",
					"parent": "Main",
					"pivot": [2.37989, 28.0984, 7.46875],
					"cubes": [
						{
							"origin": [1.20801, 26.98903, 3.6875],
							"size": [2.34375, 2.34375, 0.5],
							"uv": {
								"north": {"uv": [21, 4], "uv_size": [2, 2]},
								"east": {"uv": [11, 24], "uv_size": [1, 2]},
								"south": {"uv": [9, 21], "uv_size": [2, 2]},
								"west": {"uv": [17, 24], "uv_size": [1, 2]},
								"up": {"uv": [18, 24], "uv_size": [2, 1]},
								"down": {"uv": [24, 19], "uv_size": [2, -1]}
							}
						}
					]
				},
				{
					"name": "_ca_scope2",
					"parent": "Main",
					"pivot": [0.5, 25.375, -14.625],
					"cubes": [
						{
							"origin": [0.5, 25.375, -15.625],
							"size": [1, 1, 1],
							"uv": {
								"north": {"uv": [15, 23], "uv_size": [1, 1]},
								"east": {"uv": [25, 13], "uv_size": [1, 1]},
								"south": {"uv": [14, 25], "uv_size": [1, 1]},
								"west": {"uv": [15, 25], "uv_size": [1, 1]},
								"up": {"uv": [16, 25], "uv_size": [1, 1]},
								"down": {"uv": [25, 17], "uv_size": [1, -1]}
							}
						}
					]
				}
			]
		}
	]
}