{
	"format_version": "1.12.0",
	"minecraft:geometry": [
		{
			"description": {
				"identifier": "geometry.smallcaliberammobox",
				"texture_width": 64,
				"texture_height": 64,
				"visible_bounds_width": 4,
				"visible_bounds_height": 3.5,
				"visible_bounds_offset": [0, 1.25, 0]
			},
			"bones": [
				{
					"name": "main",
					"pivot": [0, 0, 0]
				},
				{
					"name": "metal",
					"parent": "main",
					"pivot": [0, 20, 0],
					"cubes": [
						{
							"origin": [-23, 63.595, 23.35],
							"size": [3.625, 0.425, 0.425],
							"pivot": [-25, 52.625, 6.475],
							"rotation": [-135, 0, 0],
							"uv": {
								"north": {"uv": [33, 21], "uv_size": [4, 1]},
								"east": {"uv": [34, 35], "uv_size": [1, 1]},
								"south": {"uv": [33, 22], "uv_size": [4, 1]},
								"west": {"uv": [35, 35], "uv_size": [1, 1]},
								"up": {"uv": [33, 23], "uv_size": [4, 1]},
								"down": {"uv": [33, 25], "uv_size": [4, -1]}
							}
						},
						{
							"origin": [-23, 64.595, 23.35],
							"size": [3.625, 0.425, 0.425],
							"pivot": [-25, 53.625, 6.475],
							"rotation": [-135, 0, 0],
							"uv": {
								"north": {"uv": [33, 25], "uv_size": [4, 1]},
								"east": {"uv": [6, 36], "uv_size": [1, 1]},
								"south": {"uv": [33, 26], "uv_size": [4, 1]},
								"west": {"uv": [7, 36], "uv_size": [1, 1]},
								"up": {"uv": [33, 27], "uv_size": [4, 1]},
								"down": {"uv": [33, 33], "uv_size": [4, -1]}
							}
						},
						{
							"origin": [-23, 64.595, 24.975],
							"size": [3.625, 0.425, 0.425],
							"pivot": [-25, 53.625, 8.1],
							"rotation": [-135, 0, 0],
							"uv": {
								"north": {"uv": [34, 20], "uv_size": [4, 1]},
								"east": {"uv": [10, 36], "uv_size": [1, 1]},
								"south": {"uv": [23, 34], "uv_size": [4, 1]},
								"west": {"uv": [11, 36], "uv_size": [1, 1]},
								"up": {"uv": [27, 34], "uv_size": [4, 1]},
								"down": {"uv": [33, 35], "uv_size": [4, -1]}
							}
						},
						{
							"origin": [-23, 63.595, 24.975],
							"size": [3.625, 0.425, 0.425],
							"pivot": [-25, 52.625, 8.1],
							"rotation": [-135, 0, 0],
							"uv": {
								"north": {"uv": [33, 33], "uv_size": [4, 1]},
								"east": {"uv": [8, 36], "uv_size": [1, 1]},
								"south": {"uv": [34, 18], "uv_size": [4, 1]},
								"west": {"uv": [9, 36], "uv_size": [1, 1]},
								"up": {"uv": [19, 34], "uv_size": [4, 1]},
								"down": {"uv": [34, 20], "uv_size": [4, -1]}
							}
						},
						{
							"origin": [1.5, 32.125, 16],
							"size": [2.5, 2.75, 4],
							"pivot": [-16.5, 20, 22.375],
							"rotation": [0, 90, 0],
							"uv": {
								"north": {"uv": [25, 30], "uv_size": [3, 3]},
								"east": {"uv": [18, 30], "uv_size": [4, 3]},
								"south": {"uv": [30, 25], "uv_size": [3, 3]},
								"west": {"uv": [30, 18], "uv_size": [4, 3]},
								"up": {"uv": [30, 21], "uv_size": [3, 4]},
								"down": {"uv": [22, 34], "uv_size": [3, -4]}
							}
						},
						{
							"origin": [0.25, 30.625, 2.25],
							"size": [1, 4.25, 1.625],
							"uv": {
								"north": {"uv": [32, 32], "uv_size": [1, 4]},
								"east": {"uv": [28, 30], "uv_size": [2, 4]},
								"south": {"uv": [18, 33], "uv_size": [1, 4]},
								"west": {"uv": [30, 30], "uv_size": [2, 4]},
								"up": {"uv": [31, 34], "uv_size": [1, 2]},
								"down": {"uv": [25, 37], "uv_size": [1, -2]}
							}
						},
						{
							"origin": [0.375, 32.625, 2.125],
							"size": [1, 1.125, 1.875],
							"uv": {
								"north": {"uv": [12, 36], "uv_size": [1, 1]},
								"east": {"uv": [26, 35], "uv_size": [2, 1]},
								"south": {"uv": [13, 36], "uv_size": [1, 1]},
								"west": {"uv": [28, 35], "uv_size": [2, 1]},
								"up": {"uv": [30, 35], "uv_size": [1, 2]},
								"down": {"uv": [33, 37], "uv_size": [1, -2]}
							}
						}
					]
				},
				{
					"name": "wood",
					"parent": "main",
					"pivot": [0, 20, 0],
					"cubes": [
						{
							"origin": [-22.625, 23, 0.125],
							"size": [23.625, 11, 5.875],
							"uv": {
								"north": {"uv": [0, 0], "uv_size": [24, 11]},
								"east": {"uv": [24, 18], "uv_size": [6, 11]},
								"south": {"uv": [0, 11], "uv_size": [24, 11]},
								"west": {"uv": [0, 28], "uv_size": [6, 11]},
								"up": {"uv": [0, 22], "uv_size": [24, 6]},
								"down": {"uv": [24, 6], "uv_size": [24, -6]}
							}
						},
						{
							"origin": [-2.375, 35, 0.25],
							"size": [3, 0.375, 5.625],
							"uv": {
								"north": {"uv": [19, 33], "uv_size": [3, 1]},
								"east": {"uv": [6, 28], "uv_size": [6, 1]},
								"south": {"uv": [25, 33], "uv_size": [3, 1]},
								"west": {"uv": [12, 28], "uv_size": [6, 1]},
								"up": {"uv": [6, 30], "uv_size": [3, 6]},
								"down": {"uv": [9, 36], "uv_size": [3, -6]}
							}
						},
						{
							"origin": [-22.5, 34, 0.25],
							"size": [23.375, 1, 5.625],
							"uv": {
								"north": {"uv": [6, 29], "uv_size": [23, 1]},
								"east": {"uv": [18, 28], "uv_size": [6, 1]},
								"south": {"uv": [29, 29], "uv_size": [23, 1]},
								"west": {"uv": [30, 28], "uv_size": [6, 1]},
								"up": {"uv": [24, 6], "uv_size": [23, 6]},
								"down": {"uv": [24, 18], "uv_size": [23, -6]}
							}
						},
						{
							"origin": [-22.375, 35, 0.25],
							"size": [3, 0.375, 5.625],
							"uv": {
								"north": {"uv": [19, 35], "uv_size": [3, 1]},
								"east": {"uv": [32, 30], "uv_size": [6, 1]},
								"south": {"uv": [22, 35], "uv_size": [3, 1]},
								"west": {"uv": [32, 31], "uv_size": [6, 1]},
								"up": {"uv": [12, 30], "uv_size": [3, 6]},
								"down": {"uv": [15, 36], "uv_size": [3, -6]}
							}
						}
					]
				}
			]
		}
	]
}