{
	"format_version": "1.12.0",
	"minecraft:geometry": [
		{
			"description": {
				"identifier": "geometry.unknown",
				"texture_width": 128,
				"texture_height": 128,
				"visible_bounds_width": 12,
				"visible_bounds_height": 5,
				"visible_bounds_offset": [0, 1.5, 0]
			},
			"bones": [
				{
					"name": "main",
					"pivot": [0, 20, 0]
				},
				{
					"name": "gun",
					"parent": "main",
					"pivot": [1, 11, -1]
				},
				{
					"name": "Wood",
					"parent": "gun",
					"pivot": [0, 9, 1],
					"cubes": [
						{
							"origin": [-3.01, 11.6, 38.02],
							"size": [4.02, 13.025, 1],
							"pivot": [0, 8, 1],
							"rotation": [-5, 0, 0],
							"uv": {
								"north": {"uv": [28, 70], "uv_size": [4, 13]},
								"east": {"uv": [37, 88], "uv_size": [1, 13]},
								"south": {"uv": [20, 72], "uv_size": [4, 13]},
								"west": {"uv": [38, 88], "uv_size": [1, 13]},
								"up": {"uv": [100, 26], "uv_size": [4, 1]},
								"down": {"uv": [29, 101], "uv_size": [4, -1]}
							}
						},
						{
							"origin": [12.64329, 32.94131, -37.355],
							"size": [0.9801, 1.37214, 0.4658],
							"pivot": [15.6816, 14.2214, -19.5009],
							"rotation": [0, 0, -45],
							"uv": {
								"north": {"uv": [103, 78], "uv_size": [1, 1]},
								"east": {"uv": [79, 103], "uv_size": [1, 1]},
								"south": {"uv": [103, 79], "uv_size": [1, 1]},
								"west": {"uv": [80, 103], "uv_size": [1, 1]},
								"up": {"uv": [103, 80], "uv_size": [1, 1]},
								"down": {"uv": [81, 104], "uv_size": [1, -1]}
							}
						},
						{
							"origin": [-1.9602, 25.9826, -37.355],
							"size": [1.9602, 0.9801, 0.4658],
							"uv": {
								"north": {"uv": [101, 27], "uv_size": [2, 1]},
								"east": {"uv": [103, 81], "uv_size": [1, 1]},
								"south": {"uv": [31, 101], "uv_size": [2, 1]},
								"west": {"uv": [82, 103], "uv_size": [1, 1]},
								"up": {"uv": [37, 101], "uv_size": [2, 1]},
								"down": {"uv": [101, 38], "uv_size": [2, -1]}
							}
						},
						{
							"origin": [-13.57438, 28.07021, -37.355],
							"size": [0.9801, 1.37214, 0.4658],
							"pivot": [-10.7811, 14.2214, -19.5009],
							"rotation": [0, 0, 45],
							"uv": {
								"north": {"uv": [83, 103], "uv_size": [1, 1]},
								"east": {"uv": [103, 83], "uv_size": [1, 1]},
								"south": {"uv": [84, 103], "uv_size": [1, 1]},
								"west": {"uv": [103, 84], "uv_size": [1, 1]},
								"up": {"uv": [85, 103], "uv_size": [1, 1]},
								"down": {"uv": [103, 86], "uv_size": [1, -1]}
							}
						},
						{
							"origin": [-3, 22, -83.125],
							"size": [4, 3, 29.25],
							"uv": {
								"north": {"uv": [91, 86], "uv_size": [4, 3]},
								"east": {"uv": [52, 4], "uv_size": [29, 3]},
								"south": {"uv": [0, 92], "uv_size": [4, 3]},
								"west": {"uv": [52, 7], "uv_size": [29, 3]},
								"up": {"uv": [12, 48], "uv_size": [4, 29]},
								"down": {"uv": [16, 77], "uv_size": [4, -29]}
							}
						},
						{
							"origin": [-3, 24, -54],
							"size": [4, 1, 36],
							"uv": {
								"north": {"uv": [92, 96], "uv_size": [4, 1]},
								"east": {"uv": [60, 33], "uv_size": [36, 1]},
								"south": {"uv": [96, 94], "uv_size": [4, 1]},
								"west": {"uv": [76, 10], "uv_size": [36, 1]},
								"up": {"uv": [36, 4], "uv_size": [4, 36]},
								"down": {"uv": [40, 40], "uv_size": [4, -36]}
							}
						},
						{
							"origin": [-2.99, 25.5, -54.125],
							"size": [3.98, 1.125, 17.25],
							"pivot": [0, 12.625, -1],
							"rotation": [1, 0, 0],
							"uv": {
								"north": {"uv": [99, 15], "uv_size": [4, 1]},
								"east": {"uv": [83, 26], "uv_size": [17, 1]},
								"south": {"uv": [99, 28], "uv_size": [4, 1]},
								"west": {"uv": [84, 39], "uv_size": [17, 1]},
								"up": {"uv": [60, 14], "uv_size": [4, 17]},
								"down": {"uv": [60, 73], "uv_size": [4, -17]}
							}
						},
						{
							"origin": [-2.99, 25, -37.25],
							"size": [3.98, 1, 0.375],
							"uv": {
								"north": {"uv": [29, 99], "uv_size": [4, 1]},
								"east": {"uv": [104, 83], "uv_size": [1, 1]},
								"south": {"uv": [99, 29], "uv_size": [4, 1]},
								"west": {"uv": [84, 104], "uv_size": [1, 1]},
								"up": {"uv": [99, 34], "uv_size": [4, 1]},
								"down": {"uv": [99, 36], "uv_size": [4, -1]}
							}
						},
						{
							"origin": [-3, 21, -54],
							"size": [4, 1, 36],
							"uv": {
								"north": {"uv": [99, 14], "uv_size": [4, 1]},
								"east": {"uv": [76, 13], "uv_size": [36, 1]},
								"south": {"uv": [15, 99], "uv_size": [4, 1]},
								"west": {"uv": [76, 68], "uv_size": [36, 1]},
								"up": {"uv": [44, 4], "uv_size": [4, 36]},
								"down": {"uv": [44, 76], "uv_size": [4, -36]}
							}
						},
						{
							"origin": [-2.75, 22, -54],
							"size": [3.5, 2, 36],
							"uv": {
								"north": {"uv": [47, 94], "uv_size": [4, 2]},
								"east": {"uv": [56, 40], "uv_size": [36, 2]},
								"south": {"uv": [94, 56], "uv_size": [4, 2]},
								"west": {"uv": [56, 42], "uv_size": [36, 2]},
								"up": {"uv": [0, 48], "uv_size": [4, 36]},
								"down": {"uv": [4, 84], "uv_size": [4, -36]}
							}
						},
						{
							"origin": [-3, 22, -54],
							"size": [4, 2, 18.5],
							"uv": {
								"north": {"uv": [94, 58], "uv_size": [4, 2]},
								"east": {"uv": [72, 27], "uv_size": [19, 2]},
								"south": {"uv": [94, 64], "uv_size": [4, 2]},
								"west": {"uv": [72, 29], "uv_size": [19, 2]},
								"up": {"uv": [56, 56], "uv_size": [4, 19]},
								"down": {"uv": [48, 77], "uv_size": [4, -19]}
							}
						},
						{
							"origin": [-3, 22, -21.5],
							"size": [4, 2, 3.5],
							"uv": {
								"north": {"uv": [94, 66], "uv_size": [4, 2]},
								"east": {"uv": [94, 77], "uv_size": [4, 2]},
								"south": {"uv": [94, 90], "uv_size": [4, 2]},
								"west": {"uv": [92, 94], "uv_size": [4, 2]},
								"up": {"uv": [51, 89], "uv_size": [4, 4]},
								"down": {"uv": [89, 56], "uv_size": [4, -4]}
							}
						},
						{
							"origin": [-2.998, 20.55, -85.125],
							"size": [3.99, 2, 31.925],
							"pivot": [2, 12, -36],
							"rotation": [-1.3, 0, 0],
							"uv": {
								"north": {"uv": [93, 24], "uv_size": [4, 2]},
								"east": {"uv": [56, 50], "uv_size": [32, 2]},
								"south": {"uv": [39, 93], "uv_size": [4, 2]},
								"west": {"uv": [60, 31], "uv_size": [32, 2]},
								"up": {"uv": [48, 4], "uv_size": [4, 32]},
								"down": {"uv": [8, 80], "uv_size": [4, -32]}
							}
						},
						{
							"origin": [-2.998, 19.55, -54],
							"size": [3.99, 1, 35.8],
							"pivot": [2, 11, -1],
							"rotation": [-1.5, 0, 0],
							"uv": {
								"north": {"uv": [97, 22], "uv_size": [4, 1]},
								"east": {"uv": [76, 11], "uv_size": [36, 1]},
								"south": {"uv": [97, 24], "uv_size": [4, 1]},
								"west": {"uv": [76, 12], "uv_size": [36, 1]},
								"up": {"uv": [36, 40], "uv_size": [4, 36]},
								"down": {"uv": [40, 76], "uv_size": [4, -36]}
							}
						},
						{
							"origin": [-3, 20, -18],
							"size": [4, 3, 22],
							"uv": {
								"north": {"uv": [47, 91], "uv_size": [4, 3]},
								"east": {"uv": [56, 44], "uv_size": [22, 3]},
								"south": {"uv": [91, 79], "uv_size": [4, 3]},
								"west": {"uv": [56, 47], "uv_size": [22, 3]},
								"up": {"uv": [28, 48], "uv_size": [4, 22]},
								"down": {"uv": [48, 58], "uv_size": [4, -22]}
							}
						},
						{
							"origin": [-3, 23, -2],
							"size": [4, 2, 5.9375],
							"uv": {
								"north": {"uv": [5, 93], "uv_size": [4, 2]},
								"east": {"uv": [87, 24], "uv_size": [6, 2]},
								"south": {"uv": [93, 6], "uv_size": [4, 2]},
								"west": {"uv": [87, 83], "uv_size": [6, 2]},
								"up": {"uv": [81, 4], "uv_size": [4, 6]},
								"down": {"uv": [60, 88], "uv_size": [4, -6]}
							}
						},
						{
							"origin": [-3, 23, -12],
							"size": [4, 2, 10],
							"uv": {
								"north": {"uv": [93, 14], "uv_size": [4, 2]},
								"east": {"uv": [78, 48], "uv_size": [10, 2]},
								"south": {"uv": [15, 93], "uv_size": [4, 2]},
								"west": {"uv": [84, 66], "uv_size": [10, 2]},
								"up": {"uv": [24, 72], "uv_size": [4, 10]},
								"down": {"uv": [72, 78], "uv_size": [4, -10]}
							}
						},
						{
							"origin": [-3, 23, -18],
							"size": [4, 2, 6],
							"uv": {
								"north": {"uv": [93, 16], "uv_size": [4, 2]},
								"east": {"uv": [88, 64], "uv_size": [6, 2]},
								"south": {"uv": [93, 18], "uv_size": [4, 2]},
								"west": {"uv": [88, 77], "uv_size": [6, 2]},
								"up": {"uv": [82, 69], "uv_size": [4, 6]},
								"down": {"uv": [83, 26], "uv_size": [4, -6]}
							}
						},
						{
							"origin": [-3.01, 20.6, 3.02],
							"size": [4.02, 3.8, 5],
							"pivot": [0, 11, -1],
							"rotation": [-7.5, 0, 0],
							"uv": {
								"north": {"uv": [87, 79], "uv_size": [4, 4]},
								"east": {"uv": [0, 84], "uv_size": [5, 4]},
								"south": {"uv": [87, 86], "uv_size": [4, 4]},
								"west": {"uv": [11, 84], "uv_size": [5, 4]},
								"up": {"uv": [16, 84], "uv_size": [4, 5]},
								"down": {"uv": [84, 39], "uv_size": [4, -5]}
							}
						},
						{
							"origin": [-2.99, 21.6, 0.145],
							"size": [3.98, 4.2, 19.875],
							"pivot": [0, 11, -1],
							"rotation": [-15, 0, 0],
							"uv": {
								"north": {"uv": [83, 86], "uv_size": [4, 4]},
								"east": {"uv": [52, 52], "uv_size": [20, 4]},
								"south": {"uv": [87, 20], "uv_size": [4, 4]},
								"west": {"uv": [56, 10], "uv_size": [20, 4]},
								"up": {"uv": [56, 14], "uv_size": [4, 20]},
								"down": {"uv": [52, 76], "uv_size": [4, -20]}
							}
						},
						{
							"origin": [-2.98, 22.85, 1.645],
							"size": [3.95, 4.2, 6.125],
							"pivot": [0, 11, -1],
							"rotation": [-32.5, 0, 0],
							"uv": {
								"north": {"uv": [89, 4], "uv_size": [4, 4]},
								"east": {"uv": [82, 75], "uv_size": [6, 4]},
								"south": {"uv": [15, 89], "uv_size": [4, 4]},
								"west": {"uv": [83, 52], "uv_size": [6, 4]},
								"up": {"uv": [51, 83], "uv_size": [4, 6]},
								"down": {"uv": [83, 85], "uv_size": [4, -6]}
							}
						},
						{
							"origin": [-2.98, 16.225, 12.77],
							"size": [3.95, 4.2, 7.125],
							"uv": {
								"north": {"uv": [27, 89], "uv_size": [4, 4]},
								"east": {"uv": [77, 59], "uv_size": [7, 4]},
								"south": {"uv": [43, 89], "uv_size": [4, 4]},
								"west": {"uv": [77, 63], "uv_size": [7, 4]},
								"up": {"uv": [72, 78], "uv_size": [4, 7]},
								"down": {"uv": [79, 27], "uv_size": [4, -7]}
							}
						},
						{
							"origin": [-3, 22.6, 11.2],
							"size": [4.01, 2.8, 24],
							"pivot": [0, 8, 1],
							"rotation": [-22.5, 0, 0],
							"uv": {
								"north": {"uv": [80, 90], "uv_size": [4, 3]},
								"east": {"uv": [56, 34], "uv_size": [24, 3]},
								"south": {"uv": [84, 90], "uv_size": [4, 3]},
								"west": {"uv": [56, 37], "uv_size": [24, 3]},
								"up": {"uv": [20, 48], "uv_size": [4, 24]},
								"down": {"uv": [24, 72], "uv_size": [4, -24]}
							}
						},
						{
							"origin": [-2.96, 17.6, 20.02],
							"size": [3.93, 4.8, 6],
							"pivot": [0, 8, 1],
							"rotation": [-5, 0, 0],
							"uv": {
								"north": {"uv": [55, 84], "uv_size": [4, 5]},
								"east": {"uv": [76, 69], "uv_size": [6, 5]},
								"south": {"uv": [84, 56], "uv_size": [4, 5]},
								"west": {"uv": [76, 74], "uv_size": [6, 5]},
								"up": {"uv": [79, 52], "uv_size": [4, 6]},
								"down": {"uv": [80, 40], "uv_size": [4, -6]}
							}
						},
						{
							"origin": [-2.97, 15.6, 26.02],
							"size": [3.95, 6.8, 7],
							"pivot": [0, 8, 1],
							"rotation": [-5, 0, 0],
							"uv": {
								"north": {"uv": [43, 76], "uv_size": [4, 7]},
								"east": {"uv": [72, 20], "uv_size": [7, 7]},
								"south": {"uv": [52, 76], "uv_size": [4, 7]},
								"west": {"uv": [72, 52], "uv_size": [7, 7]},
								"up": {"uv": [12, 77], "uv_size": [4, 7]},
								"down": {"uv": [16, 84], "uv_size": [4, -7]}
							}
						},
						{
							"origin": [-2.97, 13.6, 33.02],
							"size": [3.95, 8.8, 5],
							"pivot": [0, 8, 1],
							"rotation": [-5, 0, 0],
							"uv": {
								"north": {"uv": [60, 73], "uv_size": [4, 9]},
								"east": {"uv": [72, 59], "uv_size": [5, 9]},
								"south": {"uv": [56, 75], "uv_size": [4, 9]},
								"west": {"uv": [64, 72], "uv_size": [5, 9]},
								"up": {"uv": [84, 61], "uv_size": [4, 5]},
								"down": {"uv": [67, 89], "uv_size": [4, -5]}
							}
						},
						{
							"origin": [-2.99, 21.6, 17.15],
							"size": [3.99, 3.05, 21.45],
							"pivot": [0, 8, 1],
							"rotation": [-5, 0, 0],
							"uv": {
								"north": {"uv": [5, 90], "uv_size": [4, 3]},
								"east": {"uv": [72, 14], "uv_size": [21, 3]},
								"south": {"uv": [19, 90], "uv_size": [4, 3]},
								"west": {"uv": [72, 17], "uv_size": [21, 3]},
								"up": {"uv": [52, 10], "uv_size": [4, 21]},
								"down": {"uv": [52, 52], "uv_size": [4, -21]}
							}
						},
						{
							"origin": [-3.0199, 20.6, 1.145],
							"size": [3.9999, 4.76875, 1.875],
							"pivot": [0, 11, -1],
							"rotation": [-7.5, 0, 0],
							"uv": {
								"north": {"uv": [85, 4], "uv_size": [4, 5]},
								"east": {"uv": [92, 56], "uv_size": [2, 5]},
								"south": {"uv": [20, 85], "uv_size": [4, 5]},
								"west": {"uv": [60, 92], "uv_size": [2, 5]},
								"up": {"uv": [84, 93], "uv_size": [4, 2]},
								"down": {"uv": [88, 95], "uv_size": [4, -2]}
							}
						},
						{
							"origin": [-2.97, 27.5, 0.425],
							"size": [3.95, 4.05, 2],
							"pivot": [0, 9, 1],
							"rotation": [-52.5, 0, 0],
							"uv": {
								"north": {"uv": [0, 88], "uv_size": [4, 4]},
								"east": {"uv": [62, 92], "uv_size": [2, 4]},
								"south": {"uv": [11, 88], "uv_size": [4, 4]},
								"west": {"uv": [92, 90], "uv_size": [2, 4]},
								"up": {"uv": [92, 74], "uv_size": [4, 2]},
								"down": {"uv": [93, 6], "uv_size": [4, -2]}
							}
						}
					]
				},
				{
					"name": "bone",
					"parent": "Wood",
					"pivot": [-10.7811, 14.5964, -11.5009],
					"rotation": [1, 0, 0],
					"cubes": [
						{
							"origin": [12.64329, 33.31631, -53.73],
							"size": [0.9801, 1.37214, 16.8408],
							"pivot": [15.6816, 14.5964, -11.5009],
							"rotation": [0, 0, -45],
							"uv": {
								"north": {"uv": [104, 81], "uv_size": [1, 1]},
								"east": {"uv": [85, 9], "uv_size": [17, 1]},
								"south": {"uv": [82, 104], "uv_size": [1, 1]},
								"west": {"uv": [83, 85], "uv_size": [17, 1]},
								"up": {"uv": [59, 84], "uv_size": [1, 17]},
								"down": {"uv": [73, 102], "uv_size": [1, -17]}
							}
						},
						{
							"origin": [-1.9602, 26.3576, -53.73],
							"size": [1.9602, 0.9801, 16.8408],
							"uv": {
								"north": {"uv": [34, 103], "uv_size": [2, 1]},
								"east": {"uv": [86, 69], "uv_size": [17, 1]},
								"south": {"uv": [103, 34], "uv_size": [2, 1]},
								"west": {"uv": [86, 70], "uv_size": [17, 1]},
								"up": {"uv": [39, 76], "uv_size": [2, 17]},
								"down": {"uv": [41, 93], "uv_size": [2, -17]}
							}
						},
						{
							"origin": [-13.57438, 28.44521, -53.73],
							"size": [0.9801, 1.37214, 16.8408],
							"pivot": [-10.7811, 14.5964, -11.5009],
							"rotation": [0, 0, 45],
							"uv": {
								"north": {"uv": [104, 82], "uv_size": [1, 1]},
								"east": {"uv": [86, 71], "uv_size": [17, 1]},
								"south": {"uv": [83, 104], "uv_size": [1, 1]},
								"west": {"uv": [86, 72], "uv_size": [17, 1]},
								"up": {"uv": [74, 85], "uv_size": [1, 17]},
								"down": {"uv": [75, 102], "uv_size": [1, -17]}
							}
						}
					]
				},
				{
					"name": "Metal",
					"parent": "gun",
					"pivot": [0, 8, 1],
					"cubes": [
						{
							"origin": [-3, 21.75, -89],
							"size": [4, 3.45, 4],
							"uv": {
								"north": {"uv": [88, 90], "uv_size": [4, 3]},
								"east": {"uv": [91, 20], "uv_size": [4, 3]},
								"south": {"uv": [23, 91], "uv_size": [4, 3]},
								"west": {"uv": [91, 27], "uv_size": [4, 3]},
								"up": {"uv": [88, 34], "uv_size": [4, 4]},
								"down": {"uv": [88, 52], "uv_size": [4, -4]}
							}
						},
						{
							"origin": [-3, 25, -21],
							"size": [3, 1, 6],
							"uv": {
								"north": {"uv": [52, 100], "uv_size": [3, 1]},
								"east": {"uv": [51, 95], "uv_size": [6, 1]},
								"south": {"uv": [100, 56], "uv_size": [3, 1]},
								"west": {"uv": [95, 52], "uv_size": [6, 1]},
								"up": {"uv": [5, 84], "uv_size": [3, 6]},
								"down": {"uv": [31, 91], "uv_size": [3, -6]}
							}
						},
						{
							"origin": [0, 25, -21],
							"size": [1, 1, 11],
							"uv": {
								"north": {"uv": [94, 103], "uv_size": [1, 1]},
								"east": {"uv": [91, 23], "uv_size": [11, 1]},
								"south": {"uv": [103, 94], "uv_size": [1, 1]},
								"west": {"uv": [91, 82], "uv_size": [11, 1]},
								"up": {"uv": [66, 90], "uv_size": [1, 11]},
								"down": {"uv": [33, 102], "uv_size": [1, -11]}
							}
						},
						{
							"origin": [0, 25, -4.75],
							"size": [1, 1, 5.075],
							"uv": {
								"north": {"uv": [86, 103], "uv_size": [1, 1]},
								"east": {"uv": [79, 58], "uv_size": [5, 1]},
								"south": {"uv": [103, 86], "uv_size": [1, 1]},
								"west": {"uv": [96, 50], "uv_size": [5, 1]},
								"up": {"uv": [56, 96], "uv_size": [1, 5]},
								"down": {"uv": [62, 101], "uv_size": [1, -5]}
							}
						},
						{
							"origin": [1, 24.5, -4.75],
							"size": [0.5, 1.25, 4.95],
							"uv": {
								"north": {"uv": [10, 105], "uv_size": [1, 1]},
								"east": {"uv": [96, 75], "uv_size": [5, 1]},
								"south": {"uv": [11, 105], "uv_size": [1, 1]},
								"west": {"uv": [80, 96], "uv_size": [5, 1]},
								"up": {"uv": [65, 96], "uv_size": [1, 5]},
								"down": {"uv": [85, 101], "uv_size": [1, -5]}
							}
						},
						{
							"origin": [0, 25, -10],
							"size": [1, 1, 0.825],
							"uv": {
								"north": {"uv": [7, 105], "uv_size": [1, 1]},
								"east": {"uv": [105, 7], "uv_size": [1, 1]},
								"south": {"uv": [8, 105], "uv_size": [1, 1]},
								"west": {"uv": [105, 8], "uv_size": [1, 1]},
								"up": {"uv": [9, 105], "uv_size": [1, 1]},
								"down": {"uv": [105, 10], "uv_size": [1, -1]}
							}
						},
						{
							"origin": [-3, 25, -4.8],
							"size": [1, 1, 3.5],
							"uv": {
								"north": {"uv": [99, 103], "uv_size": [1, 1]},
								"east": {"uv": [76, 97], "uv_size": [4, 1]},
								"south": {"uv": [103, 99], "uv_size": [1, 1]},
								"west": {"uv": [80, 97], "uv_size": [4, 1]},
								"up": {"uv": [84, 97], "uv_size": [1, 4]},
								"down": {"uv": [92, 101], "uv_size": [1, -4]}
							}
						},
						{
							"origin": [13.2, 33.1, -21],
							"size": [0.7, 1.4, 6],
							"pivot": [16, 14, 0],
							"rotation": [0, 0, -45],
							"uv": {
								"north": {"uv": [87, 103], "uv_size": [1, 1]},
								"east": {"uv": [95, 53], "uv_size": [6, 1]},
								"south": {"uv": [103, 87], "uv_size": [1, 1]},
								"west": {"uv": [95, 54], "uv_size": [6, 1]},
								"up": {"uv": [51, 77], "uv_size": [1, 6]},
								"down": {"uv": [43, 101], "uv_size": [1, -6]}
							}
						},
						{
							"origin": [13.2, 33.1, -15],
							"size": [0.7, 0.9, 5.75],
							"pivot": [16, 14, 0],
							"rotation": [0, 0, -45],
							"uv": {
								"north": {"uv": [6, 105], "uv_size": [1, 1]},
								"east": {"uv": [96, 36], "uv_size": [6, 1]},
								"south": {"uv": [105, 6], "uv_size": [1, 1]},
								"west": {"uv": [96, 49], "uv_size": [6, 1]},
								"up": {"uv": [50, 96], "uv_size": [1, 6]},
								"down": {"uv": [51, 102], "uv_size": [1, -6]}
							}
						},
						{
							"origin": [-2, 26, -20.999],
							"size": [2, 1, 6],
							"uv": {
								"north": {"uv": [101, 83], "uv_size": [2, 1]},
								"east": {"uv": [95, 55], "uv_size": [6, 1]},
								"south": {"uv": [84, 101], "uv_size": [2, 1]},
								"west": {"uv": [95, 79], "uv_size": [6, 1]},
								"up": {"uv": [9, 89], "uv_size": [2, 6]},
								"down": {"uv": [64, 96], "uv_size": [2, -6]}
							}
						},
						{
							"origin": [-13.85, 28.13, -20.99],
							"size": [1, 1.4, 6],
							"pivot": [-11, 14, 0],
							"rotation": [0, 0, 45],
							"uv": {
								"north": {"uv": [88, 103], "uv_size": [1, 1]},
								"east": {"uv": [80, 95], "uv_size": [6, 1]},
								"south": {"uv": [103, 88], "uv_size": [1, 1]},
								"west": {"uv": [95, 80], "uv_size": [6, 1]},
								"up": {"uv": [44, 95], "uv_size": [1, 6]},
								"down": {"uv": [45, 101], "uv_size": [1, -6]}
							}
						},
						{
							"origin": [13.2, 32.725, -21.875],
							"size": [0.7, 1.4, 0.875],
							"pivot": [16, 13.625, -6],
							"rotation": [0, 0, -45],
							"uv": {
								"north": {"uv": [5, 104], "uv_size": [1, 1]},
								"east": {"uv": [104, 5], "uv_size": [1, 1]},
								"south": {"uv": [6, 104], "uv_size": [1, 1]},
								"west": {"uv": [104, 6], "uv_size": [1, 1]},
								"up": {"uv": [7, 104], "uv_size": [1, 1]},
								"down": {"uv": [104, 8], "uv_size": [1, -1]}
							}
						},
						{
							"origin": [-2, 25.625, -21.874],
							"size": [2, 1, 0.875],
							"uv": {
								"north": {"uv": [15, 102], "uv_size": [2, 1]},
								"east": {"uv": [4, 104], "uv_size": [1, 1]},
								"south": {"uv": [102, 16], "uv_size": [2, 1]},
								"west": {"uv": [104, 4], "uv_size": [1, 1]},
								"up": {"uv": [17, 102], "uv_size": [2, 1]},
								"down": {"uv": [102, 20], "uv_size": [2, -1]}
							}
						},
						{
							"origin": [-13.85, 27.755, -21.875],
							"size": [1, 1.4, 0.875],
							"pivot": [-11, 13.625, -6],
							"rotation": [0, 0, 45],
							"uv": {
								"north": {"uv": [103, 101], "uv_size": [1, 1]},
								"east": {"uv": [102, 103], "uv_size": [1, 1]},
								"south": {"uv": [103, 102], "uv_size": [1, 1]},
								"west": {"uv": [103, 103], "uv_size": [1, 1]},
								"up": {"uv": [2, 104], "uv_size": [1, 1]},
								"down": {"uv": [3, 105], "uv_size": [1, -1]}
							}
						},
						{
							"origin": [-3, 25, -21.875],
							"size": [4, 0.625, 0.875],
							"uv": {
								"north": {"uv": [97, 83], "uv_size": [4, 1]},
								"east": {"uv": [100, 103], "uv_size": [1, 1]},
								"south": {"uv": [97, 84], "uv_size": [4, 1]},
								"west": {"uv": [101, 103], "uv_size": [1, 1]},
								"up": {"uv": [93, 97], "uv_size": [4, 1]},
								"down": {"uv": [97, 98], "uv_size": [4, -1]}
							}
						},
						{
							"origin": [13.2, 32.475, -27.375],
							"size": [0.7, 1.4, 5.5],
							"pivot": [16, 13.375, -9],
							"rotation": [0, 0, -45],
							"uv": {
								"north": {"uv": [104, 9], "uv_size": [1, 1]},
								"east": {"uv": [96, 32], "uv_size": [6, 1]},
								"south": {"uv": [11, 104], "uv_size": [1, 1]},
								"west": {"uv": [96, 33], "uv_size": [6, 1]},
								"up": {"uv": [89, 95], "uv_size": [1, 6]},
								"down": {"uv": [90, 101], "uv_size": [1, -6]}
							}
						},
						{
							"origin": [-2, 25.375, -27.374],
							"size": [2, 1, 5.5],
							"uv": {
								"north": {"uv": [23, 102], "uv_size": [2, 1]},
								"east": {"uv": [96, 30], "uv_size": [6, 1]},
								"south": {"uv": [102, 23], "uv_size": [2, 1]},
								"west": {"uv": [96, 31], "uv_size": [6, 1]},
								"up": {"uv": [31, 91], "uv_size": [2, 6]},
								"down": {"uv": [11, 98], "uv_size": [2, -6]}
							}
						},
						{
							"origin": [-13.85, 27.505, -27.375],
							"size": [1, 1.4, 5.5],
							"pivot": [-11, 13.375, -9],
							"rotation": [0, 0, 45],
							"uv": {
								"north": {"uv": [8, 104], "uv_size": [1, 1]},
								"east": {"uv": [95, 87], "uv_size": [6, 1]},
								"south": {"uv": [104, 8], "uv_size": [1, 1]},
								"west": {"uv": [95, 88], "uv_size": [6, 1]},
								"up": {"uv": [46, 95], "uv_size": [1, 6]},
								"down": {"uv": [88, 101], "uv_size": [1, -6]}
							}
						},
						{
							"origin": [-3, 25, -27.375],
							"size": [4, 0.375, 5.5],
							"uv": {
								"north": {"uv": [9, 98], "uv_size": [4, 1]},
								"east": {"uv": [95, 81], "uv_size": [6, 1]},
								"south": {"uv": [98, 16], "uv_size": [4, 1]},
								"west": {"uv": [95, 86], "uv_size": [6, 1]},
								"up": {"uv": [27, 83], "uv_size": [4, 6]},
								"down": {"uv": [43, 89], "uv_size": [4, -6]}
							}
						},
						{
							"origin": [13.2, 32.35, -56.5],
							"size": [0.7, 1.4, 2],
							"pivot": [16, 13.25, -41.625],
							"rotation": [0, 0, -45],
							"uv": {
								"north": {"uv": [104, 80], "uv_size": [1, 1]},
								"east": {"uv": [103, 29], "uv_size": [2, 1]},
								"south": {"uv": [81, 104], "uv_size": [1, 1]},
								"west": {"uv": [31, 103], "uv_size": [2, 1]},
								"up": {"uv": [20, 103], "uv_size": [1, 2]},
								"down": {"uv": [103, 34], "uv_size": [1, -2]}
							}
						},
						{
							"origin": [-3, 25, -56.5],
							"size": [4, 0.25, 2],
							"uv": {
								"north": {"uv": [98, 93], "uv_size": [4, 1]},
								"east": {"uv": [103, 27], "uv_size": [2, 1]},
								"south": {"uv": [9, 99], "uv_size": [4, 1]},
								"west": {"uv": [103, 28], "uv_size": [2, 1]},
								"up": {"uv": [94, 42], "uv_size": [4, 2]},
								"down": {"uv": [94, 46], "uv_size": [4, -2]}
							}
						},
						{
							"origin": [-2, 25.25, -56.499],
							"size": [2, 1, 2],
							"uv": {
								"north": {"uv": [103, 15], "uv_size": [2, 1]},
								"east": {"uv": [18, 103], "uv_size": [2, 1]},
								"south": {"uv": [23, 103], "uv_size": [2, 1]},
								"west": {"uv": [27, 103], "uv_size": [2, 1]},
								"up": {"uv": [99, 6], "uv_size": [2, 2]},
								"down": {"uv": [7, 101], "uv_size": [2, -2]}
							}
						},
						{
							"origin": [-13.85, 27.38, -56.5],
							"size": [1, 1.4, 2],
							"pivot": [-11, 13.25, -41.625],
							"rotation": [0, 0, 45],
							"uv": {
								"north": {"uv": [104, 79], "uv_size": [1, 1]},
								"east": {"uv": [103, 14], "uv_size": [2, 1]},
								"south": {"uv": [80, 104], "uv_size": [1, 1]},
								"west": {"uv": [15, 103], "uv_size": [2, 1]},
								"up": {"uv": [10, 103], "uv_size": [1, 2]},
								"down": {"uv": [17, 105], "uv_size": [1, -2]}
							}
						},
						{
							"origin": [13.2, 33.1, -4.801],
							"size": [0.7, 1.4, 5.125],
							"pivot": [16, 14, 9],
							"rotation": [0, 0, -45],
							"uv": {
								"north": {"uv": [91, 103], "uv_size": [1, 1]},
								"east": {"uv": [96, 51], "uv_size": [5, 1]},
								"south": {"uv": [103, 91], "uv_size": [1, 1]},
								"west": {"uv": [96, 74], "uv_size": [5, 1]},
								"up": {"uv": [63, 96], "uv_size": [1, 5]},
								"down": {"uv": [64, 101], "uv_size": [1, -5]}
							}
						},
						{
							"origin": [-2, 26, -4.175],
							"size": [2, 1, 2.875],
							"uv": {
								"north": {"uv": [101, 84], "uv_size": [2, 1]},
								"east": {"uv": [100, 57], "uv_size": [3, 1]},
								"south": {"uv": [101, 86], "uv_size": [2, 1]},
								"west": {"uv": [100, 58], "uv_size": [3, 1]},
								"up": {"uv": [57, 95], "uv_size": [2, 3]},
								"down": {"uv": [67, 98], "uv_size": [2, -3]}
							}
						},
						{
							"origin": [-2, 26.75, -4.8],
							"size": [0.5, 0.25, 0.25],
							"uv": {
								"north": {"uv": [104, 70], "uv_size": [1, 1]},
								"east": {"uv": [71, 104], "uv_size": [1, 1]},
								"south": {"uv": [104, 71], "uv_size": [1, 1]},
								"west": {"uv": [72, 104], "uv_size": [1, 1]},
								"up": {"uv": [104, 72], "uv_size": [1, 1]},
								"down": {"uv": [73, 105], "uv_size": [1, -1]}
							}
						},
						{
							"origin": [-0.5, 26.75, -4.8],
							"size": [0.5, 0.25, 0.25],
							"uv": {
								"north": {"uv": [104, 73], "uv_size": [1, 1]},
								"east": {"uv": [74, 104], "uv_size": [1, 1]},
								"south": {"uv": [104, 75], "uv_size": [1, 1]},
								"west": {"uv": [76, 104], "uv_size": [1, 1]},
								"up": {"uv": [104, 76], "uv_size": [1, 1]},
								"down": {"uv": [77, 105], "uv_size": [1, -1]}
							}
						},
						{
							"origin": [-13.85, 28.13, -4.801],
							"size": [1, 1.4, 3.5],
							"pivot": [-11, 14, 9],
							"rotation": [0, 0, 45],
							"uv": {
								"north": {"uv": [89, 103], "uv_size": [1, 1]},
								"east": {"uv": [97, 20], "uv_size": [4, 1]},
								"south": {"uv": [103, 89], "uv_size": [1, 1]},
								"west": {"uv": [97, 21], "uv_size": [4, 1]},
								"up": {"uv": [21, 97], "uv_size": [1, 4]},
								"down": {"uv": [22, 101], "uv_size": [1, -4]}
							}
						},
						{
							"origin": [-13.71013, 27.84592, -54.5348],
							"size": [0.9899, 1.38586, 1.5],
							"pivot": [-10.88891, 13.85861, -23.87841],
							"rotation": [0, 0, 45],
							"uv": {
								"north": {"uv": [95, 103], "uv_size": [1, 1]},
								"east": {"uv": [101, 87], "uv_size": [2, 1]},
								"south": {"uv": [103, 95], "uv_size": [1, 1]},
								"west": {"uv": [88, 101], "uv_size": [2, 1]},
								"up": {"uv": [41, 101], "uv_size": [1, 2]},
								"down": {"uv": [54, 103], "uv_size": [1, -2]}
							}
						},
						{
							"origin": [-3.03, 25.25, -54.555],
							"size": [4.04, 0.505, 1.5],
							"uv": {
								"north": {"uv": [97, 25], "uv_size": [4, 1]},
								"east": {"uv": [101, 88], "uv_size": [2, 1]},
								"south": {"uv": [97, 27], "uv_size": [4, 1]},
								"west": {"uv": [90, 101], "uv_size": [2, 1]},
								"up": {"uv": [43, 93], "uv_size": [4, 2]},
								"down": {"uv": [51, 95], "uv_size": [4, -2]}
							}
						},
						{
							"origin": [-1.03, -3.1, -54.555],
							"size": [4.04, 4.4, 1.5],
							"pivot": [0, 11.11, -13.02],
							"rotation": [0, 0, 180],
							"uv": {
								"north": {"uv": [88, 56], "uv_size": [4, 4]},
								"east": {"uv": [29, 93], "uv_size": [2, 4]},
								"south": {"uv": [60, 88], "uv_size": [4, 4]},
								"west": {"uv": [93, 52], "uv_size": [2, 4]},
								"up": {"uv": [55, 93], "uv_size": [4, 2]},
								"down": {"uv": [67, 95], "uv_size": [4, -2]}
							}
						},
						{
							"origin": [12.76972, 32.76572, -54.5348],
							"size": [0.9899, 1.38586, 1.5],
							"pivot": [15.83842, 13.85861, -23.87841],
							"rotation": [0, 0, -45],
							"uv": {
								"north": {"uv": [96, 103], "uv_size": [1, 1]},
								"east": {"uv": [92, 101], "uv_size": [2, 1]},
								"south": {"uv": [103, 96], "uv_size": [1, 1]},
								"west": {"uv": [94, 101], "uv_size": [2, 1]},
								"up": {"uv": [56, 101], "uv_size": [1, 2]},
								"down": {"uv": [69, 103], "uv_size": [1, -2]}
							}
						},
						{
							"origin": [-1.9798, 25.73743, -54.5348],
							"size": [1.9798, 0.9899, 1.5],
							"uv": {
								"north": {"uv": [96, 101], "uv_size": [2, 1]},
								"east": {"uv": [101, 97], "uv_size": [2, 1]},
								"south": {"uv": [98, 101], "uv_size": [2, 1]},
								"west": {"uv": [100, 101], "uv_size": [2, 1]},
								"up": {"uv": [97, 28], "uv_size": [2, 2]},
								"down": {"uv": [29, 99], "uv_size": [2, -2]}
							}
						},
						{
							"origin": [-1.03, -2.96, -85.055],
							"size": [4.04, 3.56, 2],
							"pivot": [0, 11.11, -46.02],
							"rotation": [0, 0, 180],
							"uv": {
								"north": {"uv": [88, 60], "uv_size": [4, 4]},
								"east": {"uv": [76, 93], "uv_size": [2, 4]},
								"south": {"uv": [88, 73], "uv_size": [4, 4]},
								"west": {"uv": [78, 93], "uv_size": [2, 4]},
								"up": {"uv": [80, 93], "uv_size": [4, 2]},
								"down": {"uv": [93, 85], "uv_size": [4, -2]}
							}
						},
						{
							"origin": [-1.03, -2.96, -89.055],
							"size": [4.04, 3.56, 2.125],
							"pivot": [0, 11.11, -50.02],
							"rotation": [0, 0, 180],
							"uv": {
								"north": {"uv": [55, 89], "uv_size": [4, 4]},
								"east": {"uv": [25, 94], "uv_size": [2, 4]},
								"south": {"uv": [67, 89], "uv_size": [4, 4]},
								"west": {"uv": [34, 94], "uv_size": [2, 4]},
								"up": {"uv": [94, 92], "uv_size": [4, 2]},
								"down": {"uv": [0, 97], "uv_size": [4, -2]}
							}
						},
						{
							"origin": [-1.03, -2.96, -86.93],
							"size": [4.04, 2.685, 1.875],
							"pivot": [0, 11.11, -48.145],
							"rotation": [0, 0, 180],
							"uv": {
								"north": {"uv": [92, 46], "uv_size": [4, 3]},
								"east": {"uv": [52, 96], "uv_size": [2, 3]},
								"south": {"uv": [92, 49], "uv_size": [4, 3]},
								"west": {"uv": [54, 96], "uv_size": [2, 3]},
								"up": {"uv": [5, 95], "uv_size": [4, 2]},
								"down": {"uv": [15, 97], "uv_size": [4, -2]}
							}
						},
						{
							"origin": [12.76972, 32.19572, -89.0348],
							"size": [0.9899, 1.38586, 2],
							"pivot": [15.83842, 13.28861, -56.87841],
							"rotation": [0, 0, -45],
							"uv": {
								"north": {"uv": [98, 103], "uv_size": [1, 1]},
								"east": {"uv": [9, 102], "uv_size": [2, 1]},
								"south": {"uv": [103, 98], "uv_size": [1, 1]},
								"west": {"uv": [102, 9], "uv_size": [2, 1]},
								"up": {"uv": [11, 102], "uv_size": [1, 2]},
								"down": {"uv": [12, 104], "uv_size": [1, -2]}
							}
						},
						{
							"origin": [-1.9798, 25.16743, -89.0348],
							"size": [1.9798, 0.9899, 2],
							"uv": {
								"north": {"uv": [6, 102], "uv_size": [2, 1]},
								"east": {"uv": [102, 6], "uv_size": [2, 1]},
								"south": {"uv": [102, 7], "uv_size": [2, 1]},
								"west": {"uv": [102, 8], "uv_size": [2, 1]},
								"up": {"uv": [31, 97], "uv_size": [2, 2]},
								"down": {"uv": [60, 99], "uv_size": [2, -2]}
							}
						},
						{
							"origin": [-1.49, 24.54243, -100.5348],
							"size": [0.95, 1.95, 2.063],
							"uv": {
								"north": {"uv": [29, 102], "uv_size": [1, 2]},
								"east": {"uv": [13, 98], "uv_size": [2, 2]},
								"south": {"uv": [102, 32], "uv_size": [1, 2]},
								"west": {"uv": [98, 17], "uv_size": [2, 2]},
								"up": {"uv": [33, 102], "uv_size": [1, 2]},
								"down": {"uv": [36, 104], "uv_size": [1, -2]}
							}
						},
						{
							"origin": [-13.71013, 27.27592, -89.0348],
							"size": [0.9899, 1.38586, 2],
							"pivot": [-10.88891, 13.28861, -56.87841],
							"rotation": [0, 0, 45],
							"uv": {
								"north": {"uv": [97, 103], "uv_size": [1, 1]},
								"east": {"uv": [0, 102], "uv_size": [2, 1]},
								"south": {"uv": [103, 97], "uv_size": [1, 1]},
								"west": {"uv": [4, 102], "uv_size": [2, 1]},
								"up": {"uv": [78, 101], "uv_size": [1, 2]},
								"down": {"uv": [2, 104], "uv_size": [1, -2]}
							}
						},
						{
							"origin": [12.76972, 32.19572, -85.0348],
							"size": [0.9899, 1.38586, 2],
							"pivot": [15.83842, 13.28861, -52.87841],
							"rotation": [0, 0, -45],
							"uv": {
								"north": {"uv": [104, 78], "uv_size": [1, 1]},
								"east": {"uv": [4, 103], "uv_size": [2, 1]},
								"south": {"uv": [79, 104], "uv_size": [1, 1]},
								"west": {"uv": [6, 103], "uv_size": [2, 1]},
								"up": {"uv": [1, 103], "uv_size": [1, 2]},
								"down": {"uv": [9, 105], "uv_size": [1, -2]}
							}
						},
						{
							"origin": [-13.71013, 27.27592, -85.0348],
							"size": [0.9899, 1.38586, 2],
							"pivot": [-10.88891, 13.28861, -52.87841],
							"rotation": [0, 0, 45],
							"uv": {
								"north": {"uv": [104, 77], "uv_size": [1, 1]},
								"east": {"uv": [100, 102], "uv_size": [2, 1]},
								"south": {"uv": [78, 104], "uv_size": [1, 1]},
								"west": {"uv": [102, 100], "uv_size": [2, 1]},
								"up": {"uv": [102, 101], "uv_size": [1, 2]},
								"down": {"uv": [0, 105], "uv_size": [1, -2]}
							}
						},
						{
							"origin": [-1.9798, 25.16743, -85.0348],
							"size": [1.9798, 0.9899, 2],
							"uv": {
								"north": {"uv": [102, 93], "uv_size": [2, 1]},
								"east": {"uv": [94, 102], "uv_size": [2, 1]},
								"south": {"uv": [96, 102], "uv_size": [2, 1]},
								"west": {"uv": [98, 102], "uv_size": [2, 1]},
								"up": {"uv": [99, 4], "uv_size": [2, 2]},
								"down": {"uv": [5, 101], "uv_size": [2, -2]}
							}
						},
						{
							"origin": [-1.1625, 24.75, -100.5],
							"size": [0.325, 3.15, 1.25],
							"uv": {
								"north": {"uv": [34, 100], "uv_size": [1, 3]},
								"east": {"uv": [69, 95], "uv_size": [2, 3]},
								"south": {"uv": [35, 100], "uv_size": [1, 3]},
								"west": {"uv": [86, 95], "uv_size": [2, 3]},
								"up": {"uv": [13, 102], "uv_size": [1, 2]},
								"down": {"uv": [14, 104], "uv_size": [1, -2]}
							}
						},
						{
							"origin": [-2, 24, -102],
							"size": [2, 2, 81],
							"uv": {
								"north": {"uv": [86, 73], "uv_size": [2, 2]},
								"east": {"uv": [32, 0], "uv_size": [81, 2]},
								"south": {"uv": [96, 95], "uv_size": [2, 2]},
								"west": {"uv": [32, 2], "uv_size": [81, 2]},
								"up": {"uv": [32, 4], "uv_size": [2, 81]},
								"down": {"uv": [34, 85], "uv_size": [2, -81]}
							}
						},
						{
							"origin": [-1.375, 22.125, -95.625],
							"size": [0.75, 0.75, 6.625],
							"uv": {
								"north": {"uv": [34, 105], "uv_size": [1, 1]},
								"east": {"uv": [77, 67], "uv_size": [7, 1]},
								"south": {"uv": [105, 34], "uv_size": [1, 1]},
								"west": {"uv": [94, 60], "uv_size": [7, 1]},
								"up": {"uv": [71, 94], "uv_size": [1, 7]},
								"down": {"uv": [72, 101], "uv_size": [1, -7]}
							}
						},
						{
							"origin": [-1.75, 22.875, -90.75],
							"size": [1.375, 0.375, 1.75],
							"uv": {
								"north": {"uv": [36, 105], "uv_size": [1, 1]},
								"east": {"uv": [103, 62], "uv_size": [2, 1]},
								"south": {"uv": [105, 36], "uv_size": [1, 1]},
								"west": {"uv": [103, 63], "uv_size": [2, 1]},
								"up": {"uv": [103, 64], "uv_size": [1, 2]},
								"down": {"uv": [103, 68], "uv_size": [1, -2]}
							}
						},
						{
							"origin": [-1.375, 23.25, -90.75],
							"size": [0.75, 0.375, 1.75],
							"uv": {
								"north": {"uv": [37, 105], "uv_size": [1, 1]},
								"east": {"uv": [69, 103], "uv_size": [2, 1]},
								"south": {"uv": [105, 37], "uv_size": [1, 1]},
								"west": {"uv": [103, 69], "uv_size": [2, 1]},
								"up": {"uv": [103, 70], "uv_size": [1, 2]},
								"down": {"uv": [103, 74], "uv_size": [1, -2]}
							}
						},
						{
							"origin": [-1.75, 23.625, -90.75],
							"size": [1.375, 0.375, 1.75],
							"uv": {
								"north": {"uv": [38, 105], "uv_size": [1, 1]},
								"east": {"uv": [73, 103], "uv_size": [2, 1]},
								"south": {"uv": [105, 38], "uv_size": [1, 1]},
								"west": {"uv": [103, 74], "uv_size": [2, 1]},
								"up": {"uv": [75, 103], "uv_size": [1, 2]},
								"down": {"uv": [103, 77], "uv_size": [1, -2]}
							}
						},
						{
							"origin": [-1.625, 22, -97.125],
							"size": [1.125, 1, 3.625],
							"uv": {
								"north": {"uv": [35, 105], "uv_size": [1, 1]},
								"east": {"uv": [100, 17], "uv_size": [4, 1]},
								"south": {"uv": [105, 35], "uv_size": [1, 1]},
								"west": {"uv": [100, 18], "uv_size": [4, 1]},
								"up": {"uv": [25, 100], "uv_size": [1, 4]},
								"down": {"uv": [26, 104], "uv_size": [1, -4]}
							}
						},
						{
							"origin": [-2.135, 22.6, 37.02],
							"size": [2.27, 0.9, 1],
							"pivot": [0, 8, 1],
							"rotation": [-5, 0, 0],
							"uv": {
								"north": {"uv": [27, 102], "uv_size": [2, 1]},
								"east": {"uv": [14, 104], "uv_size": [1, 1]},
								"south": {"uv": [102, 30], "uv_size": [2, 1]},
								"west": {"uv": [15, 104], "uv_size": [1, 1]},
								"up": {"uv": [31, 102], "uv_size": [2, 1]},
								"down": {"uv": [102, 32], "uv_size": [2, -1]}
							}
						},
						{
							"origin": [22.74, 22.6, 29.02],
							"size": [0.895, 0.9, 1.25],
							"pivot": [0, 8, 1],
							"rotation": [-6.76733, -42.30053, 4.56615],
							"uv": {
								"north": {"uv": [16, 104], "uv_size": [1, 1]},
								"east": {"uv": [104, 16], "uv_size": [1, 1]},
								"south": {"uv": [104, 17], "uv_size": [1, 1]},
								"west": {"uv": [18, 104], "uv_size": [1, 1]},
								"up": {"uv": [104, 18], "uv_size": [1, 1]},
								"down": {"uv": [19, 105], "uv_size": [1, -1]}
							}
						},
						{
							"origin": [-25.135, 22.6, 27.645],
							"size": [0.895, 0.9, 1.25],
							"pivot": [0, 8, 1],
							"rotation": [-6.76733, 42.30053, -4.56615],
							"uv": {
								"north": {"uv": [104, 19], "uv_size": [1, 1]},
								"east": {"uv": [104, 20], "uv_size": [1, 1]},
								"south": {"uv": [21, 104], "uv_size": [1, 1]},
								"west": {"uv": [104, 21], "uv_size": [1, 1]},
								"up": {"uv": [22, 104], "uv_size": [1, 1]},
								"down": {"uv": [104, 23], "uv_size": [1, -1]}
							}
						},
						{
							"origin": [-2, 24, -102.125],
							"size": [0.375, 2, 0.125],
							"uv": {
								"north": {"uv": [110.75, 126], "uv_size": [1, 2]},
								"east": {"uv": [106.875, 125.75], "uv_size": [1, 2]},
								"south": {"uv": [100.125, 126], "uv_size": [1, 2]},
								"west": {"uv": [103.5, 126], "uv_size": [1, 2]},
								"up": {"uv": [106.125, 127], "uv_size": [1, 1]},
								"down": {"uv": [111.75, 128], "uv_size": [1, -1]}
							}
						},
						{
							"origin": [-1.625, 25.625, -102.125],
							"size": [1.25, 0.375, 0.125],
							"uv": {
								"north": {"uv": [124.5, 123.375], "uv_size": [1, 1]},
								"east": {"uv": [124.5, 123.375], "uv_size": [1, 1]},
								"south": {"uv": [121.625, 120.5], "uv_size": [1, 1]},
								"west": {"uv": [83.875, 124.875], "uv_size": [1, 1]},
								"up": {"uv": [83.875, 123.875], "uv_size": [1, 1]},
								"down": {"uv": [124.25, 124.875], "uv_size": [1, -1]}
							}
						},
						{
							"origin": [-0.375, 24, -102.125],
							"size": [0.375, 2, 0.125],
							"uv": {
								"north": {"uv": [116.125, 126], "uv_size": [1, 2]},
								"east": {"uv": [107.5, 126], "uv_size": [1, 2]},
								"south": {"uv": [106.125, 126], "uv_size": [1, 2]},
								"west": {"uv": [109.75, 126], "uv_size": [1, 2]},
								"up": {"uv": [109.5, 127], "uv_size": [1, 1]},
								"down": {"uv": [107.125, 128], "uv_size": [1, -1]}
							}
						},
						{
							"origin": [-1.625, 24, -102.125],
							"size": [1.25, 0.375, 0.125],
							"uv": {
								"north": {"uv": [118.5, 123.375], "uv_size": [1, 1]},
								"east": {"uv": [118.5, 123.375], "uv_size": [1, 1]},
								"south": {"uv": [120.5, 124], "uv_size": [1, 1]},
								"west": {"uv": [123.875, 61.875], "uv_size": [1, 1]},
								"up": {"uv": [123.875, 60.875], "uv_size": [1, 1]},
								"down": {"uv": [123.875, 124.75], "uv_size": [1, -1]}
							}
						}
					]
				},
				{
					"name": "Sight",
					"parent": "Metal",
					"pivot": [0, 10.25, -14.5],
					"cubes": [
						{
							"origin": [-2.5, 26.5, -36.874],
							"size": [3, 0.25, 9.5],
							"uv": {
								"north": {"uv": [93, 100], "uv_size": [3, 1]},
								"east": {"uv": [92, 61], "uv_size": [9, 1]},
								"south": {"uv": [100, 94], "uv_size": [3, 1]},
								"west": {"uv": [92, 62], "uv_size": [9, 1]},
								"up": {"uv": [64, 81], "uv_size": [3, 9]},
								"down": {"uv": [24, 91], "uv_size": [3, -9]}
							}
						},
						{
							"origin": [-2.75, 26.25, -30.874],
							"size": [3.5, 0.75, 3.25],
							"uv": {
								"north": {"uv": [80, 99], "uv_size": [4, 1]},
								"east": {"uv": [101, 20], "uv_size": [3, 1]},
								"south": {"uv": [93, 99], "uv_size": [4, 1]},
								"west": {"uv": [101, 21], "uv_size": [3, 1]},
								"up": {"uv": [92, 30], "uv_size": [4, 3]},
								"down": {"uv": [92, 37], "uv_size": [4, -3]}
							}
						},
						{
							"origin": [0.375, 26.25, -30.374],
							"size": [0.625, 0.875, 1.25],
							"uv": {
								"north": {"uv": [19, 105], "uv_size": [1, 1]},
								"east": {"uv": [105, 19], "uv_size": [1, 1]},
								"south": {"uv": [20, 105], "uv_size": [1, 1]},
								"west": {"uv": [105, 20], "uv_size": [1, 1]},
								"up": {"uv": [21, 105], "uv_size": [1, 1]},
								"down": {"uv": [105, 22], "uv_size": [1, -1]}
							}
						},
						{
							"origin": [-3, 26.25, -30.374],
							"size": [0.625, 0.875, 1.25],
							"uv": {
								"north": {"uv": [19, 105], "uv_size": [1, 1]},
								"east": {"uv": [105, 19], "uv_size": [1, 1]},
								"south": {"uv": [20, 105], "uv_size": [1, 1]},
								"west": {"uv": [105, 20], "uv_size": [1, 1]},
								"up": {"uv": [21, 105], "uv_size": [1, 1]},
								"down": {"uv": [105, 22], "uv_size": [1, -1]}
							}
						},
						{
							"origin": [0.375, 27.125, -30.249],
							"size": [0.375, 0.75, 1],
							"uv": {
								"north": {"uv": [22, 105], "uv_size": [1, 1]},
								"east": {"uv": [105, 22], "uv_size": [1, 1]},
								"south": {"uv": [23, 105], "uv_size": [1, 1]},
								"west": {"uv": [105, 23], "uv_size": [1, 1]},
								"up": {"uv": [24, 105], "uv_size": [1, 1]},
								"down": {"uv": [105, 25], "uv_size": [1, -1]}
							}
						},
						{
							"origin": [-2.75, 27.125, -30.249],
							"size": [0.375, 0.75, 1],
							"uv": {
								"north": {"uv": [25, 105], "uv_size": [1, 1]},
								"east": {"uv": [105, 25], "uv_size": [1, 1]},
								"south": {"uv": [26, 105], "uv_size": [1, 1]},
								"west": {"uv": [105, 26], "uv_size": [1, 1]},
								"up": {"uv": [27, 105], "uv_size": [1, 1]},
								"down": {"uv": [105, 28], "uv_size": [1, -1]}
							}
						},
						{
							"origin": [-2.375, 22.25, -40.124],
							"size": [2.75, 0.625, 1.375],
							"pivot": [0, 7.75, -17.75],
							"rotation": [-12.5, 0, 0],
							"uv": {
								"north": {"uv": [100, 95], "uv_size": [3, 1]},
								"east": {"uv": [104, 84], "uv_size": [1, 1]},
								"south": {"uv": [96, 100], "uv_size": [3, 1]},
								"west": {"uv": [85, 104], "uv_size": [1, 1]},
								"up": {"uv": [100, 96], "uv_size": [3, 1]},
								"down": {"uv": [99, 101], "uv_size": [3, -1]}
							}
						},
						{
							"origin": [-1.875, 22.75, -38.749],
							"size": [1.75, 0.125, 1.5],
							"pivot": [0, 7.75, -17.75],
							"rotation": [-12.5, 0, 0],
							"uv": {
								"north": {"uv": [53, 103], "uv_size": [2, 1]},
								"east": {"uv": [103, 53], "uv_size": [2, 1]},
								"south": {"uv": [103, 54], "uv_size": [2, 1]},
								"west": {"uv": [55, 103], "uv_size": [2, 1]},
								"up": {"uv": [60, 99], "uv_size": [2, 2]},
								"down": {"uv": [9, 102], "uv_size": [2, -2]}
							}
						},
						{
							"origin": [-1.875, 29.375, -30.749],
							"size": [1.75, 0.125, 1.875],
							"pivot": [0, 7.75, -17.75],
							"rotation": [10, 0, 0],
							"uv": {
								"north": {"uv": [103, 55], "uv_size": [2, 1]},
								"east": {"uv": [103, 56], "uv_size": [2, 1]},
								"south": {"uv": [57, 103], "uv_size": [2, 1]},
								"west": {"uv": [103, 57], "uv_size": [2, 1]},
								"up": {"uv": [11, 100], "uv_size": [2, 2]},
								"down": {"uv": [13, 102], "uv_size": [2, -2]}
							}
						},
						{
							"origin": [-1.875, 25, -34.874],
							"size": [1.75, 0.125, 1.875],
							"pivot": [0, 7.75, -17.75],
							"rotation": [-7.5, 0, 0],
							"uv": {
								"north": {"uv": [103, 58], "uv_size": [2, 1]},
								"east": {"uv": [59, 103], "uv_size": [2, 1]},
								"south": {"uv": [103, 59], "uv_size": [2, 1]},
								"west": {"uv": [103, 60], "uv_size": [2, 1]},
								"up": {"uv": [15, 100], "uv_size": [2, 2]},
								"down": {"uv": [17, 102], "uv_size": [2, -2]}
							}
						},
						{
							"origin": [-0.125, 24.125, -38.249],
							"size": [0.5, 0.625, 1.875],
							"pivot": [0, 9.625, -15.875],
							"rotation": [-7, 0, 0],
							"uv": {
								"north": {"uv": [104, 85], "uv_size": [1, 1]},
								"east": {"uv": [103, 37], "uv_size": [2, 1]},
								"south": {"uv": [86, 104], "uv_size": [1, 1]},
								"west": {"uv": [103, 38], "uv_size": [2, 1]},
								"up": {"uv": [39, 103], "uv_size": [1, 2]},
								"down": {"uv": [40, 105], "uv_size": [1, -2]}
							}
						},
						{
							"origin": [-0.125, 29.125, -33.249],
							"size": [0.5, 0.625, 3.375],
							"pivot": [0, 14.625, -10.875],
							"rotation": [6.5, 0, 0],
							"uv": {
								"north": {"uv": [104, 86], "uv_size": [1, 1]},
								"east": {"uv": [0, 101], "uv_size": [3, 1]},
								"south": {"uv": [87, 104], "uv_size": [1, 1]},
								"west": {"uv": [101, 4], "uv_size": [3, 1]},
								"up": {"uv": [82, 100], "uv_size": [1, 3]},
								"down": {"uv": [83, 103], "uv_size": [1, -3]}
							}
						},
						{
							"origin": [-0.125, 36.875, -29.624],
							"size": [0.5, 0.625, 3.375],
							"pivot": [0, 22.375, -7.25],
							"rotation": [24, 0, 0],
							"uv": {
								"north": {"uv": [104, 87], "uv_size": [1, 1]},
								"east": {"uv": [5, 101], "uv_size": [3, 1]},
								"south": {"uv": [88, 104], "uv_size": [1, 1]},
								"west": {"uv": [101, 5], "uv_size": [3, 1]},
								"up": {"uv": [3, 101], "uv_size": [1, 3]},
								"down": {"uv": [101, 9], "uv_size": [1, -3]}
							}
						},
						{
							"origin": [-0.125, 19.375, -36.749],
							"size": [0.5, 1.375, 1.375],
							"pivot": [0, 5.625, -14.5],
							"rotation": [-24, 0, 0],
							"uv": {
								"north": {"uv": [104, 89], "uv_size": [1, 1]},
								"east": {"uv": [90, 104], "uv_size": [1, 1]},
								"south": {"uv": [104, 90], "uv_size": [1, 1]},
								"west": {"uv": [91, 104], "uv_size": [1, 1]},
								"up": {"uv": [104, 91], "uv_size": [1, 1]},
								"down": {"uv": [92, 105], "uv_size": [1, -1]}
							}
						},
						{
							"origin": [-1.875, 19.375, -35.624],
							"size": [1.75, 1, 0.25],
							"pivot": [-0.5, 5.625, -14.5],
							"rotation": [-24, 0, 0],
							"uv": {
								"north": {"uv": [103, 50], "uv_size": [2, 1]},
								"east": {"uv": [104, 101], "uv_size": [1, 1]},
								"south": {"uv": [51, 103], "uv_size": [2, 1]},
								"west": {"uv": [102, 104], "uv_size": [1, 1]},
								"up": {"uv": [103, 51], "uv_size": [2, 1]},
								"down": {"uv": [103, 53], "uv_size": [2, -1]}
							}
						},
						{
							"origin": [-0.625, 20.375, -35.624],
							"size": [0.5, 0.375, 0.25],
							"pivot": [-0.5, 5.625, -14.5],
							"rotation": [-24, 0, 0],
							"uv": {
								"north": {"uv": [104, 102], "uv_size": [1, 1]},
								"east": {"uv": [103, 104], "uv_size": [1, 1]},
								"south": {"uv": [104, 103], "uv_size": [1, 1]},
								"west": {"uv": [104, 104], "uv_size": [1, 1]},
								"up": {"uv": [0, 105], "uv_size": [1, 1]},
								"down": {"uv": [1, 106], "uv_size": [1, -1]}
							}
						},
						{
							"origin": [-1.875, 20.375, -35.624],
							"size": [0.5, 0.375, 0.25],
							"pivot": [-0.5, 5.625, -14.5],
							"rotation": [-24, 0, 0],
							"uv": {
								"north": {"uv": [2, 105], "uv_size": [1, 1]},
								"east": {"uv": [3, 105], "uv_size": [1, 1]},
								"south": {"uv": [4, 105], "uv_size": [1, 1]},
								"west": {"uv": [105, 4], "uv_size": [1, 1]},
								"up": {"uv": [5, 105], "uv_size": [1, 1]},
								"down": {"uv": [105, 6], "uv_size": [1, -1]}
							}
						},
						{
							"origin": [-0.125, 27.875, -30.749],
							"size": [0.5, 0.625, 2.125],
							"uv": {
								"north": {"uv": [104, 88], "uv_size": [1, 1]},
								"east": {"uv": [103, 39], "uv_size": [2, 1]},
								"south": {"uv": [89, 104], "uv_size": [1, 1]},
								"west": {"uv": [41, 103], "uv_size": [2, 1]},
								"up": {"uv": [43, 103], "uv_size": [1, 2]},
								"down": {"uv": [44, 105], "uv_size": [1, -2]}
							}
						},
						{
							"origin": [0.375, 15.5, -58.374],
							"size": [0.5, 0.5, 0.5],
							"pivot": [-0.75, -12.375, -29.25],
							"rotation": [-45, -2.5, 0],
							"uv": {
								"north": {"uv": [12, 105], "uv_size": [1, 1]},
								"east": {"uv": [13, 105], "uv_size": [1, 1]},
								"south": {"uv": [14, 105], "uv_size": [1, 1]},
								"west": {"uv": [105, 14], "uv_size": [1, 1]},
								"up": {"uv": [15, 105], "uv_size": [1, 1]},
								"down": {"uv": [105, 16], "uv_size": [1, -1]}
							}
						},
						{
							"origin": [0.25, 15.32, -58.499],
							"size": [0.5, 0.75, 0.75],
							"pivot": [-0.875, -12.375, -29.25],
							"rotation": [-45, -2.5, 0],
							"uv": {
								"north": {"uv": [28, 105], "uv_size": [1, 1]},
								"east": {"uv": [105, 28], "uv_size": [1, 1]},
								"south": {"uv": [29, 105], "uv_size": [1, 1]},
								"west": {"uv": [105, 29], "uv_size": [1, 1]},
								"up": {"uv": [30, 105], "uv_size": [1, 1]},
								"down": {"uv": [105, 31], "uv_size": [1, -1]}
							}
						},
						{
							"origin": [-2.75, 15.32, -58.499],
							"size": [0.5, 0.75, 0.75],
							"pivot": [-3.875, -12.375, -29.25],
							"rotation": [-45, -2.5, 0],
							"uv": {
								"north": {"uv": [31, 105], "uv_size": [1, 1]},
								"east": {"uv": [105, 31], "uv_size": [1, 1]},
								"south": {"uv": [32, 105], "uv_size": [1, 1]},
								"west": {"uv": [105, 32], "uv_size": [1, 1]},
								"up": {"uv": [33, 105], "uv_size": [1, 1]},
								"down": {"uv": [105, 34], "uv_size": [1, -1]}
							}
						},
						{
							"origin": [-2.875, 15.5, -58.374],
							"size": [0.5, 0.5, 0.5],
							"pivot": [-4, -12.375, -29.25],
							"rotation": [-45, -2.5, 0],
							"uv": {
								"north": {"uv": [16, 105], "uv_size": [1, 1]},
								"east": {"uv": [105, 16], "uv_size": [1, 1]},
								"south": {"uv": [17, 105], "uv_size": [1, 1]},
								"west": {"uv": [105, 17], "uv_size": [1, 1]},
								"up": {"uv": [18, 105], "uv_size": [1, 1]},
								"down": {"uv": [105, 19], "uv_size": [1, -1]}
							}
						},
						{
							"origin": [-0.125, 26.875, -31.874],
							"size": [0.5, 1, 3.625],
							"uv": {
								"north": {"uv": [104, 92], "uv_size": [1, 1]},
								"east": {"uv": [39, 99], "uv_size": [4, 1]},
								"south": {"uv": [93, 104], "uv_size": [1, 1]},
								"west": {"uv": [52, 99], "uv_size": [4, 1]},
								"up": {"uv": [19, 99], "uv_size": [1, 4]},
								"down": {"uv": [20, 103], "uv_size": [1, -4]}
							}
						},
						{
							"origin": [-2.375, 24.125, -38.249],
							"size": [0.5, 0.625, 1.875],
							"pivot": [-2.25, 9.625, -15.875],
							"rotation": [-7, 0, 0],
							"uv": {
								"north": {"uv": [104, 100], "uv_size": [1, 1]},
								"east": {"uv": [103, 48], "uv_size": [2, 1]},
								"south": {"uv": [101, 104], "uv_size": [1, 1]},
								"west": {"uv": [103, 49], "uv_size": [2, 1]},
								"up": {"uv": [48, 103], "uv_size": [1, 2]},
								"down": {"uv": [50, 105], "uv_size": [1, -2]}
							}
						},
						{
							"origin": [-2.375, 36.875, -29.624],
							"size": [0.5, 0.625, 3.375],
							"pivot": [-2.25, 22.375, -7.25],
							"rotation": [24, 0, 0],
							"uv": {
								"north": {"uv": [104, 99], "uv_size": [1, 1]},
								"east": {"uv": [101, 25], "uv_size": [3, 1]},
								"south": {"uv": [100, 104], "uv_size": [1, 1]},
								"west": {"uv": [27, 101], "uv_size": [3, 1]},
								"up": {"uv": [22, 101], "uv_size": [1, 3]},
								"down": {"uv": [30, 104], "uv_size": [1, -3]}
							}
						},
						{
							"origin": [-2.375, 29.125, -33.249],
							"size": [0.5, 0.625, 3.375],
							"pivot": [-2.25, 14.625, -10.875],
							"rotation": [6.5, 0, 0],
							"uv": {
								"north": {"uv": [104, 98], "uv_size": [1, 1]},
								"east": {"uv": [101, 22], "uv_size": [3, 1]},
								"south": {"uv": [99, 104], "uv_size": [1, 1]},
								"west": {"uv": [101, 24], "uv_size": [3, 1]},
								"up": {"uv": [8, 101], "uv_size": [1, 3]},
								"down": {"uv": [21, 104], "uv_size": [1, -3]}
							}
						},
						{
							"origin": [-2.375, 27.875, -30.749],
							"size": [0.5, 0.625, 2.125],
							"uv": {
								"north": {"uv": [104, 97], "uv_size": [1, 1]},
								"east": {"uv": [103, 44], "uv_size": [2, 1]},
								"south": {"uv": [98, 104], "uv_size": [1, 1]},
								"west": {"uv": [103, 45], "uv_size": [2, 1]},
								"up": {"uv": [103, 46], "uv_size": [1, 2]},
								"down": {"uv": [47, 105], "uv_size": [1, -2]}
							}
						},
						{
							"origin": [-2.375, 19.375, -36.749],
							"size": [0.5, 1.375, 1.375],
							"pivot": [-2.25, 5.625, -14.5],
							"rotation": [-24, 0, 0],
							"uv": {
								"north": {"uv": [104, 94], "uv_size": [1, 1]},
								"east": {"uv": [95, 104], "uv_size": [1, 1]},
								"south": {"uv": [104, 95], "uv_size": [1, 1]},
								"west": {"uv": [96, 104], "uv_size": [1, 1]},
								"up": {"uv": [104, 96], "uv_size": [1, 1]},
								"down": {"uv": [97, 105], "uv_size": [1, -1]}
							}
						},
						{
							"origin": [-2.375, 26.875, -31.874],
							"size": [0.5, 1, 3.625],
							"uv": {
								"north": {"uv": [104, 93], "uv_size": [1, 1]},
								"east": {"uv": [99, 98], "uv_size": [4, 1]},
								"south": {"uv": [94, 104], "uv_size": [1, 1]},
								"west": {"uv": [99, 99], "uv_size": [4, 1]},
								"up": {"uv": [47, 99], "uv_size": [1, 4]},
								"down": {"uv": [48, 103], "uv_size": [1, -4]}
							}
						},
						{
							"origin": [-2, 26.25, -36.874],
							"size": [2, 0.25, 9.5],
							"uv": {
								"north": {"uv": [103, 35], "uv_size": [2, 1]},
								"east": {"uv": [92, 63], "uv_size": [9, 1]},
								"south": {"uv": [37, 103], "uv_size": [2, 1]},
								"west": {"uv": [92, 73], "uv_size": [9, 1]},
								"up": {"uv": [34, 85], "uv_size": [2, 9]},
								"down": {"uv": [71, 94], "uv_size": [2, -9]}
							}
						},
						{
							"origin": [-2.5, 25, -36.874],
							"size": [3, 1.25, 9.5],
							"uv": {
								"north": {"uv": [100, 85], "uv_size": [3, 1]},
								"east": {"uv": [91, 89], "uv_size": [9, 1]},
								"south": {"uv": [100, 89], "uv_size": [3, 1]},
								"west": {"uv": [92, 37], "uv_size": [9, 1]},
								"up": {"uv": [8, 80], "uv_size": [3, 9]},
								"down": {"uv": [80, 88], "uv_size": [3, -9]}
							}
						}
					]
				},
				{
					"name": "TriggerMag",
					"parent": "Metal",
					"pivot": [0, 0, 12],
					"cubes": [
						{
							"origin": [-2.025, 47.85, 13],
							"size": [2.05, 1, 1.5],
							"pivot": [0, 37, -3.4],
							"rotation": [-102.5, 0, 0],
							"uv": {
								"north": {"uv": [39, 101], "uv_size": [2, 1]},
								"east": {"uv": [101, 39], "uv_size": [2, 1]},
								"south": {"uv": [43, 101], "uv_size": [2, 1]},
								"west": {"uv": [45, 101], "uv_size": [2, 1]},
								"up": {"uv": [0, 97], "uv_size": [2, 2]},
								"down": {"uv": [2, 99], "uv_size": [2, -2]}
							}
						},
						{
							"origin": [-2.025, 4, 28.3],
							"size": [2.05, 2, 1],
							"pivot": [0, 0, 9],
							"rotation": [85, 0, 0],
							"uv": {
								"north": {"uv": [97, 4], "uv_size": [2, 2]},
								"east": {"uv": [31, 83], "uv_size": [1, 2]},
								"south": {"uv": [5, 97], "uv_size": [2, 2]},
								"west": {"uv": [83, 56], "uv_size": [1, 2]},
								"up": {"uv": [101, 50], "uv_size": [2, 1]},
								"down": {"uv": [101, 52], "uv_size": [2, -1]}
							}
						},
						{
							"origin": [-2.025, 6, 27.001],
							"size": [2.05, 1, 3],
							"pivot": [0, 0, 9],
							"rotation": [85, 0, 0],
							"uv": {
								"north": {"uv": [52, 101], "uv_size": [2, 1]},
								"east": {"uv": [100, 38], "uv_size": [3, 1]},
								"south": {"uv": [101, 52], "uv_size": [2, 1]},
								"west": {"uv": [39, 100], "uv_size": [3, 1]},
								"up": {"uv": [67, 81], "uv_size": [2, 3]},
								"down": {"uv": [9, 98], "uv_size": [2, -3]}
							}
						},
						{
							"origin": [-2.025, 46.1, 29.9],
							"size": [2.05, 1, 1.6],
							"pivot": [0, 35, 13.6],
							"rotation": [-154, 0, 0],
							"uv": {
								"north": {"uv": [101, 53], "uv_size": [2, 1]},
								"east": {"uv": [101, 54], "uv_size": [2, 1]},
								"south": {"uv": [101, 55], "uv_size": [2, 1]},
								"west": {"uv": [59, 101], "uv_size": [2, 1]},
								"up": {"uv": [97, 6], "uv_size": [2, 2]},
								"down": {"uv": [7, 99], "uv_size": [2, -2]}
							}
						},
						{
							"origin": [-2.025, 30.3, 34.4],
							"size": [2.05, 1, 1.6],
							"pivot": [0, 19, 18.6],
							"rotation": [150, 0, 0],
							"uv": {
								"north": {"uv": [101, 60], "uv_size": [2, 1]},
								"east": {"uv": [61, 101], "uv_size": [2, 1]},
								"south": {"uv": [101, 61], "uv_size": [2, 1]},
								"west": {"uv": [101, 62], "uv_size": [2, 1]},
								"up": {"uv": [97, 14], "uv_size": [2, 2]},
								"down": {"uv": [15, 99], "uv_size": [2, -2]}
							}
						},
						{
							"origin": [-2.025, 7.2, 34.27],
							"size": [2.05, 4, 1],
							"pivot": [0, -4, 14],
							"rotation": [90, 0, 0],
							"uv": {
								"north": {"uv": [19, 93], "uv_size": [2, 4]},
								"east": {"uv": [11, 80], "uv_size": [1, 4]},
								"south": {"uv": [21, 93], "uv_size": [2, 4]},
								"west": {"uv": [97, 16], "uv_size": [1, 4]},
								"up": {"uv": [63, 101], "uv_size": [2, 1]},
								"down": {"uv": [101, 64], "uv_size": [2, -1]}
							}
						},
						{
							"origin": [-2.025, 15, 28.6],
							"size": [2.05, 1, 2],
							"pivot": [0, 4, 12.6],
							"rotation": [102.5, 0, 0],
							"uv": {
								"north": {"uv": [65, 101], "uv_size": [2, 1]},
								"east": {"uv": [67, 101], "uv_size": [2, 1]},
								"south": {"uv": [71, 101], "uv_size": [2, 1]},
								"west": {"uv": [101, 73], "uv_size": [2, 1]},
								"up": {"uv": [17, 97], "uv_size": [2, 2]},
								"down": {"uv": [19, 99], "uv_size": [2, -2]}
							}
						},
						{
							"origin": [-2.025, 11, 28.001],
							"size": [2.05, 1, 3],
							"pivot": [0, 0, 9],
							"rotation": [90, 0, 0],
							"uv": {
								"north": {"uv": [101, 74], "uv_size": [2, 1]},
								"east": {"uv": [100, 44], "uv_size": [3, 1]},
								"south": {"uv": [101, 75], "uv_size": [2, 1]},
								"west": {"uv": [100, 45], "uv_size": [3, 1]},
								"up": {"uv": [95, 20], "uv_size": [2, 3]},
								"down": {"uv": [95, 30], "uv_size": [2, -3]}
							}
						},
						{
							"origin": [-2, 9.5, 31.3],
							"size": [1.5, 0.7, 3],
							"pivot": [0, -2, 12],
							"rotation": [85, 0, 0],
							"uv": {
								"north": {"uv": [76, 101], "uv_size": [2, 1]},
								"east": {"uv": [100, 46], "uv_size": [3, 1]},
								"south": {"uv": [101, 79], "uv_size": [2, 1]},
								"west": {"uv": [100, 47], "uv_size": [3, 1]},
								"up": {"uv": [39, 95], "uv_size": [2, 3]},
								"down": {"uv": [41, 98], "uv_size": [2, -3]}
							}
						},
						{
							"origin": [-2.025, 0, 16.9],
							"size": [2.05, 14, 1],
							"pivot": [0, 0, -3],
							"rotation": [90, 0, 0],
							"uv": {
								"north": {"uv": [47, 77], "uv_size": [2, 14]},
								"east": {"uv": [4, 88], "uv_size": [1, 14]},
								"south": {"uv": [49, 77], "uv_size": [2, 14]},
								"west": {"uv": [36, 88], "uv_size": [1, 14]},
								"up": {"uv": [101, 80], "uv_size": [2, 1]},
								"down": {"uv": [101, 82], "uv_size": [2, -1]}
							}
						},
						{
							"origin": [-2.025, -6.75, 16.9],
							"size": [2.05, 5.875, 1],
							"pivot": [0, 0, -3],
							"rotation": [90, 0, 0],
							"uv": {
								"north": {"uv": [13, 92], "uv_size": [2, 6]},
								"east": {"uv": [91, 95], "uv_size": [1, 6]},
								"south": {"uv": [92, 40], "uv_size": [2, 6]},
								"west": {"uv": [49, 96], "uv_size": [1, 6]},
								"up": {"uv": [61, 103], "uv_size": [2, 1]},
								"down": {"uv": [103, 62], "uv_size": [2, -1]}
							}
						},
						{
							"origin": [-2.4, 19.75, -14.999],
							"size": [2.8, 0.25, 11.5],
							"uv": {
								"north": {"uv": [100, 59], "uv_size": [3, 1]},
								"east": {"uv": [88, 38], "uv_size": [12, 1]},
								"south": {"uv": [100, 64], "uv_size": [3, 1]},
								"west": {"uv": [89, 8], "uv_size": [12, 1]},
								"up": {"uv": [69, 72], "uv_size": [3, 12]},
								"down": {"uv": [36, 88], "uv_size": [3, -12]}
							}
						}
					]
				},
				{
					"name": "Bolt",
					"parent": "gun",
					"pivot": [0, 0, 0]
				},
				{
					"name": "Bolt1",
					"parent": "Bolt",
					"pivot": [-1, 25.85289, -0.50538],
					"cubes": [
						{
							"origin": [8.25, 28.3, -1.51],
							"size": [1.5, 1.5, 2.217],
							"pivot": [8, 15.34, 12.1],
							"rotation": [0, 0, -45],
							"uv": {
								"north": {"uv": [98, 66], "uv_size": [2, 2]},
								"east": {"uv": [67, 98], "uv_size": [2, 2]},
								"south": {"uv": [69, 98], "uv_size": [2, 2]},
								"west": {"uv": [76, 98], "uv_size": [2, 2]},
								"up": {"uv": [98, 77], "uv_size": [2, 2]},
								"down": {"uv": [78, 100], "uv_size": [2, -2]}
							}
						},
						{
							"origin": [-3.25, 25.25, -1.175],
							"size": [2.25, 1.3, 1.3],
							"uv": {
								"north": {"uv": [102, 41], "uv_size": [2, 1]},
								"east": {"uv": [104, 33], "uv_size": [1, 1]},
								"south": {"uv": [102, 42], "uv_size": [2, 1]},
								"west": {"uv": [34, 104], "uv_size": [1, 1]},
								"up": {"uv": [43, 102], "uv_size": [2, 1]},
								"down": {"uv": [102, 44], "uv_size": [2, -1]}
							}
						},
						{
							"origin": [-7.125, 25.375, -1.05],
							"size": [3.875, 1.05, 1.05],
							"uv": {
								"north": {"uv": [98, 19], "uv_size": [4, 1]},
								"east": {"uv": [23, 104], "uv_size": [1, 1]},
								"south": {"uv": [39, 98], "uv_size": [4, 1]},
								"west": {"uv": [104, 23], "uv_size": [1, 1]},
								"up": {"uv": [98, 42], "uv_size": [4, 1]},
								"down": {"uv": [98, 44], "uv_size": [4, -1]}
							}
						},
						{
							"origin": [-8.41, 24.87, -1.57],
							"size": [2, 2, 2],
							"uv": {
								"north": {"uv": [25, 98], "uv_size": [2, 2]},
								"east": {"uv": [34, 98], "uv_size": [2, 2]},
								"south": {"uv": [98, 44], "uv_size": [2, 2]},
								"west": {"uv": [98, 46], "uv_size": [2, 2]},
								"up": {"uv": [98, 56], "uv_size": [2, 2]},
								"down": {"uv": [57, 100], "uv_size": [2, -2]}
							}
						}
					]
				},
				{
					"name": "Bolt2",
					"parent": "Bolt",
					"pivot": [15.75, 14, 12.375],
					"cubes": [
						{
							"origin": [-2, 24.8, -15],
							"size": [2, 2, 13.8],
							"uv": {
								"north": {"uv": [98, 58], "uv_size": [2, 2]},
								"east": {"uv": [78, 44], "uv_size": [14, 2]},
								"south": {"uv": [98, 64], "uv_size": [2, 2]},
								"west": {"uv": [78, 46], "uv_size": [14, 2]},
								"up": {"uv": [76, 79], "uv_size": [2, 14]},
								"down": {"uv": [78, 93], "uv_size": [2, -14]}
							}
						},
						{
							"origin": [8.125, 28.175, 0.74],
							"size": [1.625, 1.75, 2.967],
							"pivot": [8, 15.34, 14.35],
							"rotation": [0, 0, -45],
							"uv": {
								"north": {"uv": [98, 95], "uv_size": [2, 2]},
								"east": {"uv": [80, 88], "uv_size": [3, 2]},
								"south": {"uv": [97, 98], "uv_size": [2, 2]},
								"west": {"uv": [96, 34], "uv_size": [3, 2]},
								"up": {"uv": [96, 46], "uv_size": [2, 3]},
								"down": {"uv": [47, 99], "uv_size": [2, -3]}
							}
						},
						{
							"origin": [-10, 28.175, 0.74],
							"size": [1.25, 1.875, 1.342],
							"pivot": [-10.125, 15.34, 14.35],
							"rotation": [0, 0, 40],
							"uv": {
								"north": {"uv": [67, 102], "uv_size": [1, 2]},
								"east": {"uv": [68, 102], "uv_size": [1, 2]},
								"south": {"uv": [71, 102], "uv_size": [1, 2]},
								"west": {"uv": [72, 102], "uv_size": [1, 2]},
								"up": {"uv": [104, 43], "uv_size": [1, 1]},
								"down": {"uv": [45, 105], "uv_size": [1, -1]}
							}
						},
						{
							"origin": [7.125, 27.175, 0.74],
							"size": [1.25, 1.875, 1.342],
							"pivot": [6.875, 14.34, 14.35],
							"rotation": [0, 0, -40],
							"uv": {
								"north": {"uv": [63, 102], "uv_size": [1, 2]},
								"east": {"uv": [64, 102], "uv_size": [1, 2]},
								"south": {"uv": [65, 102], "uv_size": [1, 2]},
								"west": {"uv": [66, 102], "uv_size": [1, 2]},
								"up": {"uv": [42, 104], "uv_size": [1, 1]},
								"down": {"uv": [104, 43], "uv_size": [1, -1]}
							}
						},
						{
							"origin": [-7.5, 27.675, 0.74],
							"size": [1.375, 0.375, 3.343],
							"pivot": [-7.625, 13.34, 14.35],
							"rotation": [0, 0, 27.5],
							"uv": {
								"north": {"uv": [104, 65], "uv_size": [1, 1]},
								"east": {"uv": [67, 100], "uv_size": [3, 1]},
								"south": {"uv": [66, 104], "uv_size": [1, 1]},
								"west": {"uv": [100, 67], "uv_size": [3, 1]},
								"up": {"uv": [57, 100], "uv_size": [1, 3]},
								"down": {"uv": [58, 103], "uv_size": [1, -3]}
							}
						},
						{
							"origin": [0.375, 25.35, 0.74],
							"size": [0.125, 0.375, 3.344],
							"uv": {
								"north": {"uv": [104, 67], "uv_size": [1, 1]},
								"east": {"uv": [100, 77], "uv_size": [3, 1]},
								"south": {"uv": [68, 104], "uv_size": [1, 1]},
								"west": {"uv": [100, 78], "uv_size": [3, 1]},
								"up": {"uv": [80, 100], "uv_size": [1, 3]},
								"down": {"uv": [81, 103], "uv_size": [1, -3]}
							}
						},
						{
							"origin": [5.875, 26.3, 0.74],
							"size": [1.375, 0.375, 3.342],
							"pivot": [5.75, 11.965, 14.35],
							"rotation": [0, 0, -27.5],
							"uv": {
								"north": {"uv": [104, 66], "uv_size": [1, 1]},
								"east": {"uv": [76, 100], "uv_size": [3, 1]},
								"south": {"uv": [67, 104], "uv_size": [1, 1]},
								"west": {"uv": [100, 76], "uv_size": [3, 1]},
								"up": {"uv": [70, 100], "uv_size": [1, 3]},
								"down": {"uv": [79, 103], "uv_size": [1, -3]}
							}
						},
						{
							"origin": [8.125, 28.425, 3.615],
							"size": [0.875, 1.5, 0.467],
							"pivot": [8, 15.34, 17.225],
							"rotation": [0, 0, -45],
							"uv": {
								"north": {"uv": [45, 102], "uv_size": [1, 2]},
								"east": {"uv": [46, 102], "uv_size": [1, 2]},
								"south": {"uv": [102, 48], "uv_size": [1, 2]},
								"west": {"uv": [49, 102], "uv_size": [1, 2]},
								"up": {"uv": [38, 104], "uv_size": [1, 1]},
								"down": {"uv": [104, 41], "uv_size": [1, -1]}
							}
						},
						{
							"origin": [8.125, 28.175, 3.615],
							"size": [1.625, 0.875, 0.467],
							"pivot": [8, 15.34, 17.225],
							"rotation": [0, 0, -45],
							"uv": {
								"north": {"uv": [50, 102], "uv_size": [2, 1]},
								"east": {"uv": [41, 104], "uv_size": [1, 1]},
								"south": {"uv": [52, 102], "uv_size": [2, 1]},
								"west": {"uv": [104, 41], "uv_size": [1, 1]},
								"up": {"uv": [59, 102], "uv_size": [2, 1]},
								"down": {"uv": [61, 103], "uv_size": [2, -1]}
							}
						},
						{
							"origin": [8.375, 29.425, 3.615],
							"size": [1, 1, 0.592],
							"pivot": [8.125, 16.215, 12.475],
							"rotation": [0, 0, -45],
							"uv": {
								"north": {"uv": [53, 104], "uv_size": [1, 1]},
								"east": {"uv": [54, 104], "uv_size": [1, 1]},
								"south": {"uv": [55, 104], "uv_size": [1, 1]},
								"west": {"uv": [56, 104], "uv_size": [1, 1]},
								"up": {"uv": [57, 104], "uv_size": [1, 1]},
								"down": {"uv": [58, 105], "uv_size": [1, -1]}
							}
						},
						{
							"origin": [8.375, 29.425, 0.74],
							"size": [0.875, 0.875, 3.092],
							"pivot": [8.125, 16.215, 12.1],
							"rotation": [0, 0, -45],
							"uv": {
								"north": {"uv": [35, 104], "uv_size": [1, 1]},
								"east": {"uv": [100, 65], "uv_size": [3, 1]},
								"south": {"uv": [36, 104], "uv_size": [1, 1]},
								"west": {"uv": [100, 66], "uv_size": [3, 1]},
								"up": {"uv": [42, 100], "uv_size": [1, 3]},
								"down": {"uv": [55, 103], "uv_size": [1, -3]}
							}
						},
						{
							"origin": [8.74, 29.8, 3.99],
							"size": [0.31, 0.31, 0.467],
							"pivot": [8.125, 16.215, 12.6],
							"rotation": [0, 0, -45],
							"uv": {
								"north": {"uv": [59, 104], "uv_size": [1, 1]},
								"east": {"uv": [60, 104], "uv_size": [1, 1]},
								"south": {"uv": [61, 104], "uv_size": [1, 1]},
								"west": {"uv": [62, 104], "uv_size": [1, 1]},
								"up": {"uv": [63, 104], "uv_size": [1, 1]},
								"down": {"uv": [64, 105], "uv_size": [1, -1]}
							}
						},
						{
							"origin": [-1, 26.28, 2.865],
							"size": [1.75, 0.375, 1.592],
							"uv": {
								"north": {"uv": [73, 102], "uv_size": [2, 1]},
								"east": {"uv": [75, 102], "uv_size": [2, 1]},
								"south": {"uv": [102, 82], "uv_size": [2, 1]},
								"west": {"uv": [84, 102], "uv_size": [2, 1]},
								"up": {"uv": [0, 99], "uv_size": [2, 2]},
								"down": {"uv": [2, 101], "uv_size": [2, -2]}
							}
						},
						{
							"origin": [0.575, 26.26, 2.865],
							"size": [0.25, 0.425, 1.592],
							"uv": {
								"north": {"uv": [104, 64], "uv_size": [1, 1]},
								"east": {"uv": [86, 102], "uv_size": [2, 1]},
								"south": {"uv": [65, 104], "uv_size": [1, 1]},
								"west": {"uv": [88, 102], "uv_size": [2, 1]},
								"up": {"uv": [77, 102], "uv_size": [1, 2]},
								"down": {"uv": [90, 104], "uv_size": [1, -2]}
							}
						},
						{
							"origin": [-1.05, 26.26, 2.865],
							"size": [0.75, 0.425, 1.592],
							"uv": {
								"north": {"uv": [69, 104], "uv_size": [1, 1]},
								"east": {"uv": [102, 90], "uv_size": [2, 1]},
								"south": {"uv": [70, 104], "uv_size": [1, 1]},
								"west": {"uv": [91, 102], "uv_size": [2, 1]},
								"up": {"uv": [102, 91], "uv_size": [1, 2]},
								"down": {"uv": [93, 104], "uv_size": [1, -2]}
							}
						},
						{
							"origin": [8.25, 28.55, 0.99],
							"size": [1, 1, 3.842],
							"pivot": [8.125, 15.465, 12.35],
							"rotation": [0, 0, -45],
							"uv": {
								"north": {"uv": [104, 36], "uv_size": [1, 1]},
								"east": {"uv": [98, 92], "uv_size": [4, 1]},
								"south": {"uv": [37, 104], "uv_size": [1, 1]},
								"west": {"uv": [93, 98], "uv_size": [4, 1]},
								"up": {"uv": [86, 98], "uv_size": [1, 4]},
								"down": {"uv": [87, 102], "uv_size": [1, -4]}
							}
						},
						{
							"origin": [8.5, 28.8, 4.74],
							"size": [0.5, 0.5, 0.217],
							"pivot": [8.125, 15.465, 12.475],
							"rotation": [0, 0, -45],
							"uv": {
								"north": {"uv": [46, 104], "uv_size": [1, 1]},
								"east": {"uv": [104, 46], "uv_size": [1, 1]},
								"south": {"uv": [104, 47], "uv_size": [1, 1]},
								"west": {"uv": [49, 104], "uv_size": [1, 1]},
								"up": {"uv": [51, 104], "uv_size": [1, 1]},
								"down": {"uv": [52, 105], "uv_size": [1, -1]}
							}
						},
						{
							"origin": [-13.6, 28.13, 0.324],
							"size": [1, 1.4, 0.5],
							"pivot": [-10.75, 14, 12.375],
							"rotation": [0, 0, 45],
							"uv": {
								"north": {"uv": [24, 104], "uv_size": [1, 1]},
								"east": {"uv": [104, 24], "uv_size": [1, 1]},
								"south": {"uv": [25, 104], "uv_size": [1, 1]},
								"west": {"uv": [104, 25], "uv_size": [1, 1]},
								"up": {"uv": [26, 104], "uv_size": [1, 1]},
								"down": {"uv": [104, 27], "uv_size": [1, -1]}
							}
						},
						{
							"origin": [-2.75, 25, 0.325],
							"size": [3.5, 1, 0.5],
							"uv": {
								"north": {"uv": [98, 48], "uv_size": [4, 1]},
								"east": {"uv": [27, 104], "uv_size": [1, 1]},
								"south": {"uv": [80, 98], "uv_size": [4, 1]},
								"west": {"uv": [28, 104], "uv_size": [1, 1]},
								"up": {"uv": [98, 90], "uv_size": [4, 1]},
								"down": {"uv": [98, 92], "uv_size": [4, -1]}
							}
						},
						{
							"origin": [-1.75, 26, 0.325],
							"size": [1.5, 1, 0.5],
							"uv": {
								"north": {"uv": [102, 36], "uv_size": [2, 1]},
								"east": {"uv": [29, 104], "uv_size": [1, 1]},
								"south": {"uv": [37, 102], "uv_size": [2, 1]},
								"west": {"uv": [30, 104], "uv_size": [1, 1]},
								"up": {"uv": [39, 102], "uv_size": [2, 1]},
								"down": {"uv": [102, 41], "uv_size": [2, -1]}
							}
						},
						{
							"origin": [12.95, 33.1, 0.324],
							"size": [0.7, 1.4, 0.5],
							"pivot": [15.75, 14, 12.375],
							"rotation": [0, 0, -45],
							"uv": {
								"north": {"uv": [104, 30], "uv_size": [1, 1]},
								"east": {"uv": [31, 104], "uv_size": [1, 1]},
								"south": {"uv": [104, 31], "uv_size": [1, 1]},
								"west": {"uv": [32, 104], "uv_size": [1, 1]},
								"up": {"uv": [104, 32], "uv_size": [1, 1]},
								"down": {"uv": [33, 105], "uv_size": [1, -1]}
							}
						}
					]
				},
				{
					"name": "bullet",
					"parent": "main",
					"pivot": [-0.15, 22.9, -25.7],
					"cubes": [
						{
							"origin": [-1.3, 23.8, -24.7],
							"size": [1, 1, 8],
							"inflate": 0.2,
							"pivot": [-0.15, 24.9, -24.7],
							"rotation": [0, 0, 45],
							"uv": {
								"north": {"uv": [94, 104], "uv_size": [1, 1]},
								"east": {"uv": [94, 40], "uv_size": [8, 1]},
								"south": {"uv": [103, 92], "uv_size": [1, 1]},
								"west": {"uv": [94, 41], "uv_size": [8, 1]},
								"up": {"uv": [23, 94], "uv_size": [1, 8]},
								"down": {"uv": [24, 102], "uv_size": [1, -8]}
							}
						}
					]
				},
				{
					"name": "bullet2",
					"parent": "main",
					"pivot": [-0.15, 26.4, -15.7],
					"cubes": [
						{
							"origin": [-1.3, 23.8, -24.7],
							"size": [1, 1, 8],
							"inflate": 0.2,
							"pivot": [-0.15, 24.9, -24.7],
							"rotation": [0, 0, 45],
							"uv": {
								"north": {"uv": [94, 104], "uv_size": [1, 1]},
								"east": {"uv": [94, 40], "uv_size": [8, 1]},
								"south": {"uv": [103, 92], "uv_size": [1, 1]},
								"west": {"uv": [94, 41], "uv_size": [8, 1]},
								"up": {"uv": [23, 94], "uv_size": [1, 8]},
								"down": {"uv": [24, 102], "uv_size": [1, -8]}
							}
						}
					]
				},
				{
					"name": "rightarm",
					"parent": "main",
					"pivot": [-4.3, 8.8, 21.8],
					"rotation": [-101.81106, -12.40003, -2.46982],
					"cubes": [
						{
							"origin": [-8.3, -8.2, 9.8],
							"size": [8, 24, 8],
							"pivot": [-1.3, -3.2, 18.8],
							"rotation": [0, 0, -22.5],
							"uv": {
								"north": {"uv": [0, 0], "uv_size": [8, 24]},
								"east": {"uv": [8, 0], "uv_size": [8, 24]},
								"south": {"uv": [16, 0], "uv_size": [8, 24]},
								"west": {"uv": [0, 24], "uv_size": [8, 24]},
								"up": {"uv": [64, 14], "uv_size": [8, 8]},
								"down": {"uv": [64, 30], "uv_size": [8, -8]}
							}
						}
					]
				},
				{
					"name": "leftarm",
					"parent": "main",
					"pivot": [10.7, 11.3, -8.6],
					"rotation": [-119.61483, 1.67666, -38.31282],
					"cubes": [
						{
							"origin": [6.7, -12.7, -12.6],
							"size": [8, 24, 8],
							"uv": {
								"north": {"uv": [24, 0], "uv_size": [8, 24]},
								"east": {"uv": [8, 24], "uv_size": [8, 24]},
								"south": {"uv": [16, 24], "uv_size": [8, 24]},
								"west": {"uv": [24, 24], "uv_size": [8, 24]},
								"up": {"uv": [64, 56], "uv_size": [8, 8]},
								"down": {"uv": [64, 72], "uv_size": [8, -8]}
							}
						}
					]
				},
				{
					"name": "muzzleflash",
					"parent": "main",
					"pivot": [-1, 24.975, -102.25],
					"cubes": [
						{
							"origin": [-1.5, 24.475, -102.425],
							"size": [1, 1, 1],
							"inflate": -0.4,
							"uv": {
								"north": {"uv": [47, 76], "uv_size": [1, 1]},
								"east": {"uv": [27, 82], "uv_size": [1, 1]},
								"south": {"uv": [55, 83], "uv_size": [1, 1]},
								"west": {"uv": [71, 84], "uv_size": [1, 1]},
								"up": {"uv": [15, 88], "uv_size": [1, 1]},
								"down": {"uv": [8, 90], "uv_size": [1, -1]}
							}
						}
					]
				},
				{
					"name": "scope",
					"parent": "main",
					"pivot": [-1, 27.8, 4.75],
					"cubes": [
						{
							"origin": [-1.5, 27.3, 4.25],
							"size": [1, 1, 1],
							"inflate": -0.4,
							"uv": {
								"north": {"uv": [19, 89], "uv_size": [1, 1]},
								"east": {"uv": [23, 90], "uv_size": [1, 1]},
								"south": {"uv": [91, 30], "uv_size": [1, 1]},
								"west": {"uv": [76, 103], "uv_size": [1, 1]},
								"up": {"uv": [103, 77], "uv_size": [1, 1]},
								"down": {"uv": [78, 104], "uv_size": [1, -1]}
							}
						}
					]
				},
				{
					"name": "_cb_scope2",
					"parent": "main",
					"pivot": [4.25, 28.8125, -13.0625],
					"cubes": [
						{
							"origin": [0.5625, 25.375, -14.3125],
							"size": [1, 1, 1],
							"uv": {
								"north": {"uv": [0, 0], "uv_size": [1, 1]},
								"east": {"uv": [0, 0], "uv_size": [1, 1]},
								"south": {"uv": [0, 0], "uv_size": [1, 1]},
								"west": {"uv": [0, 0], "uv_size": [1, 1]},
								"up": {"uv": [1, 1], "uv_size": [-1, -1]},
								"down": {"uv": [1, 1], "uv_size": [-1, -1]}
							}
						}
					]
				},
				{
					"name": "_cb_scope3",
					"parent": "main",
					"pivot": [1.5, 26.375, -16.625],
					"cubes": [
						{
							"origin": [0.4375, 25.125, -17.625],
							"size": [1, 1, 1],
							"uv": {
								"north": {"uv": [15, 11], "uv_size": [1, 1]},
								"east": {"uv": [19, 10], "uv_size": [1, 1]},
								"south": {"uv": [8, 27], "uv_size": [1, 1]},
								"west": {"uv": [29, 20], "uv_size": [1, 1]},
								"up": {"uv": [32, 13], "uv_size": [1, 1]},
								"down": {"uv": [35, 13], "uv_size": [1, -1]}
							}
						}
					]
				}
			]
		}
	]
}