{
	"format_version": "1.12.0",
	"minecraft:geometry": [
		{
			"description": {
				"identifier": "geometry.unknown",
				"texture_width": 128,
				"texture_height": 128,
				"visible_bounds_width": 8,
				"visible_bounds_height": 4,
				"visible_bounds_offset": [0, 1, 0]
			},
			"bones": [
				{
					"name": "main",
					"pivot": [0, 20, 0]
				},
				{
					"name": "gun",
					"parent": "main",
					"pivot": [1, 11, -1]
				},
				{
					"name": "Bolt",
					"parent": "gun",
					"pivot": [-12, 15.875, 27.125],
					"cubes": [
						{
							"origin": [-3.125, 26.25, -10.75],
							"size": [1.375, 1.625, 8.5],
							"uv": {
								"north": {"uv": [13, 109], "uv_size": [1, 2]},
								"east": {"uv": [93, 30], "uv_size": [9, 2]},
								"south": {"uv": [14, 109], "uv_size": [1, 2]},
								"west": {"uv": [94, 32], "uv_size": [9, 2]},
								"up": {"uv": [40, 100], "uv_size": [1, 9]},
								"down": {"uv": [29, 110], "uv_size": [1, -9]}
							}
						},
						{
							"origin": [-3.375, 26.625, -10.5],
							"size": [1.125, 1, 1],
							"uv": {
								"north": {"uv": [110, 98], "uv_size": [1, 1]},
								"east": {"uv": [110, 99], "uv_size": [1, 1]},
								"south": {"uv": [110, 100], "uv_size": [1, 1]},
								"west": {"uv": [110, 101], "uv_size": [1, 1]},
								"up": {"uv": [110, 102], "uv_size": [1, 1]},
								"down": {"uv": [110, 104], "uv_size": [1, -1]}
							}
						},
						{
							"origin": [-5.875, 26.75, -10.375],
							"size": [2.5, 0.75, 0.75],
							"uv": {
								"north": {"uv": [108, 67], "uv_size": [3, 1]},
								"east": {"uv": [111, 48], "uv_size": [1, 1]},
								"south": {"uv": [108, 74], "uv_size": [3, 1]},
								"west": {"uv": [49, 111], "uv_size": [1, 1]},
								"up": {"uv": [108, 75], "uv_size": [3, 1]},
								"down": {"uv": [79, 109], "uv_size": [3, -1]}
							}
						},
						{
							"origin": [-7, 26.375, -10.75],
							"size": [1.5, 1.5, 1.5],
							"uv": {
								"north": {"uv": [7, 108], "uv_size": [2, 2]},
								"east": {"uv": [9, 108], "uv_size": [2, 2]},
								"south": {"uv": [108, 17], "uv_size": [2, 2]},
								"west": {"uv": [25, 108], "uv_size": [2, 2]},
								"up": {"uv": [27, 108], "uv_size": [2, 2]},
								"down": {"uv": [30, 110], "uv_size": [2, -2]}
							}
						},
						{
							"origin": [9.95, 35.17, -10.75],
							"size": [0.7, 1.4, 8.5],
							"pivot": [15.875, 15.625, 27.125],
							"rotation": [0, 0, -45],
							"uv": {
								"north": {"uv": [97, 110], "uv_size": [1, 1]},
								"east": {"uv": [97, 21], "uv_size": [9, 1]},
								"south": {"uv": [110, 97], "uv_size": [1, 1]},
								"west": {"uv": [97, 39], "uv_size": [9, 1]},
								"up": {"uv": [59, 99], "uv_size": [1, 9]},
								"down": {"uv": [33, 109], "uv_size": [1, -9]}
							}
						},
						{
							"origin": [-13.975, 30.005, -10.75],
							"size": [1, 1.4, 8.5],
							"pivot": [-11.125, 15.875, 27.125],
							"rotation": [0, 0, 45],
							"uv": {
								"north": {"uv": [110, 95], "uv_size": [1, 1]},
								"east": {"uv": [94, 63], "uv_size": [9, 1]},
								"south": {"uv": [110, 96], "uv_size": [1, 1]},
								"west": {"uv": [96, 52], "uv_size": [9, 1]},
								"up": {"uv": [23, 98], "uv_size": [1, 9]},
								"down": {"uv": [44, 107], "uv_size": [1, -9]}
							}
						}
					]
				},
				{
					"name": "Metal",
					"parent": "gun",
					"pivot": [0, 8, 1],
					"cubes": [
						{
							"origin": [-2.2275, 28.07812, -15.49504],
							"size": [2.415, 1.35844, 19.7225],
							"uv": {
								"north": {"uv": [109, 11], "uv_size": [2, 1]},
								"east": {"uv": [91, 58], "uv_size": [20, 1]},
								"south": {"uv": [53, 109], "uv_size": [2, 1]},
								"west": {"uv": [91, 59], "uv_size": [20, 1]},
								"up": {"uv": [52, 76], "uv_size": [2, 20]},
								"down": {"uv": [54, 96], "uv_size": [2, -20]}
							}
						},
						{
							"origin": [-2.2275, 24.68437, -15.49504],
							"size": [2.415, 1.35844, 19.7225],
							"uv": {
								"north": {"uv": [4, 109], "uv_size": [2, 1]},
								"east": {"uv": [79, 42], "uv_size": [20, 1]},
								"south": {"uv": [109, 4], "uv_size": [2, 1]},
								"west": {"uv": [87, 64], "uv_size": [20, 1]},
								"up": {"uv": [48, 76], "uv_size": [2, 20]},
								"down": {"uv": [50, 96], "uv_size": [2, -20]}
							}
						},
						{
							"origin": [16.1265, 36.80231, -15.49625],
							"size": [0.84525, 1.6905, 19.7225],
							"pivot": [19.5075, 13.73906, 31.99875],
							"rotation": [0, 0, -45],
							"uv": {
								"north": {"uv": [89, 108], "uv_size": [1, 2]},
								"east": {"uv": [52, 26], "uv_size": [20, 2]},
								"south": {"uv": [97, 108], "uv_size": [1, 2]},
								"west": {"uv": [68, 4], "uv_size": [20, 2]},
								"up": {"uv": [34, 83], "uv_size": [1, 20]},
								"down": {"uv": [35, 103], "uv_size": [1, -20]}
							}
						},
						{
							"origin": [-0.26531, 25.89188, -15.49625],
							"size": [1.66031, 2.415, 19.7225],
							"uv": {
								"north": {"uv": [64, 106], "uv_size": [2, 2]},
								"east": {"uv": [68, 6], "uv_size": [20, 2]},
								"south": {"uv": [106, 66], "uv_size": [2, 2]},
								"west": {"uv": [72, 26], "uv_size": [20, 2]},
								"up": {"uv": [26, 69], "uv_size": [2, 20]},
								"down": {"uv": [75, 80], "uv_size": [2, -20]}
							}
						},
						{
							"origin": [-16.53637, 30.83123, -15.49625],
							"size": [1.2075, 1.6905, 19.7225],
							"pivot": [-13.095, 13.73906, 31.99875],
							"rotation": [0, 0, 45],
							"uv": {
								"north": {"uv": [109, 9], "uv_size": [1, 2]},
								"east": {"uv": [76, 51], "uv_size": [20, 2]},
								"south": {"uv": [12, 109], "uv_size": [1, 2]},
								"west": {"uv": [77, 20], "uv_size": [20, 2]},
								"up": {"uv": [61, 91], "uv_size": [1, 20]},
								"down": {"uv": [24, 112], "uv_size": [1, -20]}
							}
						},
						{
							"origin": [-13.13122, 30.69773, -15.49625],
							"size": [1.2075, 1.6905, 19.7225],
							"pivot": [-13.095, 13.06219, 31.99875],
							"rotation": [0, 0, 45],
							"uv": {
								"north": {"uv": [0, 109], "uv_size": [1, 2]},
								"east": {"uv": [75, 43], "uv_size": [20, 2]},
								"south": {"uv": [109, 0], "uv_size": [1, 2]},
								"west": {"uv": [75, 45], "uv_size": [20, 2]},
								"up": {"uv": [71, 86], "uv_size": [1, 20]},
								"down": {"uv": [66, 107], "uv_size": [1, -20]}
							}
						},
						{
							"origin": [-3.435, 25.89188, -15.49625],
							"size": [1.78531, 2.415, 4.7225],
							"uv": {
								"north": {"uv": [106, 80], "uv_size": [2, 2]},
								"east": {"uv": [100, 48], "uv_size": [5, 2]},
								"south": {"uv": [106, 82], "uv_size": [2, 2]},
								"west": {"uv": [100, 54], "uv_size": [5, 2]},
								"up": {"uv": [93, 100], "uv_size": [2, 5]},
								"down": {"uv": [98, 105], "uv_size": [2, -5]}
							}
						},
						{
							"origin": [-3.435, 25.89188, -2.24625],
							"size": [1.78531, 2.415, 5.3475],
							"uv": {
								"north": {"uv": [107, 68], "uv_size": [2, 2]},
								"east": {"uv": [100, 56], "uv_size": [5, 2]},
								"south": {"uv": [107, 70], "uv_size": [2, 2]},
								"west": {"uv": [100, 100], "uv_size": [5, 2]},
								"up": {"uv": [25, 101], "uv_size": [2, 5]},
								"down": {"uv": [27, 106], "uv_size": [2, -5]}
							}
						},
						{
							"origin": [-3.435, 25.89188, -10.87125],
							"size": [1.78531, 0.54, 8.7225],
							"uv": {
								"north": {"uv": [110, 17], "uv_size": [2, 1]},
								"east": {"uv": [101, 88], "uv_size": [9, 1]},
								"south": {"uv": [110, 18], "uv_size": [2, 1]},
								"west": {"uv": [102, 19], "uv_size": [9, 1]},
								"up": {"uv": [87, 93], "uv_size": [2, 9]},
								"down": {"uv": [89, 102], "uv_size": [2, -9]}
							}
						},
						{
							"origin": [-2.935, 26.39188, -10.87125],
							"size": [1.28531, 1.54, 8.7225],
							"uv": {
								"north": {"uv": [11, 110], "uv_size": [1, 2]},
								"east": {"uv": [94, 34], "uv_size": [9, 2]},
								"south": {"uv": [27, 110], "uv_size": [1, 2]},
								"west": {"uv": [94, 60], "uv_size": [9, 2]},
								"up": {"uv": [82, 101], "uv_size": [1, 9]},
								"down": {"uv": [83, 110], "uv_size": [1, -9]}
							}
						},
						{
							"origin": [-3.435, 27.76688, -10.87125],
							"size": [1.78531, 0.54, 8.7225],
							"uv": {
								"north": {"uv": [110, 21], "uv_size": [2, 1]},
								"east": {"uv": [102, 20], "uv_size": [9, 1]},
								"south": {"uv": [25, 110], "uv_size": [2, 1]},
								"west": {"uv": [102, 65], "uv_size": [9, 1]},
								"up": {"uv": [5, 94], "uv_size": [2, 9]},
								"down": {"uv": [12, 103], "uv_size": [2, -9]}
							}
						},
						{
							"origin": [12.35306, 36.66278, -15.49625],
							"size": [0.84525, 1.6905, 19.7225],
							"pivot": [19.5075, 13.06219, 31.99875],
							"rotation": [0, 0, -45],
							"uv": {
								"north": {"uv": [1, 109], "uv_size": [1, 2]},
								"east": {"uv": [76, 47], "uv_size": [20, 2]},
								"south": {"uv": [109, 7], "uv_size": [1, 2]},
								"west": {"uv": [76, 49], "uv_size": [20, 2]},
								"up": {"uv": [45, 88], "uv_size": [1, 20]},
								"down": {"uv": [19, 111], "uv_size": [1, -20]}
							}
						},
						{
							"origin": [-18.1047, 31.17334, 3.06],
							"size": [1.33115, 1.86361, 1.59208],
							"pivot": [-14.31093, 12.33094, 35.27542],
							"rotation": [0, 0, 45],
							"uv": {
								"north": {"uv": [98, 109], "uv_size": [1, 2]},
								"east": {"uv": [0, 107], "uv_size": [2, 2]},
								"south": {"uv": [99, 109], "uv_size": [1, 2]},
								"west": {"uv": [107, 0], "uv_size": [2, 2]},
								"up": {"uv": [100, 109], "uv_size": [1, 2]},
								"down": {"uv": [101, 111], "uv_size": [1, -2]}
							}
						},
						{
							"origin": [-2.3306, 28.13833, 3.06827],
							"size": [2.6623, 1.49754, 1.59208],
							"uv": {
								"north": {"uv": [108, 55], "uv_size": [3, 1]},
								"east": {"uv": [93, 109], "uv_size": [2, 1]},
								"south": {"uv": [108, 56], "uv_size": [3, 1]},
								"west": {"uv": [95, 109], "uv_size": [2, 1]},
								"up": {"uv": [105, 54], "uv_size": [3, 2]},
								"down": {"uv": [56, 107], "uv_size": [3, -2]}
							}
						},
						{
							"origin": [-1.4556, 26.51333, 3.44327],
							"size": [0.9123, 0.87254, 3.34208],
							"uv": {
								"north": {"uv": [111, 49], "uv_size": [1, 1]},
								"east": {"uv": [108, 80], "uv_size": [3, 1]},
								"south": {"uv": [50, 111], "uv_size": [1, 1]},
								"west": {"uv": [108, 81], "uv_size": [3, 1]},
								"up": {"uv": [57, 108], "uv_size": [1, 3]},
								"down": {"uv": [59, 111], "uv_size": [1, -3]}
							}
						},
						{
							"origin": [-0.5806, 26.26333, 3.44327],
							"size": [1.6623, 1.37254, 1.59208],
							"uv": {
								"north": {"uv": [28, 110], "uv_size": [2, 1]},
								"east": {"uv": [30, 110], "uv_size": [2, 1]},
								"south": {"uv": [110, 31], "uv_size": [2, 1]},
								"west": {"uv": [110, 32], "uv_size": [2, 1]},
								"up": {"uv": [108, 32], "uv_size": [2, 2]},
								"down": {"uv": [108, 36], "uv_size": [2, -2]}
							}
						},
						{
							"origin": [-3.0806, 26.26333, 3.44327],
							"size": [1.6623, 1.37254, 1.59208],
							"uv": {
								"north": {"uv": [110, 33], "uv_size": [2, 1]},
								"east": {"uv": [110, 34], "uv_size": [2, 1]},
								"south": {"uv": [110, 35], "uv_size": [2, 1]},
								"west": {"uv": [36, 110], "uv_size": [2, 1]},
								"up": {"uv": [37, 108], "uv_size": [2, 2]},
								"down": {"uv": [108, 44], "uv_size": [2, -2]}
							}
						},
						{
							"origin": [-1.3306, 26.63833, 6.69327],
							"size": [0.6623, 0.62254, 0.21708],
							"uv": {
								"north": {"uv": [111, 51], "uv_size": [1, 1]},
								"east": {"uv": [52, 111], "uv_size": [1, 1]},
								"south": {"uv": [111, 54], "uv_size": [1, 1]},
								"west": {"uv": [111, 55], "uv_size": [1, 1]},
								"up": {"uv": [111, 56], "uv_size": [1, 1]},
								"down": {"uv": [57, 112], "uv_size": [1, -1]}
							}
						},
						{
							"origin": [-1.2056, 27.38833, 3.44327],
							"size": [0.4123, 0.12254, 2.71708],
							"uv": {
								"north": {"uv": [111, 50], "uv_size": [1, 1]},
								"east": {"uv": [108, 82], "uv_size": [3, 1]},
								"south": {"uv": [51, 111], "uv_size": [1, 1]},
								"west": {"uv": [108, 83], "uv_size": [3, 1]},
								"up": {"uv": [65, 108], "uv_size": [1, 3]},
								"down": {"uv": [70, 111], "uv_size": [1, -3]}
							}
						},
						{
							"origin": [17.90285, 37.75587, 3.06],
							"size": [0.9318, 1.86361, 1.59208],
							"pivot": [21.63007, 12.33094, 35.27542],
							"rotation": [0, 0, -45],
							"uv": {
								"north": {"uv": [81, 109], "uv_size": [1, 2]},
								"east": {"uv": [106, 104], "uv_size": [2, 2]},
								"south": {"uv": [84, 109], "uv_size": [1, 2]},
								"west": {"uv": [106, 106], "uv_size": [2, 2]},
								"up": {"uv": [85, 109], "uv_size": [1, 2]},
								"down": {"uv": [86, 111], "uv_size": [1, -2]}
							}
						},
						{
							"origin": [-1.79248, 25.7282, 3.06693],
							"size": [3.45533, 2.6623, 1.59208],
							"uv": {
								"north": {"uv": [79, 101], "uv_size": [3, 3]},
								"east": {"uv": [46, 105], "uv_size": [2, 3]},
								"south": {"uv": [101, 85], "uv_size": [3, 3]},
								"west": {"uv": [48, 105], "uv_size": [2, 3]},
								"up": {"uv": [105, 48], "uv_size": [3, 2]},
								"down": {"uv": [50, 107], "uv_size": [3, -2]}
							}
						},
						{
							"origin": [-1.91748, 26.7282, -1.18307],
							"size": [3.45533, 0.6623, 4.84208],
							"uv": {
								"north": {"uv": [112, 17], "uv_size": [3, 1]},
								"east": {"uv": [15, 112], "uv_size": [5, 1]},
								"south": {"uv": [112, 18], "uv_size": [3, 1]},
								"west": {"uv": [112, 16], "uv_size": [5, 1]},
								"up": {"uv": [112, 11], "uv_size": [3, 5]},
								"down": {"uv": [12, 117], "uv_size": [3, -5]}
							}
						},
						{
							"origin": [0.95752, 7.1032, -21.80807],
							"size": [0.33033, 1.575, 1.575],
							"pivot": [-0.0433, -11.0759, 11.40042],
							"rotation": [-45, 0, 0],
							"uv": {
								"north": {"uv": [112, 26], "uv_size": [1, 2]},
								"east": {"uv": [23, 112], "uv_size": [2, 2]},
								"south": {"uv": [27, 112], "uv_size": [1, 2]},
								"west": {"uv": [25, 112], "uv_size": [2, 2]},
								"up": {"uv": [28, 112], "uv_size": [1, 2]},
								"down": {"uv": [112, 30], "uv_size": [1, -2]}
							}
						},
						{
							"origin": [1.08252, 7.4782, -21.43307],
							"size": [0.33033, 0.825, 0.825],
							"pivot": [0.0817, -11.0759, 11.40042],
							"rotation": [-45, 0, 0],
							"uv": {
								"north": {"uv": [112, 19], "uv_size": [1, 1]},
								"east": {"uv": [20, 112], "uv_size": [1, 1]},
								"south": {"uv": [112, 20], "uv_size": [1, 1]},
								"west": {"uv": [21, 112], "uv_size": [1, 1]},
								"up": {"uv": [112, 21], "uv_size": [1, 1]},
								"down": {"uv": [22, 113], "uv_size": [1, -1]}
							}
						},
						{
							"origin": [0.95752, 5.3532, -20.80807],
							"size": [0.45533, 0.825, 0.2],
							"pivot": [-0.0433, -10.5759, 12.02542],
							"rotation": [-45, 0, 0],
							"uv": {
								"north": {"uv": [112, 32], "uv_size": [1, 1]},
								"east": {"uv": [33, 112], "uv_size": [1, 1]},
								"south": {"uv": [112, 33], "uv_size": [1, 1]},
								"west": {"uv": [34, 112], "uv_size": [1, 1]},
								"up": {"uv": [112, 34], "uv_size": [1, 1]},
								"down": {"uv": [35, 113], "uv_size": [1, -1]}
							}
						},
						{
							"origin": [0.95752, 5.3532, -20.68307],
							"size": [0.33033, 1.45, 0.45],
							"pivot": [-0.0433, -10.5759, 12.02542],
							"rotation": [-45, 0, 0],
							"uv": {
								"north": {"uv": [29, 112], "uv_size": [1, 1]},
								"east": {"uv": [30, 112], "uv_size": [1, 1]},
								"south": {"uv": [112, 30], "uv_size": [1, 1]},
								"west": {"uv": [31, 112], "uv_size": [1, 1]},
								"up": {"uv": [112, 31], "uv_size": [1, 1]},
								"down": {"uv": [32, 113], "uv_size": [1, -1]}
							}
						},
						{
							"origin": [-3.54248, 26.1032, 0.81693],
							"size": [0.20533, 0.5373, 2.84208],
							"uv": {
								"north": {"uv": [112, 10], "uv_size": [1, 1]},
								"east": {"uv": [112, 6], "uv_size": [3, 1]},
								"south": {"uv": [11, 112], "uv_size": [1, 1]},
								"west": {"uv": [7, 112], "uv_size": [3, 1]},
								"up": {"uv": [112, 7], "uv_size": [1, 3]},
								"down": {"uv": [10, 115], "uv_size": [1, -3]}
							}
						},
						{
							"origin": [-14.35086, 31.02617, 3.06],
							"size": [1.33115, 1.86361, 1.59208],
							"pivot": [-14.31093, 11.58476, 35.27542],
							"rotation": [0, 0, 45],
							"uv": {
								"north": {"uv": [109, 72], "uv_size": [1, 2]},
								"east": {"uv": [106, 97], "uv_size": [2, 2]},
								"south": {"uv": [109, 76], "uv_size": [1, 2]},
								"west": {"uv": [106, 102], "uv_size": [2, 2]},
								"up": {"uv": [79, 109], "uv_size": [1, 2]},
								"down": {"uv": [80, 111], "uv_size": [1, -2]}
							}
						},
						{
							"origin": [-2.3306, 24.39706, 3.06827],
							"size": [2.6623, 1.49754, 1.59208],
							"uv": {
								"north": {"uv": [54, 108], "uv_size": [3, 1]},
								"east": {"uv": [109, 70], "uv_size": [2, 1]},
								"south": {"uv": [108, 54], "uv_size": [3, 1]},
								"west": {"uv": [109, 71], "uv_size": [2, 1]},
								"up": {"uv": [104, 50], "uv_size": [3, 2]},
								"down": {"uv": [105, 19], "uv_size": [3, -2]}
							}
						},
						{
							"origin": [-3.66174, 25.7282, 3.06693],
							"size": [1.96813, 2.6623, 1.59208],
							"uv": {
								"north": {"uv": [105, 11], "uv_size": [2, 3]},
								"east": {"uv": [105, 14], "uv_size": [2, 3]},
								"south": {"uv": [105, 28], "uv_size": [2, 3]},
								"west": {"uv": [105, 36], "uv_size": [2, 3]},
								"up": {"uv": [95, 106], "uv_size": [2, 2]},
								"down": {"uv": [106, 97], "uv_size": [2, -2]}
							}
						},
						{
							"origin": [13.74302, 37.60204, 3.06],
							"size": [0.9318, 1.86361, 1.59208],
							"pivot": [21.63007, 11.58476, 35.27542],
							"rotation": [0, 0, -45],
							"uv": {
								"north": {"uv": [60, 109], "uv_size": [1, 2]},
								"east": {"uv": [88, 106], "uv_size": [2, 2]},
								"south": {"uv": [64, 109], "uv_size": [1, 2]},
								"west": {"uv": [106, 93], "uv_size": [2, 2]},
								"up": {"uv": [109, 68], "uv_size": [1, 2]},
								"down": {"uv": [69, 111], "uv_size": [1, -2]}
							}
						},
						{
							"origin": [-2.2275, 28.07812, -59.87004],
							"size": [2.415, 1.35844, 37.5975],
							"uv": {
								"north": {"uv": [109, 63], "uv_size": [2, 1]},
								"east": {"uv": [76, 53], "uv_size": [38, 1]},
								"south": {"uv": [67, 109], "uv_size": [2, 1]},
								"west": {"uv": [77, 22], "uv_size": [38, 1]},
								"up": {"uv": [8, 52], "uv_size": [2, 38]},
								"down": {"uv": [10, 90], "uv_size": [2, -38]}
							}
						},
						{
							"origin": [-16.53637, 30.83123, -59.87],
							"size": [1.2075, 1.6905, 37.5975],
							"pivot": [-13.095, 13.73906, 5.49875],
							"rotation": [0, 0, 45],
							"uv": {
								"north": {"uv": [33, 109], "uv_size": [1, 2]},
								"east": {"uv": [52, 16], "uv_size": [38, 2]},
								"south": {"uv": [40, 109], "uv_size": [1, 2]},
								"west": {"uv": [52, 18], "uv_size": [38, 2]},
								"up": {"uv": [73, 76], "uv_size": [1, 38]},
								"down": {"uv": [74, 114], "uv_size": [1, -38]}
							}
						},
						{
							"origin": [-16.66137, 31.33123, -57.62],
							"size": [1.2075, 0.825, 0.825],
							"pivot": [-13.095, 13.73906, 5.49875],
							"rotation": [0, 0, 45],
							"uv": {
								"north": {"uv": [112, 35], "uv_size": [1, 1]},
								"east": {"uv": [36, 112], "uv_size": [1, 1]},
								"south": {"uv": [112, 36], "uv_size": [1, 1]},
								"west": {"uv": [37, 112], "uv_size": [1, 1]},
								"up": {"uv": [112, 37], "uv_size": [1, 1]},
								"down": {"uv": [38, 113], "uv_size": [1, -1]}
							}
						},
						{
							"origin": [-16.91137, 31.45623, -57.495],
							"size": [0.9575, 0.575, 0.575],
							"pivot": [-13.095, 13.73906, 5.49875],
							"rotation": [0, 0, 45],
							"uv": {
								"north": {"uv": [112, 38], "uv_size": [1, 1]},
								"east": {"uv": [39, 112], "uv_size": [1, 1]},
								"south": {"uv": [112, 39], "uv_size": [1, 1]},
								"west": {"uv": [40, 112], "uv_size": [1, 1]},
								"up": {"uv": [112, 40], "uv_size": [1, 1]},
								"down": {"uv": [41, 113], "uv_size": [1, -1]}
							}
						},
						{
							"origin": [-3.435, 25.89188, -59.87125],
							"size": [3.16031, 2.415, 37.5975],
							"uv": {
								"north": {"uv": [72, 67], "uv_size": [3, 2]},
								"east": {"uv": [52, 12], "uv_size": [38, 2]},
								"south": {"uv": [41, 80], "uv_size": [3, 2]},
								"west": {"uv": [52, 14], "uv_size": [38, 2]},
								"up": {"uv": [41, 4], "uv_size": [3, 38]},
								"down": {"uv": [41, 80], "uv_size": [3, -38]}
							}
						},
						{
							"origin": [16.1265, 36.80231, -59.87],
							"size": [0.84525, 1.6905, 37.5975],
							"pivot": [19.5075, 13.73906, 5.49875],
							"rotation": [0, 0, -45],
							"uv": {
								"north": {"uv": [15, 109], "uv_size": [1, 2]},
								"east": {"uv": [52, 8], "uv_size": [38, 2]},
								"south": {"uv": [18, 109], "uv_size": [1, 2]},
								"west": {"uv": [52, 10], "uv_size": [38, 2]},
								"up": {"uv": [36, 72], "uv_size": [1, 38]},
								"down": {"uv": [72, 114], "uv_size": [1, -38]}
							}
						},
						{
							"origin": [-0.26531, 25.89188, -59.87125],
							"size": [1.66031, 2.415, 37.5975],
							"uv": {
								"north": {"uv": [106, 84], "uv_size": [2, 2]},
								"east": {"uv": [48, 28], "uv_size": [38, 2]},
								"south": {"uv": [106, 86], "uv_size": [2, 2]},
								"west": {"uv": [48, 30], "uv_size": [38, 2]},
								"up": {"uv": [48, 32], "uv_size": [2, 38]},
								"down": {"uv": [50, 70], "uv_size": [2, -38]}
							}
						},
						{
							"origin": [-3.3525, 24.68437, -59.87004],
							"size": [4.665, 1.35844, 35.7225],
							"uv": {
								"north": {"uv": [105, 52], "uv_size": [5, 1]},
								"east": {"uv": [77, 25], "uv_size": [36, 1]},
								"south": {"uv": [105, 79], "uv_size": [5, 1]},
								"west": {"uv": [79, 41], "uv_size": [36, 1]},
								"up": {"uv": [32, 0], "uv_size": [5, 36]},
								"down": {"uv": [32, 72], "uv_size": [5, -36]}
							}
						},
						{
							"origin": [-3.3525, 64.05937, -29.28],
							"size": [4.665, 1.35844, 1.4725],
							"pivot": [0.1875, 48.81469, 7.37375],
							"rotation": [60, 0, 0],
							"uv": {
								"north": {"uv": [105, 91], "uv_size": [5, 1]},
								"east": {"uv": [104, 110], "uv_size": [1, 1]},
								"south": {"uv": [105, 92], "uv_size": [5, 1]},
								"west": {"uv": [110, 104], "uv_size": [1, 1]},
								"up": {"uv": [105, 100], "uv_size": [5, 1]},
								"down": {"uv": [105, 102], "uv_size": [5, -1]}
							}
						},
						{
							"origin": [-1.8125, 26.25, -60.26],
							"size": [1.625, 1.625, 62.25],
							"uv": {
								"north": {"uv": [67, 106], "uv_size": [2, 2]},
								"east": {"uv": [37, 0], "uv_size": [63, 2]},
								"south": {"uv": [69, 106], "uv_size": [2, 2]},
								"west": {"uv": [37, 2], "uv_size": [63, 2]},
								"up": {"uv": [37, 4], "uv_size": [2, 63]},
								"down": {"uv": [39, 67], "uv_size": [2, -63]}
							}
						},
						{
							"origin": [-1.8125, 26.25, -60.76],
							"size": [1.625, 1.625, 0.5],
							"uv": {
								"north": {"uv": [14, 53], "uv_size": [2, 2]},
								"east": {"uv": [14, 57], "uv_size": [1, 2]},
								"south": {"uv": [12, 54], "uv_size": [2, 2]},
								"west": {"uv": [12, 60], "uv_size": [1, 2]},
								"up": {"uv": [14, 55], "uv_size": [2, 1]},
								"down": {"uv": [14, 63], "uv_size": [2, -1]}
							}
						},
						{
							"origin": [-0.4375, 26.25, -60.885],
							"size": [0.25, 1.625, 0.125],
							"uv": {
								"north": {"uv": [125.75, 121.875], "uv_size": [1, 2]},
								"east": {"uv": [13, 60], "uv_size": [1, 2]},
								"south": {"uv": [14, 60], "uv_size": [1, 2]},
								"west": {"uv": [15, 60], "uv_size": [1, 2]},
								"up": {"uv": [12, 62], "uv_size": [1, 1]},
								"down": {"uv": [13, 63], "uv_size": [1, -1]}
							}
						},
						{
							"origin": [-1.8125, 26.25, -60.885],
							"size": [0.25, 1.625, 0.125],
							"uv": {
								"north": {"uv": [0, 122.375], "uv_size": [1, 2]},
								"east": {"uv": [15, 57], "uv_size": [1, 2]},
								"south": {"uv": [12, 58], "uv_size": [1, 2]},
								"west": {"uv": [13, 58], "uv_size": [1, 2]},
								"up": {"uv": [14, 59], "uv_size": [1, 1]},
								"down": {"uv": [15, 60], "uv_size": [1, -1]}
							}
						},
						{
							"origin": [-1.5625, 27.625, -60.885],
							"size": [1.125, 0.25, 0.125],
							"uv": {
								"north": {"uv": [39.75, 127], "uv_size": [1, 1]},
								"east": {"uv": [12, 74], "uv_size": [1, 1]},
								"south": {"uv": [13, 74], "uv_size": [1, 1]},
								"west": {"uv": [14, 74], "uv_size": [1, 1]},
								"up": {"uv": [15, 74], "uv_size": [1, 1]},
								"down": {"uv": [12, 76], "uv_size": [1, -1]}
							}
						},
						{
							"origin": [-1.5625, 26.25, -60.885],
							"size": [1.125, 0.25, 0.125],
							"uv": {
								"north": {"uv": [18.375, 126.75], "uv_size": [1, 1]},
								"east": {"uv": [13, 56], "uv_size": [1, 1]},
								"south": {"uv": [14, 56], "uv_size": [1, 1]},
								"west": {"uv": [15, 56], "uv_size": [1, 1]},
								"up": {"uv": [12, 57], "uv_size": [1, 1]},
								"down": {"uv": [13, 58], "uv_size": [1, -1]}
							}
						},
						{
							"origin": [-1.8125, 24.5, -27.51],
							"size": [1.625, 0.25, 1.625],
							"uv": {
								"north": {"uv": [110, 39], "uv_size": [2, 1]},
								"east": {"uv": [110, 42], "uv_size": [2, 1]},
								"south": {"uv": [110, 43], "uv_size": [2, 1]},
								"west": {"uv": [110, 44], "uv_size": [2, 1]},
								"up": {"uv": [108, 44], "uv_size": [2, 2]},
								"down": {"uv": [45, 110], "uv_size": [2, -2]}
							}
						},
						{
							"origin": [-1.5625, 22.625, -27.26],
							"size": [1.125, 1.875, 1.125],
							"uv": {
								"north": {"uv": [38, 110], "uv_size": [1, 2]},
								"east": {"uv": [45, 110], "uv_size": [1, 2]},
								"south": {"uv": [46, 110], "uv_size": [1, 2]},
								"west": {"uv": [53, 110], "uv_size": [1, 2]},
								"up": {"uv": [111, 57], "uv_size": [1, 1]},
								"down": {"uv": [58, 112], "uv_size": [1, -1]}
							}
						},
						{
							"origin": [-1.5625, 20.75, -29.51],
							"size": [1.125, 1.125, 2.125],
							"uv": {
								"north": {"uv": [111, 59], "uv_size": [1, 1]},
								"east": {"uv": [110, 45], "uv_size": [2, 1]},
								"south": {"uv": [60, 111], "uv_size": [1, 1]},
								"west": {"uv": [110, 52], "uv_size": [2, 1]},
								"up": {"uv": [63, 110], "uv_size": [1, 2]},
								"down": {"uv": [67, 112], "uv_size": [1, -2]}
							}
						},
						{
							"origin": [-1.5625, 23.5, -35.885],
							"size": [1.125, 1.125, 1.875],
							"uv": {
								"north": {"uv": [111, 61], "uv_size": [1, 1]},
								"east": {"uv": [110, 62], "uv_size": [2, 1]},
								"south": {"uv": [111, 63], "uv_size": [1, 1]},
								"west": {"uv": [110, 68], "uv_size": [2, 1]},
								"up": {"uv": [68, 110], "uv_size": [1, 2]},
								"down": {"uv": [71, 112], "uv_size": [1, -2]}
							}
						},
						{
							"origin": [-1.5625, 22.5, -40.705],
							"size": [1.125, 1.125, 1.375],
							"uv": {
								"north": {"uv": [65, 111], "uv_size": [1, 1]},
								"east": {"uv": [111, 65], "uv_size": [1, 1]},
								"south": {"uv": [66, 111], "uv_size": [1, 1]},
								"west": {"uv": [111, 66], "uv_size": [1, 1]},
								"up": {"uv": [111, 67], "uv_size": [1, 1]},
								"down": {"uv": [69, 112], "uv_size": [1, -1]}
							}
						},
						{
							"origin": [-1.5625, 30.5, -36.885],
							"size": [1.125, 1.125, 4.125],
							"pivot": [0, 17.125, -7.75],
							"rotation": [15, 0, 0],
							"uv": {
								"north": {"uv": [64, 111], "uv_size": [1, 1]},
								"east": {"uv": [107, 78], "uv_size": [4, 1]},
								"south": {"uv": [111, 64], "uv_size": [1, 1]},
								"west": {"uv": [108, 40], "uv_size": [4, 1]},
								"up": {"uv": [32, 108], "uv_size": [1, 4]},
								"down": {"uv": [39, 112], "uv_size": [1, -4]}
							}
						},
						{
							"origin": [-1.5625, 14.75, -50.76],
							"size": [1.125, 1.125, 4],
							"pivot": [0, 1.375, -21.75],
							"rotation": [-20, 0, 0],
							"uv": {
								"north": {"uv": [70, 111], "uv_size": [1, 1]},
								"east": {"uv": [108, 46], "uv_size": [4, 1]},
								"south": {"uv": [111, 70], "uv_size": [1, 1]},
								"west": {"uv": [108, 47], "uv_size": [4, 1]},
								"up": {"uv": [47, 108], "uv_size": [1, 4]},
								"down": {"uv": [48, 112], "uv_size": [1, -4]}
							}
						},
						{
							"origin": [-1.5625, 11.25, -59.26],
							"size": [1.125, 1.125, 1.5],
							"pivot": [0, -2.125, -32.5],
							"rotation": [-37.5, 0, 0],
							"uv": {
								"north": {"uv": [111, 71], "uv_size": [1, 1]},
								"east": {"uv": [110, 69], "uv_size": [2, 1]},
								"south": {"uv": [111, 74], "uv_size": [1, 1]},
								"west": {"uv": [110, 72], "uv_size": [2, 1]},
								"up": {"uv": [110, 76], "uv_size": [1, 2]},
								"down": {"uv": [82, 112], "uv_size": [1, -2]}
							}
						},
						{
							"origin": [-1.5625, 10, -45.385],
							"size": [1.125, 1.125, 5.875],
							"pivot": [0, -3.375, -14.5],
							"rotation": [-30, 0, 0],
							"uv": {
								"north": {"uv": [111, 60], "uv_size": [1, 1]},
								"east": {"uv": [102, 99], "uv_size": [6, 1]},
								"south": {"uv": [61, 111], "uv_size": [1, 1]},
								"west": {"uv": [103, 63], "uv_size": [6, 1]},
								"up": {"uv": [97, 102], "uv_size": [1, 6]},
								"down": {"uv": [18, 109], "uv_size": [1, -6]}
							}
						},
						{
							"origin": [-1.5625, 8.75, -40.51],
							"size": [1.125, 2.25, 1.125],
							"pivot": [0, -4.25, -14.375],
							"rotation": [-35, 0, 0],
							"uv": {
								"north": {"uv": [54, 110], "uv_size": [1, 2]},
								"east": {"uv": [55, 110], "uv_size": [1, 2]},
								"south": {"uv": [56, 110], "uv_size": [1, 2]},
								"west": {"uv": [62, 110], "uv_size": [1, 2]},
								"up": {"uv": [111, 58], "uv_size": [1, 1]},
								"down": {"uv": [59, 112], "uv_size": [1, -1]}
							}
						},
						{
							"origin": [-14.6875, 29.375, 4.615],
							"size": [0.875, 0.875, 3.625],
							"pivot": [-11.75, 14.125, -1],
							"rotation": [0, 0, 45],
							"uv": {
								"north": {"uv": [30, 111], "uv_size": [1, 1]},
								"east": {"uv": [107, 50], "uv_size": [4, 1]},
								"south": {"uv": [111, 30], "uv_size": [1, 1]},
								"west": {"uv": [107, 51], "uv_size": [4, 1]},
								"up": {"uv": [43, 107], "uv_size": [1, 4]},
								"down": {"uv": [44, 111], "uv_size": [1, -4]}
							}
						},
						{
							"origin": [-11.9375, 29.375, 4.615],
							"size": [0.875, 0.875, 3.625],
							"pivot": [-9, 14.125, -1],
							"rotation": [0, 0, 45],
							"uv": {
								"north": {"uv": [31, 111], "uv_size": [1, 1]},
								"east": {"uv": [54, 107], "uv_size": [4, 1]},
								"south": {"uv": [33, 111], "uv_size": [1, 1]},
								"west": {"uv": [107, 60], "uv_size": [4, 1]},
								"up": {"uv": [50, 107], "uv_size": [1, 4]},
								"down": {"uv": [51, 111], "uv_size": [1, -4]}
							}
						},
						{
							"origin": [-12.9375, 31.5, 4.365],
							"size": [0.5, 0.5, 0.5],
							"pivot": [-10.25, 16.125, -4.375],
							"rotation": [0, 0, 45],
							"uv": {
								"north": {"uv": [112, 3], "uv_size": [1, 1]},
								"east": {"uv": [4, 112], "uv_size": [1, 1]},
								"south": {"uv": [112, 4], "uv_size": [1, 1]},
								"west": {"uv": [5, 112], "uv_size": [1, 1]},
								"up": {"uv": [112, 5], "uv_size": [1, 1]},
								"down": {"uv": [6, 113], "uv_size": [1, -1]}
							}
						},
						{
							"origin": [-2.0625, 26, -22.385],
							"size": [2.125, 2.125, 0.375],
							"uv": {
								"north": {"uv": [4, 107], "uv_size": [2, 2]},
								"east": {"uv": [102, 109], "uv_size": [1, 2]},
								"south": {"uv": [107, 4], "uv_size": [2, 2]},
								"west": {"uv": [103, 109], "uv_size": [1, 2]},
								"up": {"uv": [104, 109], "uv_size": [2, 1]},
								"down": {"uv": [106, 110], "uv_size": [2, -1]}
							}
						},
						{
							"origin": [-2.6875, 25.375, -60.01],
							"size": [3.375, 3.375, 0.375],
							"uv": {
								"north": {"uv": [102, 13], "uv_size": [3, 3]},
								"east": {"uv": [25, 92], "uv_size": [1, 3]},
								"south": {"uv": [102, 16], "uv_size": [3, 3]},
								"west": {"uv": [90, 102], "uv_size": [1, 3]},
								"up": {"uv": [108, 57], "uv_size": [3, 1]},
								"down": {"uv": [62, 109], "uv_size": [3, -1]}
							}
						},
						{
							"origin": [-2.3125, 25.75, -60.385],
							"size": [2.625, 2.625, 0.5],
							"uv": {
								"north": {"uv": [102, 29], "uv_size": [3, 3]},
								"east": {"uv": [4, 104], "uv_size": [1, 3]},
								"south": {"uv": [102, 36], "uv_size": [3, 3]},
								"west": {"uv": [49, 108], "uv_size": [1, 3]},
								"up": {"uv": [108, 66], "uv_size": [3, 1]},
								"down": {"uv": [67, 109], "uv_size": [3, -1]}
							}
						},
						{
							"origin": [-2.0625, 26, -15.76],
							"size": [2.125, 2.125, 0.375],
							"uv": {
								"north": {"uv": [107, 6], "uv_size": [2, 2]},
								"east": {"uv": [108, 109], "uv_size": [1, 2]},
								"south": {"uv": [107, 8], "uv_size": [2, 2]},
								"west": {"uv": [109, 109], "uv_size": [1, 2]},
								"up": {"uv": [110, 0], "uv_size": [2, 1]},
								"down": {"uv": [110, 2], "uv_size": [2, -1]}
							}
						},
						{
							"origin": [-1.9375, 26.125, -20.135],
							"size": [1.875, 1.875, 4.25],
							"uv": {
								"north": {"uv": [107, 10], "uv_size": [2, 2]},
								"east": {"uv": [102, 97], "uv_size": [4, 2]},
								"south": {"uv": [12, 107], "uv_size": [2, 2]},
								"west": {"uv": [100, 102], "uv_size": [4, 2]},
								"up": {"uv": [0, 103], "uv_size": [2, 4]},
								"down": {"uv": [103, 4], "uv_size": [2, -4]}
							}
						},
						{
							"origin": [9.9375, 21.625, -20.01],
							"size": [1.125, 2, 4],
							"pivot": [0, 11.375, -1],
							"rotation": [0, 0, -42.5],
							"uv": {
								"north": {"uv": [2, 110], "uv_size": [1, 2]},
								"east": {"uv": [103, 4], "uv_size": [4, 2]},
								"south": {"uv": [3, 110], "uv_size": [1, 2]},
								"west": {"uv": [103, 6], "uv_size": [4, 2]},
								"up": {"uv": [43, 103], "uv_size": [1, 4]},
								"down": {"uv": [32, 108], "uv_size": [1, -4]}
							}
						},
						{
							"origin": [10.8125, 21.5, -20.01],
							"size": [0.25, 0.125, 4],
							"pivot": [0, 11.375, -1],
							"rotation": [0, 0, -42.5],
							"uv": {
								"north": {"uv": [106, 110], "uv_size": [1, 1]},
								"east": {"uv": [107, 13], "uv_size": [4, 1]},
								"south": {"uv": [110, 106], "uv_size": [1, 1]},
								"west": {"uv": [107, 14], "uv_size": [4, 1]},
								"up": {"uv": [6, 107], "uv_size": [1, 4]},
								"down": {"uv": [16, 111], "uv_size": [1, -4]}
							}
						},
						{
							"origin": [9.9375, 21.5, -20.01],
							"size": [0.25, 0.125, 4],
							"pivot": [0, 11.375, -1],
							"rotation": [0, 0, -42.5],
							"uv": {
								"north": {"uv": [107, 110], "uv_size": [1, 1]},
								"east": {"uv": [107, 15], "uv_size": [4, 1]},
								"south": {"uv": [110, 107], "uv_size": [1, 1]},
								"west": {"uv": [107, 16], "uv_size": [4, 1]},
								"up": {"uv": [17, 107], "uv_size": [1, 4]},
								"down": {"uv": [20, 111], "uv_size": [1, -4]}
							}
						},
						{
							"origin": [10.1875, 21.5, -20.01],
							"size": [0.625, 0.125, 0.25],
							"pivot": [0, 11.375, -1],
							"rotation": [0, 0, -42.5],
							"uv": {
								"north": {"uv": [110, 108], "uv_size": [1, 1]},
								"east": {"uv": [110, 109], "uv_size": [1, 1]},
								"south": {"uv": [110, 110], "uv_size": [1, 1]},
								"west": {"uv": [0, 111], "uv_size": [1, 1]},
								"up": {"uv": [1, 111], "uv_size": [1, 1]},
								"down": {"uv": [111, 3], "uv_size": [1, -1]}
							}
						},
						{
							"origin": [10.1875, 21.5, -16.26],
							"size": [0.625, 0.125, 0.25],
							"pivot": [0, 11.375, -1],
							"rotation": [0, 0, -42.5],
							"uv": {
								"north": {"uv": [4, 111], "uv_size": [1, 1]},
								"east": {"uv": [111, 4], "uv_size": [1, 1]},
								"south": {"uv": [5, 111], "uv_size": [1, 1]},
								"west": {"uv": [111, 5], "uv_size": [1, 1]},
								"up": {"uv": [6, 111], "uv_size": [1, 1]},
								"down": {"uv": [111, 7], "uv_size": [1, -1]}
							}
						},
						{
							"origin": [-12.3125, 20.25, -16.26],
							"size": [0.625, 0.125, 0.25],
							"pivot": [0, 11.375, -1],
							"rotation": [0, 0, 42.5],
							"uv": {
								"north": {"uv": [111, 14], "uv_size": [1, 1]},
								"east": {"uv": [15, 111], "uv_size": [1, 1]},
								"south": {"uv": [111, 15], "uv_size": [1, 1]},
								"west": {"uv": [16, 111], "uv_size": [1, 1]},
								"up": {"uv": [111, 16], "uv_size": [1, 1]},
								"down": {"uv": [17, 112], "uv_size": [1, -1]}
							}
						},
						{
							"origin": [-11.6875, 20.25, -20.01],
							"size": [0.25, 0.125, 4],
							"pivot": [0, 11.375, -1],
							"rotation": [0, 0, 42.5],
							"uv": {
								"north": {"uv": [111, 13], "uv_size": [1, 1]},
								"east": {"uv": [107, 28], "uv_size": [4, 1]},
								"south": {"uv": [14, 111], "uv_size": [1, 1]},
								"west": {"uv": [107, 29], "uv_size": [4, 1]},
								"up": {"uv": [23, 107], "uv_size": [1, 4]},
								"down": {"uv": [107, 36], "uv_size": [1, -4]}
							}
						},
						{
							"origin": [-12.3125, 20.25, -20.01],
							"size": [0.625, 0.125, 0.25],
							"pivot": [0, 11.375, -1],
							"rotation": [0, 0, 42.5],
							"uv": {
								"north": {"uv": [111, 9], "uv_size": [1, 1]},
								"east": {"uv": [111, 10], "uv_size": [1, 1]},
								"south": {"uv": [111, 11], "uv_size": [1, 1]},
								"west": {"uv": [12, 111], "uv_size": [1, 1]},
								"up": {"uv": [111, 12], "uv_size": [1, 1]},
								"down": {"uv": [13, 112], "uv_size": [1, -1]}
							}
						},
						{
							"origin": [-12.5625, 20.25, -20.01],
							"size": [0.25, 0.125, 4],
							"pivot": [0, 11.375, -1],
							"rotation": [0, 0, 42.5],
							"uv": {
								"north": {"uv": [111, 7], "uv_size": [1, 1]},
								"east": {"uv": [107, 26], "uv_size": [4, 1]},
								"south": {"uv": [111, 8], "uv_size": [1, 1]},
								"west": {"uv": [107, 27], "uv_size": [4, 1]},
								"up": {"uv": [21, 107], "uv_size": [1, 4]},
								"down": {"uv": [22, 111], "uv_size": [1, -4]}
							}
						},
						{
							"origin": [-12.5625, 20.375, -20.01],
							"size": [1.125, 2, 4],
							"pivot": [0, 11.375, -1],
							"rotation": [0, 0, 42.5],
							"uv": {
								"north": {"uv": [7, 110], "uv_size": [1, 2]},
								"east": {"uv": [103, 26], "uv_size": [4, 2]},
								"south": {"uv": [110, 7], "uv_size": [1, 2]},
								"west": {"uv": [103, 32], "uv_size": [4, 2]},
								"up": {"uv": [39, 104], "uv_size": [1, 4]},
								"down": {"uv": [81, 108], "uv_size": [1, -4]}
							}
						},
						{
							"origin": [-1.5625, 24.75, -20.01],
							"size": [1.125, 1.375, 4],
							"uv": {
								"north": {"uv": [105, 110], "uv_size": [1, 1]},
								"east": {"uv": [107, 2], "uv_size": [4, 1]},
								"south": {"uv": [110, 105], "uv_size": [1, 1]},
								"west": {"uv": [107, 12], "uv_size": [4, 1]},
								"up": {"uv": [53, 105], "uv_size": [1, 4]},
								"down": {"uv": [71, 110], "uv_size": [1, -4]}
							}
						},
						{
							"origin": [-0.6875, 24.625, -20.01],
							"size": [0.25, 0.125, 4],
							"uv": {
								"north": {"uv": [18, 111], "uv_size": [1, 1]},
								"east": {"uv": [107, 30], "uv_size": [4, 1]},
								"south": {"uv": [19, 111], "uv_size": [1, 1]},
								"west": {"uv": [107, 36], "uv_size": [4, 1]},
								"up": {"uv": [34, 107], "uv_size": [1, 4]},
								"down": {"uv": [35, 111], "uv_size": [1, -4]}
							}
						},
						{
							"origin": [-1.5625, 24.625, -20.01],
							"size": [0.25, 0.125, 4],
							"uv": {
								"north": {"uv": [111, 19], "uv_size": [1, 1]},
								"east": {"uv": [107, 37], "uv_size": [4, 1]},
								"south": {"uv": [20, 111], "uv_size": [1, 1]},
								"west": {"uv": [107, 38], "uv_size": [4, 1]},
								"up": {"uv": [41, 107], "uv_size": [1, 4]},
								"down": {"uv": [42, 111], "uv_size": [1, -4]}
							}
						},
						{
							"origin": [-1.3125, 24.625, -20.01],
							"size": [0.625, 0.125, 0.25],
							"uv": {
								"north": {"uv": [111, 20], "uv_size": [1, 1]},
								"east": {"uv": [21, 111], "uv_size": [1, 1]},
								"south": {"uv": [22, 111], "uv_size": [1, 1]},
								"west": {"uv": [23, 111], "uv_size": [1, 1]},
								"up": {"uv": [25, 111], "uv_size": [1, 1]},
								"down": {"uv": [26, 112], "uv_size": [1, -1]}
							}
						},
						{
							"origin": [-1.3125, 24.625, -16.26],
							"size": [0.625, 0.125, 0.25],
							"uv": {
								"north": {"uv": [111, 26], "uv_size": [1, 1]},
								"east": {"uv": [111, 27], "uv_size": [1, 1]},
								"south": {"uv": [28, 111], "uv_size": [1, 1]},
								"west": {"uv": [111, 28], "uv_size": [1, 1]},
								"up": {"uv": [29, 111], "uv_size": [1, 1]},
								"down": {"uv": [111, 30], "uv_size": [1, -1]}
							}
						},
						{
							"origin": [-3.01, 10.475, 39.395],
							"size": [4.02, 14.65, 1],
							"pivot": [0, 8.625, 2.375],
							"rotation": [-5, 0, 0],
							"uv": {
								"north": {"uv": [68, 54], "uv_size": [4, 15]},
								"east": {"uv": [14, 94], "uv_size": [1, 15]},
								"south": {"uv": [16, 69], "uv_size": [4, 15]},
								"west": {"uv": [15, 94], "uv_size": [1, 15]},
								"up": {"uv": [97, 68], "uv_size": [4, 1]},
								"down": {"uv": [98, 30], "uv_size": [4, -1]}
							}
						}
					]
				},
				{
					"name": "bone3",
					"parent": "Metal",
					"pivot": [0, 27, -11.25],
					"rotation": [-87.5, 0, 0]
				},
				{
					"name": "bone4",
					"parent": "bone3",
					"pivot": [0, 27.5, -12.875],
					"rotation": [-7.5, 0, 0]
				},
				{
					"name": "Sight",
					"parent": "Metal",
					"pivot": [0, 9.6561, -13.1259],
					"cubes": [
						{
							"origin": [-2.05821, 29.3897, -11.18245],
							"size": [2.05821, 0.63, 4.5675],
							"uv": {
								"north": {"uv": [109, 5], "uv_size": [2, 1]},
								"east": {"uv": [105, 3], "uv_size": [5, 1]},
								"south": {"uv": [109, 6], "uv_size": [2, 1]},
								"west": {"uv": [105, 31], "uv_size": [5, 1]},
								"up": {"uv": [100, 80], "uv_size": [2, 5]},
								"down": {"uv": [91, 105], "uv_size": [2, -5]}
							}
						},
						{
							"origin": [-2.05821, 29.9147, -7.76995],
							"size": [0.35196, 0.49875, 0.76125],
							"uv": {
								"north": {"uv": [78, 111], "uv_size": [1, 1]},
								"east": {"uv": [111, 78], "uv_size": [1, 1]},
								"south": {"uv": [79, 111], "uv_size": [1, 1]},
								"west": {"uv": [80, 111], "uv_size": [1, 1]},
								"up": {"uv": [111, 80], "uv_size": [1, 1]},
								"down": {"uv": [81, 112], "uv_size": [1, -1]}
							}
						},
						{
							"origin": [-0.35196, 29.9147, -7.76995],
							"size": [0.35196, 0.49875, 0.76125],
							"uv": {
								"north": {"uv": [111, 81], "uv_size": [1, 1]},
								"east": {"uv": [111, 82], "uv_size": [1, 1]},
								"south": {"uv": [83, 111], "uv_size": [1, 1]},
								"west": {"uv": [111, 83], "uv_size": [1, 1]},
								"up": {"uv": [84, 111], "uv_size": [1, 1]},
								"down": {"uv": [111, 85], "uv_size": [1, -1]}
							}
						},
						{
							"origin": [-2.18946, 29.88845, -7.50745],
							"size": [2.32071, 0.23625, 0.23625],
							"uv": {
								"north": {"uv": [110, 73], "uv_size": [2, 1]},
								"east": {"uv": [95, 111], "uv_size": [1, 1]},
								"south": {"uv": [110, 79], "uv_size": [2, 1]},
								"west": {"uv": [111, 95], "uv_size": [1, 1]},
								"up": {"uv": [110, 87], "uv_size": [2, 1]},
								"down": {"uv": [110, 89], "uv_size": [2, -1]}
							}
						},
						{
							"origin": [-1.66446, 29.9147, -7.3762],
							"size": [1.27071, 0.23625, 0.3675],
							"uv": {
								"north": {"uv": [75, 111], "uv_size": [1, 1]},
								"east": {"uv": [111, 75], "uv_size": [1, 1]},
								"south": {"uv": [76, 111], "uv_size": [1, 1]},
								"west": {"uv": [111, 76], "uv_size": [1, 1]},
								"up": {"uv": [77, 111], "uv_size": [1, 1]},
								"down": {"uv": [111, 78], "uv_size": [1, -1]}
							}
						},
						{
							"origin": [-0.61446, 29.9147, -7.9012],
							"size": [0.22071, 0.23625, 0.49875],
							"uv": {
								"north": {"uv": [96, 111], "uv_size": [1, 1]},
								"east": {"uv": [111, 96], "uv_size": [1, 1]},
								"south": {"uv": [97, 111], "uv_size": [1, 1]},
								"west": {"uv": [111, 97], "uv_size": [1, 1]},
								"up": {"uv": [98, 111], "uv_size": [1, 1]},
								"down": {"uv": [111, 99], "uv_size": [1, -1]}
							}
						},
						{
							"origin": [-1.66446, 29.9147, -7.9012],
							"size": [0.22071, 0.23625, 0.49875],
							"uv": {
								"north": {"uv": [99, 111], "uv_size": [1, 1]},
								"east": {"uv": [111, 99], "uv_size": [1, 1]},
								"south": {"uv": [100, 111], "uv_size": [1, 1]},
								"west": {"uv": [111, 100], "uv_size": [1, 1]},
								"up": {"uv": [101, 111], "uv_size": [1, 1]},
								"down": {"uv": [111, 102], "uv_size": [1, -1]}
							}
						},
						{
							"origin": [-1.92696, 29.9147, -10.7887],
							"size": [0.48321, 0.23625, 2.9925],
							"uv": {
								"north": {"uv": [102, 111], "uv_size": [1, 1]},
								"east": {"uv": [84, 108], "uv_size": [3, 1]},
								"south": {"uv": [111, 102], "uv_size": [1, 1]},
								"west": {"uv": [108, 84], "uv_size": [3, 1]},
								"up": {"uv": [75, 108], "uv_size": [1, 3]},
								"down": {"uv": [76, 111], "uv_size": [1, -3]}
							}
						},
						{
							"origin": [-0.61446, 29.9147, -10.7887],
							"size": [0.48321, 0.23625, 2.9925],
							"uv": {
								"north": {"uv": [103, 111], "uv_size": [1, 1]},
								"east": {"uv": [108, 85], "uv_size": [3, 1]},
								"south": {"uv": [111, 103], "uv_size": [1, 1]},
								"west": {"uv": [108, 86], "uv_size": [3, 1]},
								"up": {"uv": [87, 108], "uv_size": [1, 3]},
								"down": {"uv": [88, 111], "uv_size": [1, -3]}
							}
						},
						{
							"origin": [-2.18946, 29.9147, -8.6887],
							"size": [2.32071, 0.23625, 0.23625],
							"uv": {
								"north": {"uv": [93, 110], "uv_size": [2, 1]},
								"east": {"uv": [105, 111], "uv_size": [1, 1]},
								"south": {"uv": [110, 93], "uv_size": [2, 1]},
								"west": {"uv": [111, 105], "uv_size": [1, 1]},
								"up": {"uv": [110, 94], "uv_size": [2, 1]},
								"down": {"uv": [95, 111], "uv_size": [2, -1]}
							}
						},
						{
							"origin": [-0.22071, 29.78345, -8.81995],
							"size": [0.48321, 0.49875, 0.49875],
							"uv": {
								"north": {"uv": [106, 111], "uv_size": [1, 1]},
								"east": {"uv": [111, 106], "uv_size": [1, 1]},
								"south": {"uv": [107, 111], "uv_size": [1, 1]},
								"west": {"uv": [111, 107], "uv_size": [1, 1]},
								"up": {"uv": [108, 111], "uv_size": [1, 1]},
								"down": {"uv": [111, 109], "uv_size": [1, -1]}
							}
						},
						{
							"origin": [-2.32071, 29.78345, -8.81995],
							"size": [0.48321, 0.49875, 0.49875],
							"uv": {
								"north": {"uv": [109, 111], "uv_size": [1, 1]},
								"east": {"uv": [111, 109], "uv_size": [1, 1]},
								"south": {"uv": [110, 111], "uv_size": [1, 1]},
								"west": {"uv": [111, 110], "uv_size": [1, 1]},
								"up": {"uv": [111, 111], "uv_size": [1, 1]},
								"down": {"uv": [0, 113], "uv_size": [1, -1]}
							}
						},
						{
							"origin": [-1.92696, 29.9147, -11.0512],
							"size": [1.79571, 0.23625, 0.3675],
							"uv": {
								"north": {"uv": [110, 89], "uv_size": [2, 1]},
								"east": {"uv": [104, 111], "uv_size": [1, 1]},
								"south": {"uv": [110, 90], "uv_size": [2, 1]},
								"west": {"uv": [111, 104], "uv_size": [1, 1]},
								"up": {"uv": [110, 91], "uv_size": [2, 1]},
								"down": {"uv": [110, 93], "uv_size": [2, -1]}
							}
						},
						{
							"origin": [-0.74571, 30.04595, -7.3762],
							"size": [0.35196, 0.3675, 0.3675],
							"uv": {
								"north": {"uv": [85, 111], "uv_size": [1, 1]},
								"east": {"uv": [111, 85], "uv_size": [1, 1]},
								"south": {"uv": [86, 111], "uv_size": [1, 1]},
								"west": {"uv": [111, 86], "uv_size": [1, 1]},
								"up": {"uv": [87, 111], "uv_size": [1, 1]},
								"down": {"uv": [88, 112], "uv_size": [1, -1]}
							}
						},
						{
							"origin": [-1.66446, 30.04595, -7.3762],
							"size": [0.35196, 0.3675, 0.3675],
							"uv": {
								"north": {"uv": [89, 111], "uv_size": [1, 1]},
								"east": {"uv": [90, 111], "uv_size": [1, 1]},
								"south": {"uv": [91, 111], "uv_size": [1, 1]},
								"west": {"uv": [92, 111], "uv_size": [1, 1]},
								"up": {"uv": [93, 111], "uv_size": [1, 1]},
								"down": {"uv": [94, 112], "uv_size": [1, -1]}
							}
						},
						{
							"origin": [-1.17075, 29.31094, -59.4527],
							"size": [0.315, 1.05, 0.56475],
							"uv": {
								"north": {"uv": [90, 86], "uv_size": [1, 1]},
								"east": {"uv": [95, 46], "uv_size": [1, 1]},
								"south": {"uv": [100, 85], "uv_size": [1, 1]},
								"west": {"uv": [2, 103], "uv_size": [1, 1]},
								"up": {"uv": [83, 110], "uv_size": [1, 1]},
								"down": {"uv": [89, 111], "uv_size": [1, -1]}
							}
						},
						{
							"origin": [-1.17075, 57.93595, -56.78],
							"size": [0.315, 1.05, 0.56475],
							"pivot": [-0.525, 38.67485, 7.04285],
							"rotation": [25, 0, 0],
							"uv": {
								"north": {"uv": [112, 0], "uv_size": [1, 1]},
								"east": {"uv": [1, 112], "uv_size": [1, 1]},
								"south": {"uv": [112, 1], "uv_size": [1, 1]},
								"west": {"uv": [2, 112], "uv_size": [1, 1]},
								"up": {"uv": [112, 2], "uv_size": [1, 1]},
								"down": {"uv": [3, 113], "uv_size": [1, -1]}
							}
						}
					]
				},
				{
					"name": "Trigger",
					"parent": "Metal",
					"pivot": [0, 0.25, 7.75],
					"cubes": [
						{
							"origin": [-2, 48.1, 11.75],
							"size": [2, 1, 1.5],
							"pivot": [0, 37.25, -4.65],
							"rotation": [-102.5, 0, 0],
							"uv": {
								"north": {"uv": [32, 83], "uv_size": [2, 1]},
								"east": {"uv": [83, 86], "uv_size": [2, 1]},
								"south": {"uv": [97, 20], "uv_size": [2, 1]},
								"west": {"uv": [99, 42], "uv_size": [2, 1]},
								"up": {"uv": [98, 105], "uv_size": [2, 2]},
								"down": {"uv": [104, 107], "uv_size": [2, -2]}
							}
						},
						{
							"origin": [-2, 4.625, 26.55],
							"size": [2, 2, 1],
							"pivot": [0, 0.625, 7.75],
							"rotation": [85, 0, 0],
							"uv": {
								"north": {"uv": [7, 106], "uv_size": [2, 2]},
								"east": {"uv": [92, 26], "uv_size": [1, 2]},
								"south": {"uv": [9, 106], "uv_size": [2, 2]},
								"west": {"uv": [7, 94], "uv_size": [1, 2]},
								"up": {"uv": [102, 84], "uv_size": [2, 1]},
								"down": {"uv": [103, 13], "uv_size": [2, -1]}
							}
						},
						{
							"origin": [-2, 6.25, 25.626],
							"size": [2, 1, 3.125],
							"pivot": [0, 0.25, 7.75],
							"rotation": [85, 0, 0],
							"uv": {
								"north": {"uv": [103, 28], "uv_size": [2, 1]},
								"east": {"uv": [91, 80], "uv_size": [3, 1]},
								"south": {"uv": [108, 87], "uv_size": [2, 1]},
								"west": {"uv": [92, 69], "uv_size": [3, 1]},
								"up": {"uv": [54, 96], "uv_size": [2, 3]},
								"down": {"uv": [104, 105], "uv_size": [2, -3]}
							}
						},
						{
							"origin": [-2, 46.35, 28.65],
							"size": [2, 1, 1.6],
							"pivot": [0, 35.25, 12.35],
							"rotation": [-154, 0, 0],
							"uv": {
								"north": {"uv": [108, 89], "uv_size": [2, 1]},
								"east": {"uv": [108, 90], "uv_size": [2, 1]},
								"south": {"uv": [108, 93], "uv_size": [2, 1]},
								"west": {"uv": [108, 94], "uv_size": [2, 1]},
								"up": {"uv": [25, 106], "uv_size": [2, 2]},
								"down": {"uv": [27, 108], "uv_size": [2, -2]}
							}
						},
						{
							"origin": [-2, 30.55, 33.15],
							"size": [2, 1, 1.6],
							"pivot": [0, 19.25, 17.35],
							"rotation": [150, 0, 0],
							"uv": {
								"north": {"uv": [95, 108], "uv_size": [2, 1]},
								"east": {"uv": [108, 95], "uv_size": [2, 1]},
								"south": {"uv": [108, 96], "uv_size": [2, 1]},
								"west": {"uv": [108, 97], "uv_size": [2, 1]},
								"up": {"uv": [106, 42], "uv_size": [2, 2]},
								"down": {"uv": [106, 46], "uv_size": [2, -2]}
							}
						},
						{
							"origin": [-2, 7.45, 33.02],
							"size": [2, 4, 1],
							"pivot": [0, -3.75, 12.75],
							"rotation": [90, 0, 0],
							"uv": {
								"north": {"uv": [88, 102], "uv_size": [2, 4]},
								"east": {"uv": [67, 81], "uv_size": [1, 4]},
								"south": {"uv": [95, 102], "uv_size": [2, 4]},
								"west": {"uv": [22, 103], "uv_size": [1, 4]},
								"up": {"uv": [108, 98], "uv_size": [2, 1]},
								"down": {"uv": [108, 100], "uv_size": [2, -1]}
							}
						},
						{
							"origin": [-2, 15.25, 27.35],
							"size": [2, 1, 2],
							"pivot": [0, 4.25, 11.35],
							"rotation": [102.5, 0, 0],
							"uv": {
								"north": {"uv": [100, 108], "uv_size": [2, 1]},
								"east": {"uv": [102, 108], "uv_size": [2, 1]},
								"south": {"uv": [108, 102], "uv_size": [2, 1]},
								"west": {"uv": [108, 103], "uv_size": [2, 1]},
								"up": {"uv": [106, 46], "uv_size": [2, 2]},
								"down": {"uv": [62, 108], "uv_size": [2, -2]}
							}
						},
						{
							"origin": [-2, 11.25, 26.751],
							"size": [2, 1, 3],
							"pivot": [0, 0.25, 7.75],
							"rotation": [90, 0, 0],
							"uv": {
								"north": {"uv": [108, 104], "uv_size": [2, 1]},
								"east": {"uv": [108, 48], "uv_size": [3, 1]},
								"south": {"uv": [108, 105], "uv_size": [2, 1]},
								"west": {"uv": [108, 49], "uv_size": [3, 1]},
								"up": {"uv": [105, 0], "uv_size": [2, 3]},
								"down": {"uv": [105, 11], "uv_size": [2, -3]}
							}
						},
						{
							"origin": [-1.625, 9.75, 29.175],
							"size": [1.25, 0.7, 2.125],
							"pivot": [0, -1.75, 9],
							"rotation": [85, 0, 0],
							"uv": {
								"north": {"uv": [67, 85], "uv_size": [1, 1]},
								"east": {"uv": [106, 108], "uv_size": [2, 1]},
								"south": {"uv": [86, 70], "uv_size": [1, 1]},
								"west": {"uv": [108, 106], "uv_size": [2, 1]},
								"up": {"uv": [30, 98], "uv_size": [1, 2]},
								"down": {"uv": [56, 105], "uv_size": [1, -2]}
							}
						},
						{
							"origin": [-1.625, 8.875, 30.425],
							"size": [1.25, 0.7, 1.375],
							"pivot": [0, -2.625, 10.75],
							"rotation": [85, 0, 0],
							"uv": {
								"north": {"uv": [36, 111], "uv_size": [1, 1]},
								"east": {"uv": [111, 36], "uv_size": [1, 1]},
								"south": {"uv": [37, 111], "uv_size": [1, 1]},
								"west": {"uv": [111, 37], "uv_size": [1, 1]},
								"up": {"uv": [111, 38], "uv_size": [1, 1]},
								"down": {"uv": [40, 112], "uv_size": [1, -1]}
							}
						},
						{
							"origin": [-1.625, 6.625, 25.425],
							"size": [1.25, 2.325, 0.625],
							"pivot": [0, -3.25, 5.25],
							"rotation": [75, 0, 0],
							"uv": {
								"north": {"uv": [8, 110], "uv_size": [1, 2]},
								"east": {"uv": [9, 110], "uv_size": [1, 2]},
								"south": {"uv": [110, 9], "uv_size": [1, 2]},
								"west": {"uv": [10, 110], "uv_size": [1, 2]},
								"up": {"uv": [34, 111], "uv_size": [1, 1]},
								"down": {"uv": [35, 112], "uv_size": [1, -1]}
							}
						},
						{
							"origin": [-2, 5.75, 27.525],
							"size": [2, 14, 1.125],
							"pivot": [0, 0, 7.75],
							"rotation": [87.5, 0, 0],
							"uv": {
								"north": {"uv": [24, 78], "uv_size": [2, 14]},
								"east": {"uv": [60, 95], "uv_size": [1, 14]},
								"south": {"uv": [46, 82], "uv_size": [2, 14]},
								"west": {"uv": [11, 96], "uv_size": [1, 14]},
								"up": {"uv": [108, 107], "uv_size": [2, 1]},
								"down": {"uv": [108, 109], "uv_size": [2, -1]}
							}
						}
					]
				},
				{
					"name": "Wood",
					"parent": "gun",
					"pivot": [0, 8, 1],
					"cubes": [
						{
							"origin": [-3, 23.225, 11.7],
							"size": [4, 2.8, 25.125],
							"pivot": [0, 8.625, -2],
							"rotation": [-22.5, 0, 0],
							"uv": {
								"north": {"uv": [62, 98], "uv_size": [4, 3]},
								"east": {"uv": [52, 20], "uv_size": [25, 3]},
								"south": {"uv": [67, 98], "uv_size": [4, 3]},
								"west": {"uv": [52, 23], "uv_size": [25, 3]},
								"up": {"uv": [44, 4], "uv_size": [4, 25]},
								"down": {"uv": [44, 54], "uv_size": [4, -25]}
							}
						},
						{
							"origin": [-3, 23, 2],
							"size": [4, 2, 2],
							"uv": {
								"north": {"uv": [102, 82], "uv_size": [4, 2]},
								"east": {"uv": [77, 105], "uv_size": [2, 2]},
								"south": {"uv": [84, 102], "uv_size": [4, 2]},
								"west": {"uv": [93, 105], "uv_size": [2, 2]},
								"up": {"uv": [102, 93], "uv_size": [4, 2]},
								"down": {"uv": [102, 97], "uv_size": [4, -2]}
							}
						},
						{
							"origin": [-3.01, 21, -14.625],
							"size": [4.02, 4, 17.25],
							"uv": {
								"north": {"uv": [95, 93], "uv_size": [4, 4]},
								"east": {"uv": [52, 38], "uv_size": [17, 4]},
								"south": {"uv": [7, 96], "uv_size": [4, 4]},
								"west": {"uv": [52, 42], "uv_size": [17, 4]},
								"up": {"uv": [16, 52], "uv_size": [4, 17]},
								"down": {"uv": [20, 69], "uv_size": [4, -17]}
							}
						},
						{
							"origin": [-3, 19.375, -14.875],
							"size": [4, 4, 17.25],
							"pivot": [0, 11.75, 21.75],
							"rotation": [-2.5, 0, 0],
							"uv": {
								"north": {"uv": [96, 54], "uv_size": [4, 4]},
								"east": {"uv": [52, 46], "uv_size": [17, 4]},
								"south": {"uv": [91, 96], "uv_size": [4, 4]},
								"west": {"uv": [52, 50], "uv_size": [17, 4]},
								"up": {"uv": [24, 52], "uv_size": [4, 17]},
								"down": {"uv": [44, 71], "uv_size": [4, -17]}
							}
						},
						{
							"origin": [-3.01, 25, -14.625],
							"size": [4.02, 0.375, 17.625],
							"uv": {
								"north": {"uv": [107, 61], "uv_size": [4, 1]},
								"east": {"uv": [92, 40], "uv_size": [16, 1]},
								"south": {"uv": [107, 64], "uv_size": [4, 1]},
								"west": {"uv": [94, 62], "uv_size": [16, 1]},
								"up": {"uv": [37, 67], "uv_size": [4, 16]},
								"down": {"uv": [28, 84], "uv_size": [4, -16]}
							}
						},
						{
							"origin": [-3.0199, 20.6, 1.02],
							"size": [3.9999, 4.8, 2],
							"pivot": [0, 11, -1],
							"rotation": [-7.5, 0, 0],
							"uv": {
								"north": {"uv": [91, 86], "uv_size": [4, 5]},
								"east": {"uv": [6, 82], "uv_size": [2, 5]},
								"south": {"uv": [91, 91], "uv_size": [4, 5]},
								"west": {"uv": [52, 100], "uv_size": [2, 5]},
								"up": {"uv": [102, 66], "uv_size": [4, 2]},
								"down": {"uv": [102, 82], "uv_size": [4, -2]}
							}
						},
						{
							"origin": [-3.01, 20.6, 3.02],
							"size": [4.02, 3.8, 5],
							"pivot": [0, 11, -1],
							"rotation": [-7.5, 0, 0],
							"uv": {
								"north": {"uv": [75, 95], "uv_size": [4, 4]},
								"east": {"uv": [91, 54], "uv_size": [5, 4]},
								"south": {"uv": [95, 89], "uv_size": [4, 4]},
								"west": {"uv": [56, 91], "uv_size": [5, 4]},
								"up": {"uv": [91, 70], "uv_size": [4, 5]},
								"down": {"uv": [91, 80], "uv_size": [4, -5]}
							}
						},
						{
							"origin": [-2.98, 22.6, 0.395],
							"size": [3.95, 4.2, 6.375],
							"pivot": [0, 10.75, -2],
							"rotation": [-30, 0, 0],
							"uv": {
								"north": {"uv": [83, 94], "uv_size": [4, 4]},
								"east": {"uv": [88, 4], "uv_size": [6, 4]},
								"south": {"uv": [56, 95], "uv_size": [4, 4]},
								"west": {"uv": [88, 32], "uv_size": [6, 4]},
								"up": {"uv": [41, 88], "uv_size": [4, 6]},
								"down": {"uv": [26, 95], "uv_size": [4, -6]}
							}
						},
						{
							"origin": [-2.98, 15.975, 11.77],
							"size": [3.95, 4.2, 7.125],
							"pivot": [0, 10.75, -2],
							"rotation": [2.5, 0, 0],
							"uv": {
								"north": {"uv": [41, 94], "uv_size": [4, 4]},
								"east": {"uv": [86, 28], "uv_size": [7, 4]},
								"south": {"uv": [62, 94], "uv_size": [4, 4]},
								"west": {"uv": [87, 60], "uv_size": [7, 4]},
								"up": {"uv": [62, 87], "uv_size": [4, 7]},
								"down": {"uv": [83, 94], "uv_size": [4, -7]}
							}
						},
						{
							"origin": [-2.97, 16.225, 23.02],
							"size": [3.95, 6.8, 7],
							"pivot": [0, 8.625, -2],
							"rotation": [-5, 0, 0],
							"uv": {
								"north": {"uv": [67, 86], "uv_size": [4, 7]},
								"east": {"uv": [69, 47], "uv_size": [7, 7]},
								"south": {"uv": [79, 86], "uv_size": [4, 7]},
								"west": {"uv": [68, 69], "uv_size": [7, 7]},
								"up": {"uv": [0, 87], "uv_size": [4, 7]},
								"down": {"uv": [4, 94], "uv_size": [4, -7]}
							}
						},
						{
							"origin": [-2.97, 14.225, 30.02],
							"size": [3.95, 8.8, 6],
							"pivot": [0, 8.625, -2],
							"rotation": [-5, 0, 0],
							"uv": {
								"north": {"uv": [79, 32], "uv_size": [4, 9]},
								"east": {"uv": [20, 69], "uv_size": [6, 9]},
								"south": {"uv": [75, 80], "uv_size": [4, 9]},
								"west": {"uv": [69, 38], "uv_size": [6, 9]},
								"up": {"uv": [12, 88], "uv_size": [4, 6]},
								"down": {"uv": [20, 94], "uv_size": [4, -6]}
							}
						},
						{
							"origin": [-2.97, 12.35, 36.02],
							"size": [3.95, 10.675, 4.125],
							"pivot": [0, 8.625, 4],
							"rotation": [-5, 0, 0],
							"uv": {
								"north": {"uv": [64, 70], "uv_size": [4, 11]},
								"east": {"uv": [44, 71], "uv_size": [4, 11]},
								"south": {"uv": [32, 72], "uv_size": [4, 11]},
								"west": {"uv": [75, 32], "uv_size": [4, 11]},
								"up": {"uv": [37, 96], "uv_size": [4, 4]},
								"down": {"uv": [46, 100], "uv_size": [4, -4]}
							}
						},
						{
							"origin": [-2.97, 25.375, 1.425],
							"size": [3.95, 6.925, 2.625],
							"pivot": [0, 6.875, -0.375],
							"rotation": [-45, 0, 0],
							"uv": {
								"north": {"uv": [37, 83], "uv_size": [4, 7]},
								"east": {"uv": [72, 60], "uv_size": [3, 7]},
								"south": {"uv": [16, 84], "uv_size": [4, 7]},
								"west": {"uv": [16, 91], "uv_size": [3, 7]},
								"up": {"uv": [99, 7], "uv_size": [4, 3]},
								"down": {"uv": [99, 13], "uv_size": [4, -3]}
							}
						},
						{
							"origin": [-2.99, 22.225, 17.525],
							"size": [3.99, 3.175, 22.825],
							"pivot": [0, 8.625, -2],
							"rotation": [-5, 0, 0],
							"uv": {
								"north": {"uv": [98, 97], "uv_size": [4, 3]},
								"east": {"uv": [52, 32], "uv_size": [23, 3]},
								"south": {"uv": [99, 4], "uv_size": [4, 3]},
								"west": {"uv": [52, 35], "uv_size": [23, 3]},
								"up": {"uv": [0, 48], "uv_size": [4, 23]},
								"down": {"uv": [4, 71], "uv_size": [4, -23]}
							}
						},
						{
							"origin": [-2.99, 21.6, 0.02],
							"size": [3.98, 4.2, 20],
							"pivot": [0, 11, -1],
							"rotation": [-15, 0, 0],
							"uv": {
								"north": {"uv": [81, 76], "uv_size": [4, 4]},
								"east": {"uv": [48, 4], "uv_size": [20, 4]},
								"south": {"uv": [20, 94], "uv_size": [4, 4]},
								"west": {"uv": [8, 48], "uv_size": [20, 4]},
								"up": {"uv": [48, 8], "uv_size": [4, 20]},
								"down": {"uv": [28, 68], "uv_size": [4, -20]}
							}
						},
						{
							"origin": [-2.96, 18.225, 17.02],
							"size": [3.93, 4.8, 6],
							"pivot": [0, 8.625, -2],
							"rotation": [-5, 0, 0],
							"uv": {
								"north": {"uv": [88, 36], "uv_size": [4, 5]},
								"east": {"uv": [56, 81], "uv_size": [6, 5]},
								"south": {"uv": [90, 81], "uv_size": [4, 5]},
								"west": {"uv": [81, 60], "uv_size": [6, 5]},
								"up": {"uv": [87, 70], "uv_size": [4, 6]},
								"down": {"uv": [87, 93], "uv_size": [4, -6]}
							}
						}
					]
				},
				{
					"name": "magazine",
					"parent": "main",
					"pivot": [0.5, 6.75, -10.25]
				},
				{
					"name": "bone5",
					"parent": "magazine",
					"pivot": [0, 11.375, -1],
					"cubes": [
						{
							"origin": [-13.99643, 19.21253, -20.31705],
							"size": [7.53871, 5.63226, 4.64951],
							"uv": {
								"north": {"uv": [48, 70], "uv_size": [8, 6]},
								"east": {"uv": [62, 81], "uv_size": [5, 6]},
								"south": {"uv": [56, 70], "uv_size": [8, 6]},
								"west": {"uv": [81, 65], "uv_size": [5, 6]},
								"up": {"uv": [56, 76], "uv_size": [8, 5]},
								"down": {"uv": [0, 82], "uv_size": [8, -5]}
							}
						},
						{
							"origin": [-14.15136, 19.09428, -18.8484],
							"size": [7.68948, 5.74491, 1.6175],
							"uv": {
								"north": {"uv": [0, 71], "uv_size": [8, 6]},
								"east": {"uv": [7, 100], "uv_size": [2, 6]},
								"south": {"uv": [72, 54], "uv_size": [8, 6]},
								"west": {"uv": [9, 100], "uv_size": [2, 6]},
								"up": {"uv": [95, 78], "uv_size": [8, 2]},
								"down": {"uv": [96, 52], "uv_size": [8, -2]}
							}
						},
						{
							"origin": [23.40598, 44.71657, -18.8484],
							"size": [2.01072, 4.02144, 1.6175],
							"pivot": [40.42527, -11.42554, 86.95764],
							"rotation": [0, 0, -45],
							"uv": {
								"north": {"uv": [79, 104], "uv_size": [2, 4]},
								"east": {"uv": [84, 104], "uv_size": [2, 4]},
								"south": {"uv": [104, 84], "uv_size": [2, 4]},
								"west": {"uv": [86, 104], "uv_size": [2, 4]},
								"up": {"uv": [104, 107], "uv_size": [2, 2]},
								"down": {"uv": [2, 110], "uv_size": [2, -2]}
							}
						},
						{
							"origin": [-11.1803, 16.3964, -20.31424],
							"size": [5.63226, 3.16815, 4.64951],
							"uv": {
								"north": {"uv": [25, 95], "uv_size": [6, 3]},
								"east": {"uv": [97, 65], "uv_size": [5, 3]},
								"south": {"uv": [95, 43], "uv_size": [6, 3]},
								"west": {"uv": [25, 98], "uv_size": [5, 3]},
								"up": {"uv": [28, 84], "uv_size": [6, 5]},
								"down": {"uv": [85, 81], "uv_size": [6, -5]}
							}
						},
						{
							"origin": [22.82449, 44.33242, -20.3],
							"size": [1.97129, 3.94258, 4.62],
							"pivot": [39.51007, -10.70887, 85.25258],
							"rotation": [0, 0, -45],
							"uv": {
								"north": {"uv": [20, 103], "uv_size": [2, 4]},
								"east": {"uv": [94, 12], "uv_size": [5, 4]},
								"south": {"uv": [34, 103], "uv_size": [2, 4]},
								"west": {"uv": [94, 16], "uv_size": [5, 4]},
								"up": {"uv": [67, 101], "uv_size": [2, 5]},
								"down": {"uv": [101, 73], "uv_size": [2, -5]}
							}
						},
						{
							"origin": [-22.8125, 22.875, -20.385],
							"size": [6.125, 6.125, 4.875],
							"pivot": [-18.75, 10.25, -1],
							"rotation": [0, 0, 45],
							"uv": {
								"north": {"uv": [80, 54], "uv_size": [6, 6]},
								"east": {"uv": [85, 81], "uv_size": [5, 6]},
								"south": {"uv": [79, 80], "uv_size": [6, 6]},
								"west": {"uv": [86, 54], "uv_size": [5, 6]},
								"up": {"uv": [56, 86], "uv_size": [6, 5]},
								"down": {"uv": [86, 70], "uv_size": [6, -5]}
							}
						},
						{
							"origin": [-21.0625, 24.625, -20.76],
							"size": [2.625, 2.625, 5.375],
							"pivot": [-18.75, 10.25, -1],
							"rotation": [0, 0, 45],
							"uv": {
								"north": {"uv": [46, 102], "uv_size": [3, 3]},
								"east": {"uv": [98, 26], "uv_size": [5, 3]},
								"south": {"uv": [49, 102], "uv_size": [3, 3]},
								"west": {"uv": [79, 98], "uv_size": [5, 3]},
								"up": {"uv": [20, 98], "uv_size": [3, 5]},
								"down": {"uv": [41, 103], "uv_size": [3, -5]}
							}
						},
						{
							"origin": [-6.60409, 19.21253, -20.31705],
							"size": [3.87218, 5.63226, 4.64951],
							"uv": {
								"north": {"uv": [30, 89], "uv_size": [4, 6]},
								"east": {"uv": [41, 82], "uv_size": [5, 6]},
								"south": {"uv": [75, 89], "uv_size": [4, 6]},
								"west": {"uv": [83, 32], "uv_size": [5, 6]},
								"up": {"uv": [67, 93], "uv_size": [4, 5]},
								"down": {"uv": [79, 98], "uv_size": [4, -5]}
							}
						},
						{
							"origin": [-36.60997, 30.42073, -20.3],
							"size": [2.81613, 3.94258, 4.62],
							"pivot": [-36.52548, -10.70887, 85.25258],
							"rotation": [0, 0, 45],
							"uv": {
								"north": {"uv": [99, 17], "uv_size": [3, 4]},
								"east": {"uv": [94, 4], "uv_size": [5, 4]},
								"south": {"uv": [54, 99], "uv_size": [3, 4]},
								"west": {"uv": [94, 8], "uv_size": [5, 4]},
								"up": {"uv": [0, 98], "uv_size": [3, 5]},
								"down": {"uv": [16, 103], "uv_size": [3, -5]}
							}
						},
						{
							"origin": [-11.1803, 24.3113, -20.31424],
							"size": [5.63226, 3.16815, 4.64951],
							"uv": {
								"north": {"uv": [94, 80], "uv_size": [6, 3]},
								"east": {"uv": [83, 38], "uv_size": [5, 3]},
								"south": {"uv": [94, 83], "uv_size": [6, 3]},
								"west": {"uv": [97, 36], "uv_size": [5, 3]},
								"up": {"uv": [81, 71], "uv_size": [6, 5]},
								"down": {"uv": [0, 87], "uv_size": [6, -5]}
							}
						},
						{
							"origin": [31.6249, 44.65785, -20.3],
							"size": [1.97129, 3.94258, 4.62],
							"pivot": [39.51007, -9.13026, 85.25258],
							"rotation": [0, 0, -45],
							"uv": {
								"north": {"uv": [12, 103], "uv_size": [2, 4]},
								"east": {"uv": [93, 26], "uv_size": [5, 4]},
								"south": {"uv": [16, 103], "uv_size": [2, 4]},
								"west": {"uv": [0, 94], "uv_size": [5, 4]},
								"up": {"uv": [62, 101], "uv_size": [2, 5]},
								"down": {"uv": [64, 106], "uv_size": [2, -5]}
							}
						},
						{
							"origin": [-44.55146, 30.73208, -20.3],
							"size": [2.81613, 3.94258, 4.62],
							"pivot": [-36.52548, -9.13026, 85.25258],
							"rotation": [0, 0, 45],
							"uv": {
								"north": {"uv": [84, 98], "uv_size": [3, 4]},
								"east": {"uv": [92, 36], "uv_size": [5, 4]},
								"south": {"uv": [99, 13], "uv_size": [3, 4]},
								"west": {"uv": [92, 65], "uv_size": [5, 4]},
								"up": {"uv": [31, 95], "uv_size": [3, 5]},
								"down": {"uv": [95, 102], "uv_size": [3, -5]}
							}
						},
						{
							"origin": [-45.31749, 30.84422, -18.8484],
							"size": [2.87245, 4.02144, 1.6175],
							"pivot": [-37.13099, -9.81536, 86.95764],
							"rotation": [0, 0, 45],
							"uv": {
								"north": {"uv": [30, 100], "uv_size": [3, 4]},
								"east": {"uv": [100, 104], "uv_size": [2, 4]},
								"south": {"uv": [37, 100], "uv_size": [3, 4]},
								"west": {"uv": [102, 104], "uv_size": [2, 4]},
								"up": {"uv": [105, 89], "uv_size": [3, 2]},
								"down": {"uv": [90, 107], "uv_size": [3, -2]}
							}
						},
						{
							"origin": [-11.27891, 24.29503, -18.84552],
							"size": [5.74491, 3.23151, 1.6175],
							"uv": {
								"north": {"uv": [95, 69], "uv_size": [6, 3]},
								"east": {"uv": [105, 68], "uv_size": [2, 3]},
								"south": {"uv": [95, 72], "uv_size": [6, 3]},
								"west": {"uv": [105, 71], "uv_size": [2, 3]},
								"up": {"uv": [99, 89], "uv_size": [6, 2]},
								"down": {"uv": [99, 93], "uv_size": [6, -2]}
							}
						},
						{
							"origin": [32.3824, 45.04851, -18.8484],
							"size": [2.01072, 4.02144, 1.6175],
							"pivot": [40.42527, -9.81536, 86.95764],
							"rotation": [0, 0, -45],
							"uv": {
								"north": {"uv": [103, 68], "uv_size": [2, 4]},
								"east": {"uv": [103, 72], "uv_size": [2, 4]},
								"south": {"uv": [103, 76], "uv_size": [2, 4]},
								"west": {"uv": [2, 104], "uv_size": [2, 4]},
								"up": {"uv": [93, 107], "uv_size": [2, 2]},
								"down": {"uv": [98, 109], "uv_size": [2, -2]}
							}
						},
						{
							"origin": [-6.61117, 19.09428, -18.8484],
							"size": [3.94962, 5.74491, 1.6175],
							"uv": {
								"north": {"uv": [90, 14], "uv_size": [4, 6]},
								"east": {"uv": [75, 99], "uv_size": [2, 6]},
								"south": {"uv": [37, 90], "uv_size": [4, 6]},
								"west": {"uv": [77, 99], "uv_size": [2, 6]},
								"up": {"uv": [103, 34], "uv_size": [4, 2]},
								"down": {"uv": [103, 62], "uv_size": [4, -2]}
							}
						},
						{
							"origin": [-37.21717, 30.52665, -18.8484],
							"size": [2.87245, 4.02144, 1.6175],
							"pivot": [-37.13099, -11.42554, 86.95764],
							"rotation": [0, 0, 45],
							"uv": {
								"north": {"uv": [99, 93], "uv_size": [3, 4]},
								"east": {"uv": [30, 104], "uv_size": [2, 4]},
								"south": {"uv": [100, 0], "uv_size": [3, 4]},
								"west": {"uv": [37, 104], "uv_size": [2, 4]},
								"up": {"uv": [105, 56], "uv_size": [3, 2]},
								"down": {"uv": [105, 76], "uv_size": [3, -2]}
							}
						},
						{
							"origin": [-11.27891, 16.22183, -18.84552],
							"size": [5.74491, 3.23151, 1.6175],
							"uv": {
								"north": {"uv": [95, 75], "uv_size": [6, 3]},
								"east": {"uv": [75, 105], "uv_size": [2, 3]},
								"south": {"uv": [95, 86], "uv_size": [6, 3]},
								"west": {"uv": [105, 76], "uv_size": [2, 3]},
								"up": {"uv": [46, 100], "uv_size": [6, 2]},
								"down": {"uv": [100, 48], "uv_size": [6, -2]}
							}
						},
						{
							"origin": [-9.6875, 20.625, -20.135],
							"size": [1.875, 6, 4.25],
							"pivot": [-7.75, 12.25, -1],
							"rotation": [0, 0, 32.5],
							"uv": {
								"north": {"uv": [3, 98], "uv_size": [2, 6]},
								"east": {"uv": [8, 90], "uv_size": [4, 6]},
								"south": {"uv": [57, 99], "uv_size": [2, 6]},
								"west": {"uv": [90, 8], "uv_size": [4, 6]},
								"up": {"uv": [41, 103], "uv_size": [2, 4]},
								"down": {"uv": [54, 107], "uv_size": [2, -4]}
							}
						},
						{
							"origin": [-1.9375, 24.375, -20.15],
							"size": [1.875, 1.375, 4.25],
							"uv": {
								"north": {"uv": [110, 3], "uv_size": [2, 1]},
								"east": {"uv": [106, 21], "uv_size": [4, 1]},
								"south": {"uv": [4, 110], "uv_size": [2, 1]},
								"west": {"uv": [106, 39], "uv_size": [4, 1]},
								"up": {"uv": [5, 103], "uv_size": [2, 4]},
								"down": {"uv": [103, 12], "uv_size": [2, -4]}
							}
						},
						{
							"origin": [-9.1875, 21.25, -21.01],
							"size": [1.625, 1.625, 4.75],
							"uv": {
								"north": {"uv": [107, 72], "uv_size": [2, 2]},
								"east": {"uv": [101, 42], "uv_size": [5, 2]},
								"south": {"uv": [107, 76], "uv_size": [2, 2]},
								"west": {"uv": [101, 44], "uv_size": [5, 2]},
								"up": {"uv": [69, 101], "uv_size": [2, 5]},
								"down": {"uv": [101, 78], "uv_size": [2, -5]}
							}
						},
						{
							"origin": [-10.3125, 16.75, -20.51],
							"size": [3.875, 10.375, 4.25],
							"uv": {
								"north": {"uv": [68, 76], "uv_size": [4, 10]},
								"east": {"uv": [77, 60], "uv_size": [4, 10]},
								"south": {"uv": [77, 70], "uv_size": [4, 10]},
								"west": {"uv": [20, 78], "uv_size": [4, 10]},
								"up": {"uv": [96, 46], "uv_size": [4, 4]},
								"down": {"uv": [50, 100], "uv_size": [4, -4]}
							}
						},
						{
							"origin": [-24.8125, 26.375, -20.51],
							"size": [1, 4.375, 0.25],
							"pivot": [-21.875, 11.375, -1],
							"rotation": [0, 0, 45],
							"uv": {
								"north": {"uv": [52, 107], "uv_size": [1, 4]},
								"east": {"uv": [58, 107], "uv_size": [1, 4]},
								"south": {"uv": [66, 107], "uv_size": [1, 4]},
								"west": {"uv": [77, 107], "uv_size": [1, 4]},
								"up": {"uv": [41, 111], "uv_size": [1, 1]},
								"down": {"uv": [42, 112], "uv_size": [1, -1]}
							}
						},
						{
							"origin": [-18.6875, 19.75, -20.51],
							"size": [1, 4.375, 0.25],
							"pivot": [-15.75, 4.75, -1],
							"rotation": [0, 0, 45],
							"uv": {
								"north": {"uv": [78, 107], "uv_size": [1, 4]},
								"east": {"uv": [90, 107], "uv_size": [1, 4]},
								"south": {"uv": [91, 107], "uv_size": [1, 4]},
								"west": {"uv": [92, 107], "uv_size": [1, 4]},
								"up": {"uv": [43, 111], "uv_size": [1, 1]},
								"down": {"uv": [44, 112], "uv_size": [1, -1]}
							}
						}
					]
				},
				{
					"name": "Bullet",
					"parent": "magazine",
					"pivot": [0.5, 6.75, -10.25],
					"cubes": [
						{
							"origin": [-14.5, 18.5, -20],
							"size": [1, 1, 4],
							"pivot": [0.5, 6.625, -10.25],
							"rotation": [0, 0, 45],
							"uv": {
								"north": {"uv": [7, 127], "uv_size": [1, 1]},
								"east": {"uv": [0, 127], "uv_size": [4, 1]},
								"south": {"uv": [13, 72], "uv_size": [1, 1]},
								"west": {"uv": [124, 127], "uv_size": [4, 1]},
								"up": {"uv": [12, 76], "uv_size": [1, 4]},
								"down": {"uv": [13, 80], "uv_size": [1, -4]}
							}
						}
					]
				},
				{
					"name": "Release",
					"parent": "main",
					"pivot": [0.56577, 26.40869, -18.01],
					"cubes": [
						{
							"origin": [4.1875, 25.5, -20.135],
							"size": [0.5, 0.5, 4.25],
							"pivot": [0, 11.375, -1.25],
							"rotation": [0, 0, -15],
							"uv": {
								"north": {"uv": [12, 52], "uv_size": [1, 1]},
								"east": {"uv": [12, 63], "uv_size": [4, 1]},
								"south": {"uv": [12, 56], "uv_size": [1, 1]},
								"west": {"uv": [12, 64], "uv_size": [4, 1]},
								"up": {"uv": [12, 65], "uv_size": [1, 4]},
								"down": {"uv": [13, 69], "uv_size": [1, -4]}
							}
						},
						{
							"origin": [4.6875, 25.5, -20.135],
							"size": [1.625, 0.5, 0.125],
							"pivot": [0, 11.375, -1.25],
							"rotation": [0, 0, -15],
							"uv": {
								"north": {"uv": [14, 66], "uv_size": [2, 1]},
								"east": {"uv": [15, 65], "uv_size": [1, 1]},
								"south": {"uv": [14, 67], "uv_size": [2, 1]},
								"west": {"uv": [14, 69], "uv_size": [1, 1]},
								"up": {"uv": [14, 68], "uv_size": [2, 1]},
								"down": {"uv": [12, 70], "uv_size": [2, -1]}
							}
						},
						{
							"origin": [4.6875, 25.5, -16.01],
							"size": [1.625, 0.5, 0.125],
							"pivot": [0, 11.375, -1.25],
							"rotation": [0, 0, -15],
							"uv": {
								"north": {"uv": [14, 66], "uv_size": [2, 1]},
								"east": {"uv": [15, 65], "uv_size": [1, 1]},
								"south": {"uv": [14, 67], "uv_size": [2, 1]},
								"west": {"uv": [14, 69], "uv_size": [1, 1]},
								"up": {"uv": [14, 68], "uv_size": [2, 1]},
								"down": {"uv": [12, 70], "uv_size": [2, -1]}
							}
						},
						{
							"origin": [5.6875, 25.375, -20.01],
							"size": [0.75, 0.75, 4],
							"pivot": [0, 11.375, -1.25],
							"rotation": [0, 0, -15],
							"uv": {
								"north": {"uv": [13, 70], "uv_size": [1, 1]},
								"east": {"uv": [77, 23], "uv_size": [4, 1]},
								"south": {"uv": [13, 70], "uv_size": [1, 1]},
								"west": {"uv": [77, 24], "uv_size": [4, 1]},
								"up": {"uv": [15, 69], "uv_size": [1, 4]},
								"down": {"uv": [12, 74], "uv_size": [1, -4]}
							}
						},
						{
							"origin": [5.9375, 25.625, -20.26],
							"size": [0.25, 0.25, 4.5],
							"pivot": [0, 11.375, -1.25],
							"rotation": [0, 0, -15],
							"uv": {
								"north": {"uv": [14, 65], "uv_size": [1, 1]},
								"east": {"uv": [14, 65], "uv_size": [1, 1]},
								"south": {"uv": [14, 65], "uv_size": [1, 1]},
								"west": {"uv": [14, 65], "uv_size": [1, 1]},
								"up": {"uv": [14, 65], "uv_size": [1, 1]},
								"down": {"uv": [14, 66], "uv_size": [1, -1]}
							}
						},
						{
							"origin": [4.3125, 25.625, -20.26],
							"size": [0.25, 0.25, 4.5],
							"pivot": [0, 11.375, -1.25],
							"rotation": [0, 0, -15],
							"uv": {
								"north": {"uv": [14, 65], "uv_size": [1, 1]},
								"east": {"uv": [14, 65], "uv_size": [1, 1]},
								"south": {"uv": [14, 65], "uv_size": [1, 1]},
								"west": {"uv": [14, 65], "uv_size": [1, 1]},
								"up": {"uv": [14, 65], "uv_size": [1, 1]},
								"down": {"uv": [14, 66], "uv_size": [1, -1]}
							}
						}
					]
				},
				{
					"name": "rightarm",
					"parent": "main",
					"pivot": [-17.425, 13.55, 22.3],
					"rotation": [-114.02581, -44.5858, 6.53376],
					"cubes": [
						{
							"origin": [-20.63016, -13.94279, 18.38476],
							"size": [8, 24, 8],
							"pivot": [-14.425, 1.55, 19.3],
							"rotation": [3.53146, -4.1085, 0.78247],
							"uv": {
								"north": {"uv": [0, 0], "uv_size": [8, 24]},
								"east": {"uv": [8, 0], "uv_size": [8, 24]},
								"south": {"uv": [16, 0], "uv_size": [8, 24]},
								"west": {"uv": [0, 24], "uv_size": [8, 24]},
								"up": {"uv": [52, 54], "uv_size": [8, 8]},
								"down": {"uv": [60, 62], "uv_size": [8, -8]}
							}
						}
					]
				},
				{
					"name": "leftarm",
					"parent": "main",
					"pivot": [2.075, 7.8, 2.275],
					"rotation": [-119.61483, 1.67666, -38.31282],
					"cubes": [
						{
							"origin": [6.52241, -17.01319, -0.10735],
							"size": [8, 24, 8],
							"pivot": [10.52241, -5.01319, 3.89265],
							"rotation": [7.5, -30, 0],
							"uv": {
								"north": {"uv": [24, 0], "uv_size": [8, 24]},
								"east": {"uv": [8, 24], "uv_size": [8, 24]},
								"south": {"uv": [16, 24], "uv_size": [8, 24]},
								"west": {"uv": [24, 24], "uv_size": [8, 24]},
								"up": {"uv": [52, 62], "uv_size": [8, 8]},
								"down": {"uv": [60, 70], "uv_size": [8, -8]}
							}
						}
					]
				},
				{
					"name": "muzzleflash",
					"parent": "main",
					"pivot": [-1, 27.1, -60.875],
					"cubes": [
						{
							"origin": [-1.5, 26.6, -61.175],
							"size": [1, 1, 1],
							"inflate": -0.4,
							"uv": {
								"north": {"uv": [14, 70], "uv_size": [1, 1]},
								"east": {"uv": [13, 71], "uv_size": [1, 1]},
								"south": {"uv": [14, 71], "uv_size": [1, 1]},
								"west": {"uv": [14, 72], "uv_size": [1, 1]},
								"up": {"uv": [13, 73], "uv_size": [1, 1]},
								"down": {"uv": [14, 74], "uv_size": [1, -1]}
							}
						}
					]
				},
				{
					"name": "scope",
					"parent": "main",
					"pivot": [-1, 30.3, -1.625],
					"cubes": [
						{
							"origin": [-1.5125, 29.8, -2.125],
							"size": [1, 1, 1],
							"inflate": -0.4,
							"uv": {
								"north": {"uv": [780.19048, 1950.47619], "uv_size": [27.86395, 27.86395]},
								"east": {"uv": [752.32653, 1950.47619], "uv_size": [27.86395, 27.86395]},
								"south": {"uv": [835.91837, 1950.47619], "uv_size": [27.86395, 27.86395]},
								"west": {"uv": [808.05442, 1950.47619], "uv_size": [27.86395, 27.86395]},
								"up": {"uv": [780.19048, 1922.61224], "uv_size": [27.86395, 27.86395]},
								"down": {"uv": [808.05442, 1950.47619], "uv_size": [27.86395, -27.86395]}
							}
						}
					]
				}
			]
		}
	]
}