{
	"format_version": "1.12.0",
	"minecraft:geometry": [
		{
			"description": {
				"identifier": "geometry.unknown",
				"texture_width": 256,
				"texture_height": 256,
				"visible_bounds_width": 12,
				"visible_bounds_height": 5,
				"visible_bounds_offset": [0, 1.5, 0]
			},
			"bones": [
				{
					"name": "main",
					"pivot": [0, 20, 0]
				},
				{
					"name": "gun",
					"parent": "main",
					"pivot": [1, 11, -1]
				},
				{
					"name": "Wood",
					"parent": "gun",
					"pivot": [0, 9, 1],
					"cubes": [
						{
							"origin": [-3, 25, -85],
							"size": [4, 0.5, 55.8408],
							"uv": {
								"north": {"uv": [188, 140], "uv_size": [8, 2]},
								"east": {"uv": [120, 136], "uv_size": [112, 2]},
								"south": {"uv": [188, 142], "uv_size": [8, 2]},
								"west": {"uv": [120, 138], "uv_size": [112, 2]},
								"up": {"uv": [0, 0], "uv_size": [8, 112]},
								"down": {"uv": [8, 112], "uv_size": [8, -112]}
							}
						},
						{
							"origin": [12.64329, 32.44131, -84.98],
							"size": [0.9801, 1.37214, 55.8408],
							"pivot": [15.6816, 13.7214, -11.7509],
							"rotation": [0, 0, -45],
							"uv": {
								"north": {"uv": [88, 198], "uv_size": [2, 2]},
								"east": {"uv": [112, 66], "uv_size": [112, 2]},
								"south": {"uv": [198, 88], "uv_size": [2, 2]},
								"west": {"uv": [120, 52], "uv_size": [112, 2]},
								"up": {"uv": [112, 136], "uv_size": [2, 112]},
								"down": {"uv": [114, 248], "uv_size": [2, -112]}
							}
						},
						{
							"origin": [-1.9602, 25.4826, -84.98],
							"size": [1.9602, 0.9801, 55.8408],
							"uv": {
								"north": {"uv": [10, 176], "uv_size": [4, 2]},
								"east": {"uv": [120, 54], "uv_size": [112, 2]},
								"south": {"uv": [194, 78], "uv_size": [4, 2]},
								"west": {"uv": [120, 56], "uv_size": [112, 2]},
								"up": {"uv": [64, 96], "uv_size": [4, 112]},
								"down": {"uv": [68, 208], "uv_size": [4, -112]}
							}
						},
						{
							"origin": [-13.57438, 27.57021, -84.98],
							"size": [0.9801, 1.37214, 55.8408],
							"pivot": [-10.7811, 13.7214, -11.7509],
							"rotation": [0, 0, 45],
							"uv": {
								"north": {"uv": [90, 198], "uv_size": [2, 2]},
								"east": {"uv": [120, 58], "uv_size": [112, 2]},
								"south": {"uv": [198, 96], "uv_size": [2, 2]},
								"west": {"uv": [120, 60], "uv_size": [112, 2]},
								"up": {"uv": [116, 136], "uv_size": [2, 112]},
								"down": {"uv": [118, 248], "uv_size": [2, -112]}
							}
						},
						{
							"origin": [-3, 22, -85],
							"size": [4, 3, 30],
							"uv": {
								"north": {"uv": [176, 8], "uv_size": [8, 6]},
								"east": {"uv": [96, 96], "uv_size": [60, 6]},
								"south": {"uv": [140, 176], "uv_size": [8, 6]},
								"west": {"uv": [96, 102], "uv_size": [60, 6]},
								"up": {"uv": [48, 96], "uv_size": [8, 60]},
								"down": {"uv": [56, 156], "uv_size": [8, -60]}
							}
						},
						{
							"origin": [-3, 21, -54],
							"size": [4, 4, 36],
							"uv": {
								"north": {"uv": [54, 170], "uv_size": [8, 8]},
								"east": {"uv": [88, 8], "uv_size": [72, 8]},
								"south": {"uv": [170, 80], "uv_size": [8, 8]},
								"west": {"uv": [88, 16], "uv_size": [72, 8]},
								"up": {"uv": [88, 24], "uv_size": [8, 72]},
								"down": {"uv": [16, 168], "uv_size": [8, -72]}
							}
						},
						{
							"origin": [-2.998, 20.55, -89],
							"size": [3.99, 2, 35.8],
							"pivot": [2, 12, -36],
							"rotation": [-1.3, 0, 0],
							"uv": {
								"north": {"uv": [182, 160], "uv_size": [8, 4]},
								"east": {"uv": [112, 112], "uv_size": [72, 4]},
								"south": {"uv": [182, 164], "uv_size": [8, 4]},
								"west": {"uv": [112, 116], "uv_size": [72, 4]},
								"up": {"uv": [32, 96], "uv_size": [8, 72]},
								"down": {"uv": [40, 168], "uv_size": [8, -72]}
							}
						},
						{
							"origin": [-2.998, 19.55, -54],
							"size": [3.99, 2, 35.8],
							"pivot": [2, 11, -1],
							"rotation": [-1.5, 0, 0],
							"uv": {
								"north": {"uv": [182, 128], "uv_size": [8, 4]},
								"east": {"uv": [112, 62], "uv_size": [72, 4]},
								"south": {"uv": [182, 148], "uv_size": [8, 4]},
								"west": {"uv": [112, 108], "uv_size": [72, 4]},
								"up": {"uv": [24, 96], "uv_size": [8, 72]},
								"down": {"uv": [96, 96], "uv_size": [8, -72]}
							}
						},
						{
							"origin": [-3, 22, -89],
							"size": [4, 3.2, 4],
							"uv": {
								"north": {"uv": [174, 68], "uv_size": [8, 6]},
								"east": {"uv": [174, 74], "uv_size": [8, 6]},
								"south": {"uv": [80, 174], "uv_size": [8, 6]},
								"west": {"uv": [174, 128], "uv_size": [8, 6]},
								"up": {"uv": [94, 170], "uv_size": [8, 8]},
								"down": {"uv": [170, 148], "uv_size": [8, -8]}
							}
						},
						{
							"origin": [-13.57438, 27.25021, -88.98],
							"size": [0.9801, 1.37214, 4.8408],
							"pivot": [-10.7811, 13.4014, -31.7509],
							"rotation": [0, 0, 45],
							"uv": {
								"north": {"uv": [198, 128], "uv_size": [2, 2]},
								"east": {"uv": [42, 188], "uv_size": [10, 2]},
								"south": {"uv": [130, 198], "uv_size": [2, 2]},
								"west": {"uv": [80, 188], "uv_size": [10, 2]},
								"up": {"uv": [0, 188], "uv_size": [2, 10]},
								"down": {"uv": [2, 198], "uv_size": [2, -10]}
							}
						},
						{
							"origin": [-1.9602, 25.1626, -88.98],
							"size": [1.9602, 0.9801, 4.8408],
							"uv": {
								"north": {"uv": [196, 94], "uv_size": [4, 2]},
								"east": {"uv": [188, 96], "uv_size": [10, 2]},
								"south": {"uv": [100, 196], "uv_size": [4, 2]},
								"west": {"uv": [188, 98], "uv_size": [10, 2]},
								"up": {"uv": [40, 178], "uv_size": [4, 10]},
								"down": {"uv": [44, 188], "uv_size": [4, -10]}
							}
						},
						{
							"origin": [12.64329, 32.12131, -88.98],
							"size": [0.9801, 1.37214, 4.8408],
							"pivot": [15.6816, 13.4014, -31.7509],
							"rotation": [0, 0, -45],
							"uv": {
								"north": {"uv": [198, 130], "uv_size": [2, 2]},
								"east": {"uv": [188, 100], "uv_size": [10, 2]},
								"south": {"uv": [132, 198], "uv_size": [2, 2]},
								"west": {"uv": [188, 102], "uv_size": [10, 2]},
								"up": {"uv": [4, 188], "uv_size": [2, 10]},
								"down": {"uv": [6, 198], "uv_size": [2, -10]}
							}
						},
						{
							"origin": [-3, 20, -18],
							"size": [4, 3, 22],
							"uv": {
								"north": {"uv": [174, 160], "uv_size": [8, 6]},
								"east": {"uv": [120, 24], "uv_size": [44, 6]},
								"south": {"uv": [174, 166], "uv_size": [8, 6]},
								"west": {"uv": [120, 30], "uv_size": [44, 6]},
								"up": {"uv": [104, 24], "uv_size": [8, 44]},
								"down": {"uv": [96, 152], "uv_size": [8, -44]}
							}
						},
						{
							"origin": [-3, 23, -2],
							"size": [4, 2, 6],
							"uv": {
								"north": {"uv": [182, 18], "uv_size": [8, 4]},
								"east": {"uv": [170, 148], "uv_size": [12, 4]},
								"south": {"uv": [182, 68], "uv_size": [8, 4]},
								"west": {"uv": [172, 104], "uv_size": [12, 4]},
								"up": {"uv": [160, 8], "uv_size": [8, 12]},
								"down": {"uv": [160, 80], "uv_size": [8, -12]}
							}
						},
						{
							"origin": [-3, 23, -12],
							"size": [4, 2, 10],
							"uv": {
								"north": {"uv": [182, 72], "uv_size": [8, 4]},
								"east": {"uv": [164, 28], "uv_size": [20, 4]},
								"south": {"uv": [182, 76], "uv_size": [8, 4]},
								"west": {"uv": [164, 32], "uv_size": [20, 4]},
								"up": {"uv": [104, 148], "uv_size": [8, 20]},
								"down": {"uv": [152, 88], "uv_size": [8, -20]}
							}
						},
						{
							"origin": [-3, 23, -18],
							"size": [4, 2, 6],
							"uv": {
								"north": {"uv": [182, 120], "uv_size": [8, 4]},
								"east": {"uv": [174, 24], "uv_size": [12, 4]},
								"south": {"uv": [182, 124], "uv_size": [8, 4]},
								"west": {"uv": [174, 36], "uv_size": [12, 4]},
								"up": {"uv": [80, 162], "uv_size": [8, 12]},
								"down": {"uv": [162, 152], "uv_size": [8, -12]}
							}
						},
						{
							"origin": [-3.01, 20.6, 3.02],
							"size": [4.02, 3.8, 5],
							"pivot": [0, 11, -1],
							"rotation": [-7.5, 0, 0],
							"uv": {
								"north": {"uv": [0, 170], "uv_size": [8, 8]},
								"east": {"uv": [160, 80], "uv_size": [10, 8]},
								"south": {"uv": [46, 170], "uv_size": [8, 8]},
								"west": {"uv": [164, 20], "uv_size": [10, 8]},
								"up": {"uv": [164, 42], "uv_size": [8, 10]},
								"down": {"uv": [164, 106], "uv_size": [8, -10]}
							}
						},
						{
							"origin": [-2.99, 21.6, 0.145],
							"size": [3.98, 4.2, 19.875],
							"pivot": [0, 11, -1],
							"rotation": [-15, 0, 0],
							"uv": {
								"north": {"uv": [166, 128], "uv_size": [8, 8]},
								"east": {"uv": [104, 68], "uv_size": [40, 8]},
								"south": {"uv": [140, 168], "uv_size": [8, 8]},
								"west": {"uv": [104, 76], "uv_size": [40, 8]},
								"up": {"uv": [104, 108], "uv_size": [8, 40]},
								"down": {"uv": [0, 152], "uv_size": [8, -40]}
							}
						},
						{
							"origin": [-2.98, 22.85, 1.645],
							"size": [3.95, 4.2, 6.125],
							"pivot": [0, 11, -1],
							"rotation": [-32.5, 0, 0],
							"uv": {
								"north": {"uv": [238.25, 239.25], "uv_size": [8, 8]},
								"east": {"uv": [196, 238.75], "uv_size": [40, 8]},
								"south": {"uv": [238.75, 248], "uv_size": [8, 8]},
								"west": {"uv": [197.25, 248], "uv_size": [40, 8]},
								"up": {"uv": [248, 216], "uv_size": [8, 40]},
								"down": {"uv": [248, 213.5], "uv_size": [8, -40]}
							}
						},
						{
							"origin": [-2.98, 16.225, 12.77],
							"size": [3.95, 4.2, 7.125],
							"uv": {
								"north": {"uv": [238.25, 239.25], "uv_size": [8, 8]},
								"east": {"uv": [196, 238.75], "uv_size": [40, 8]},
								"south": {"uv": [238.75, 248], "uv_size": [8, 8]},
								"west": {"uv": [197.25, 248], "uv_size": [40, 8]},
								"up": {"uv": [248, 216], "uv_size": [8, 40]},
								"down": {"uv": [248, 213.5], "uv_size": [8, -40]}
							}
						},
						{
							"origin": [-3, 22.6, 11.2],
							"size": [4.01, 2.8, 24],
							"pivot": [0, 8, 1],
							"rotation": [-22.5, 0, 0],
							"uv": {
								"north": {"uv": [166, 172], "uv_size": [8, 6]},
								"east": {"uv": [104, 84], "uv_size": [48, 6]},
								"south": {"uv": [174, 18], "uv_size": [8, 6]},
								"west": {"uv": [104, 90], "uv_size": [48, 6]},
								"up": {"uv": [72, 96], "uv_size": [8, 48]},
								"down": {"uv": [88, 144], "uv_size": [8, -48]}
							}
						},
						{
							"origin": [-2.96, 17.6, 20.02],
							"size": [3.93, 4.8, 6],
							"pivot": [0, 8, 1],
							"rotation": [-5, 0, 0],
							"uv": {
								"north": {"uv": [132, 164], "uv_size": [8, 10]},
								"east": {"uv": [152, 42], "uv_size": [12, 10]},
								"south": {"uv": [166, 152], "uv_size": [8, 10]},
								"west": {"uv": [128, 154], "uv_size": [12, 10]},
								"up": {"uv": [156, 96], "uv_size": [8, 12]},
								"down": {"uv": [148, 170], "uv_size": [8, -12]}
							}
						},
						{
							"origin": [-2.97, 15.6, 26.02],
							"size": [3.95, 6.8, 7],
							"pivot": [0, 8, 1],
							"rotation": [-5, 0, 0],
							"uv": {
								"north": {"uv": [144, 68], "uv_size": [8, 14]},
								"east": {"uv": [120, 140], "uv_size": [14, 14]},
								"south": {"uv": [140, 154], "uv_size": [8, 14]},
								"west": {"uv": [134, 140], "uv_size": [14, 14]},
								"up": {"uv": [48, 156], "uv_size": [8, 14]},
								"down": {"uv": [56, 170], "uv_size": [8, -14]}
							}
						},
						{
							"origin": [-2.97, 13.6, 33.02],
							"size": [3.95, 8.8, 5],
							"pivot": [0, 8, 1],
							"rotation": [-5, 0, 0],
							"uv": {
								"north": {"uv": [96, 152], "uv_size": [8, 18]},
								"east": {"uv": [148, 140], "uv_size": [10, 18]},
								"south": {"uv": [120, 154], "uv_size": [8, 18]},
								"west": {"uv": [0, 152], "uv_size": [10, 18]},
								"up": {"uv": [14, 168], "uv_size": [8, 10]},
								"down": {"uv": [22, 178], "uv_size": [8, -10]}
							}
						},
						{
							"origin": [-2.99, 21.6, 19.275],
							"size": [3.99, 1.8, 19.325],
							"pivot": [0, 8, 1],
							"rotation": [-5, 0, 0],
							"uv": {
								"north": {"uv": [80, 180], "uv_size": [8, 4]},
								"east": {"uv": [144, 120], "uv_size": [38, 4]},
								"south": {"uv": [180, 96], "uv_size": [8, 4]},
								"west": {"uv": [144, 124], "uv_size": [38, 4]},
								"up": {"uv": [8, 112], "uv_size": [8, 38]},
								"down": {"uv": [112, 62], "uv_size": [8, -38]}
							}
						},
						{
							"origin": [-3.0199, 20.6, 1.145],
							"size": [3.9999, 4.8, 1.875],
							"pivot": [0, 11, -1],
							"rotation": [-7.5, 0, 0],
							"uv": {
								"north": {"uv": [30, 168], "uv_size": [8, 10]},
								"east": {"uv": [48, 178], "uv_size": [4, 10]},
								"south": {"uv": [38, 168], "uv_size": [8, 10]},
								"west": {"uv": [52, 178], "uv_size": [4, 10]},
								"up": {"uv": [184, 62], "uv_size": [8, 4]},
								"down": {"uv": [80, 188], "uv_size": [8, -4]}
							}
						},
						{
							"origin": [-2.97, 27.5, 2.8],
							"size": [3.95, 4.8, 2],
							"pivot": [0, 9, 1],
							"rotation": [-52.5, 0, 0],
							"uv": {
								"north": {"uv": [166, 162], "uv_size": [8, 10]},
								"east": {"uv": [32, 178], "uv_size": [4, 10]},
								"south": {"uv": [168, 8], "uv_size": [8, 10]},
								"west": {"uv": [36, 178], "uv_size": [4, 10]},
								"up": {"uv": [180, 100], "uv_size": [8, 4]},
								"down": {"uv": [120, 184], "uv_size": [8, -4]}
							}
						}
					]
				},
				{
					"name": "Metal",
					"parent": "gun",
					"pivot": [0, 8, 1],
					"cubes": [
						{
							"origin": [-3, 25, -22],
							"size": [3, 1, 6],
							"uv": {
								"north": {"uv": [192, 82], "uv_size": [6, 2]},
								"east": {"uv": [184, 118], "uv_size": [12, 2]},
								"south": {"uv": [192, 84], "uv_size": [6, 2]},
								"west": {"uv": [178, 184], "uv_size": [12, 2]},
								"up": {"uv": [168, 68], "uv_size": [6, 12]},
								"down": {"uv": [88, 180], "uv_size": [6, -12]}
							}
						},
						{
							"origin": [0, 25, -22],
							"size": [1, 1, 10],
							"uv": {
								"north": {"uv": [198, 116], "uv_size": [2, 2]},
								"east": {"uv": [144, 134], "uv_size": [20, 2]},
								"south": {"uv": [120, 198], "uv_size": [2, 2]},
								"west": {"uv": [172, 50], "uv_size": [20, 2]},
								"up": {"uv": [110, 168], "uv_size": [2, 20]},
								"down": {"uv": [62, 190], "uv_size": [2, -20]}
							}
						},
						{
							"origin": [0, 25, -12],
							"size": [1, 1, 8.7],
							"uv": {
								"north": {"uv": [198, 100], "uv_size": [2, 2]},
								"east": {"uv": [176, 14], "uv_size": [18, 2]},
								"south": {"uv": [102, 198], "uv_size": [2, 2]},
								"west": {"uv": [176, 16], "uv_size": [18, 2]},
								"up": {"uv": [14, 150], "uv_size": [2, 18]},
								"down": {"uv": [102, 188], "uv_size": [2, -18]}
							}
						},
						{
							"origin": [-3, 25, -6.3],
							"size": [1, 1, 3],
							"uv": {
								"north": {"uv": [198, 132], "uv_size": [2, 2]},
								"east": {"uv": [192, 112], "uv_size": [6, 2]},
								"south": {"uv": [134, 198], "uv_size": [2, 2]},
								"west": {"uv": [128, 192], "uv_size": [6, 2]},
								"up": {"uv": [28, 192], "uv_size": [2, 6]},
								"down": {"uv": [30, 198], "uv_size": [2, -6]}
							}
						},
						{
							"origin": [13.2, 33.1, -22],
							"size": [0.7, 1.4, 6],
							"pivot": [16, 14, -1],
							"rotation": [0, 0, -45],
							"uv": {
								"north": {"uv": [198, 102], "uv_size": [2, 2]},
								"east": {"uv": [184, 178], "uv_size": [12, 2]},
								"south": {"uv": [104, 198], "uv_size": [2, 2]},
								"west": {"uv": [184, 180], "uv_size": [12, 2]},
								"up": {"uv": [152, 184], "uv_size": [2, 12]},
								"down": {"uv": [170, 196], "uv_size": [2, -12]}
							}
						},
						{
							"origin": [-2, 26, -21.999],
							"size": [2, 1, 6],
							"uv": {
								"north": {"uv": [194, 168], "uv_size": [4, 2]},
								"east": {"uv": [184, 182], "uv_size": [12, 2]},
								"south": {"uv": [194, 170], "uv_size": [4, 2]},
								"west": {"uv": [186, 24], "uv_size": [12, 2]},
								"up": {"uv": [162, 174], "uv_size": [4, 12]},
								"down": {"uv": [174, 184], "uv_size": [4, -12]}
							}
						},
						{
							"origin": [-13.85, 28.13, -22],
							"size": [1, 1.4, 6],
							"pivot": [-11, 14, -1],
							"rotation": [0, 0, 45],
							"uv": {
								"north": {"uv": [106, 198], "uv_size": [2, 2]},
								"east": {"uv": [186, 26], "uv_size": [12, 2]},
								"south": {"uv": [198, 106], "uv_size": [2, 2]},
								"west": {"uv": [186, 36], "uv_size": [12, 2]},
								"up": {"uv": [76, 186], "uv_size": [2, 12]},
								"down": {"uv": [78, 198], "uv_size": [2, -12]}
							}
						},
						{
							"origin": [13.2, 32.85, -23.625],
							"size": [0.7, 1.4, 1.625],
							"pivot": [16, 13.75, -7],
							"rotation": [0, 0, -45],
							"uv": {
								"north": {"uv": [2, 200], "uv_size": [2, 2]},
								"east": {"uv": [52, 198], "uv_size": [4, 2]},
								"south": {"uv": [8, 200], "uv_size": [2, 2]},
								"west": {"uv": [198, 62], "uv_size": [4, 2]},
								"up": {"uv": [42, 198], "uv_size": [2, 4]},
								"down": {"uv": [58, 202], "uv_size": [2, -4]}
							}
						},
						{
							"origin": [-2, 25.75, -23.624],
							"size": [2, 1, 1.625],
							"uv": {
								"north": {"uv": [38, 198], "uv_size": [4, 2]},
								"east": {"uv": [46, 198], "uv_size": [4, 2]},
								"south": {"uv": [198, 46], "uv_size": [4, 2]},
								"west": {"uv": [198, 50], "uv_size": [4, 2]},
								"up": {"uv": [12, 192], "uv_size": [4, 4]},
								"down": {"uv": [16, 196], "uv_size": [4, -4]}
							}
						},
						{
							"origin": [-13.85, 27.88, -23.625],
							"size": [1, 1.4, 1.625],
							"pivot": [-11, 13.75, -7],
							"rotation": [0, 0, 45],
							"uv": {
								"north": {"uv": [198, 198], "uv_size": [2, 2]},
								"east": {"uv": [28, 198], "uv_size": [4, 2]},
								"south": {"uv": [0, 200], "uv_size": [2, 2]},
								"west": {"uv": [32, 198], "uv_size": [4, 2]},
								"up": {"uv": [198, 34], "uv_size": [2, 4]},
								"down": {"uv": [36, 202], "uv_size": [2, -4]}
							}
						},
						{
							"origin": [-3, 25, -23.625],
							"size": [4, 0.75, 1.625],
							"uv": {
								"north": {"uv": [192, 8], "uv_size": [8, 2]},
								"east": {"uv": [198, 24], "uv_size": [4, 2]},
								"south": {"uv": [192, 10], "uv_size": [8, 2]},
								"west": {"uv": [198, 26], "uv_size": [4, 2]},
								"up": {"uv": [184, 106], "uv_size": [8, 4]},
								"down": {"uv": [184, 114], "uv_size": [8, -4]}
							}
						},
						{
							"origin": [13.2, 32.6, -26.5],
							"size": [0.7, 1.4, 3],
							"pivot": [16, 13.5, -8.5],
							"rotation": [0, 0, -45],
							"uv": {
								"north": {"uv": [200, 10], "uv_size": [2, 2]},
								"east": {"uv": [190, 192], "uv_size": [6, 2]},
								"south": {"uv": [12, 200], "uv_size": [2, 2]},
								"west": {"uv": [194, 14], "uv_size": [6, 2]},
								"up": {"uv": [156, 192], "uv_size": [2, 6]},
								"down": {"uv": [158, 198], "uv_size": [2, -6]}
							}
						},
						{
							"origin": [-2, 25.5, -26.499],
							"size": [2, 1, 3],
							"uv": {
								"north": {"uv": [198, 64], "uv_size": [4, 2]},
								"east": {"uv": [178, 192], "uv_size": [6, 2]},
								"south": {"uv": [72, 198], "uv_size": [4, 2]},
								"west": {"uv": [184, 192], "uv_size": [6, 2]},
								"up": {"uv": [156, 186], "uv_size": [4, 6]},
								"down": {"uv": [162, 192], "uv_size": [4, -6]}
							}
						},
						{
							"origin": [-13.85, 27.63, -26.5],
							"size": [1, 1.4, 3],
							"pivot": [-11, 13.5, -8.5],
							"rotation": [0, 0, 45],
							"uv": {
								"north": {"uv": [200, 8], "uv_size": [2, 2]},
								"east": {"uv": [192, 172], "uv_size": [6, 2]},
								"south": {"uv": [10, 200], "uv_size": [2, 2]},
								"west": {"uv": [192, 174], "uv_size": [6, 2]},
								"up": {"uv": [74, 192], "uv_size": [2, 6]},
								"down": {"uv": [146, 198], "uv_size": [2, -6]}
							}
						},
						{
							"origin": [-3, 25, -26.5],
							"size": [4, 0.5, 3],
							"uv": {
								"north": {"uv": [20, 192], "uv_size": [8, 2]},
								"east": {"uv": [134, 192], "uv_size": [6, 2]},
								"south": {"uv": [192, 28], "uv_size": [8, 2]},
								"west": {"uv": [140, 192], "uv_size": [6, 2]},
								"up": {"uv": [0, 178], "uv_size": [8, 6]},
								"down": {"uv": [8, 184], "uv_size": [8, -6]}
							}
						},
						{
							"origin": [13.2, 32.35, -29.25],
							"size": [0.7, 1.4, 2.75],
							"pivot": [16, 13.25, -11.5],
							"rotation": [0, 0, -45],
							"uv": {
								"north": {"uv": [200, 14], "uv_size": [2, 2]},
								"east": {"uv": [194, 40], "uv_size": [6, 2]},
								"south": {"uv": [16, 200], "uv_size": [2, 2]},
								"west": {"uv": [194, 42], "uv_size": [6, 2]},
								"up": {"uv": [26, 194], "uv_size": [2, 6]},
								"down": {"uv": [44, 200], "uv_size": [2, -6]}
							}
						},
						{
							"origin": [-2, 25.25, -29.249],
							"size": [2, 1, 2.75],
							"uv": {
								"north": {"uv": [76, 198], "uv_size": [4, 2]},
								"east": {"uv": [32, 194], "uv_size": [6, 2]},
								"south": {"uv": [198, 78], "uv_size": [4, 2]},
								"west": {"uv": [38, 194], "uv_size": [6, 2]},
								"up": {"uv": [178, 186], "uv_size": [4, 6]},
								"down": {"uv": [182, 192], "uv_size": [4, -6]}
							}
						},
						{
							"origin": [-13.85, 27.38, -29.25],
							"size": [1, 1.4, 2.75],
							"pivot": [-11, 13.25, -11.5],
							"rotation": [0, 0, 45],
							"uv": {
								"north": {"uv": [200, 12], "uv_size": [2, 2]},
								"east": {"uv": [20, 194], "uv_size": [6, 2]},
								"south": {"uv": [14, 200], "uv_size": [2, 2]},
								"west": {"uv": [194, 20], "uv_size": [6, 2]},
								"up": {"uv": [162, 192], "uv_size": [2, 6]},
								"down": {"uv": [164, 198], "uv_size": [2, -6]}
							}
						},
						{
							"origin": [-13.85, 27.63, -30],
							"size": [1, 1.4, 0.875],
							"pivot": [-11, 13.5, -12.25],
							"rotation": [0, 0, 45],
							"uv": {
								"north": {"uv": [200, 12], "uv_size": [2, 2]},
								"east": {"uv": [20, 194], "uv_size": [6, 2]},
								"south": {"uv": [14, 200], "uv_size": [2, 2]},
								"west": {"uv": [194, 20], "uv_size": [6, 2]},
								"up": {"uv": [162, 192], "uv_size": [2, 6]},
								"down": {"uv": [164, 198], "uv_size": [2, -6]}
							}
						},
						{
							"origin": [-2, 25.5, -29.999],
							"size": [2, 1, 0.875],
							"uv": {
								"north": {"uv": [76, 198], "uv_size": [4, 2]},
								"east": {"uv": [32, 194], "uv_size": [6, 2]},
								"south": {"uv": [198, 78], "uv_size": [4, 2]},
								"west": {"uv": [38, 194], "uv_size": [6, 2]},
								"up": {"uv": [178, 186], "uv_size": [4, 6]},
								"down": {"uv": [182, 192], "uv_size": [4, -6]}
							}
						},
						{
							"origin": [13.2, 32.6, -30],
							"size": [0.7, 1.4, 0.875],
							"pivot": [16, 13.5, -12.25],
							"rotation": [0, 0, -45],
							"uv": {
								"north": {"uv": [200, 14], "uv_size": [2, 2]},
								"east": {"uv": [194, 40], "uv_size": [6, 2]},
								"south": {"uv": [16, 200], "uv_size": [2, 2]},
								"west": {"uv": [194, 42], "uv_size": [6, 2]},
								"up": {"uv": [26, 194], "uv_size": [2, 6]},
								"down": {"uv": [44, 200], "uv_size": [2, -6]}
							}
						},
						{
							"origin": [-3, 25, -29.25],
							"size": [4, 0.25, 2.75],
							"uv": {
								"north": {"uv": [192, 30], "uv_size": [8, 2]},
								"east": {"uv": [194, 16], "uv_size": [6, 2]},
								"south": {"uv": [192, 32], "uv_size": [8, 2]},
								"west": {"uv": [194, 18], "uv_size": [6, 2]},
								"up": {"uv": [16, 178], "uv_size": [8, 6]},
								"down": {"uv": [24, 184], "uv_size": [8, -6]}
							}
						},
						{
							"origin": [-3, 25, -26.5],
							"size": [3, 0.5, 3],
							"uv": {
								"north": {"uv": [194, 70], "uv_size": [6, 2]},
								"east": {"uv": [194, 72], "uv_size": [6, 2]},
								"south": {"uv": [194, 74], "uv_size": [6, 2]},
								"west": {"uv": [194, 76], "uv_size": [6, 2]},
								"up": {"uv": [178, 178], "uv_size": [6, 6]},
								"down": {"uv": [180, 48], "uv_size": [6, -6]}
							}
						},
						{
							"origin": [-3, 25, -29.25],
							"size": [3, 0.25, 2.75],
							"uv": {
								"north": {"uv": [194, 44], "uv_size": [6, 2]},
								"east": {"uv": [46, 194], "uv_size": [6, 2]},
								"south": {"uv": [52, 194], "uv_size": [6, 2]},
								"west": {"uv": [194, 68], "uv_size": [6, 2]},
								"up": {"uv": [166, 178], "uv_size": [6, 6]},
								"down": {"uv": [178, 178], "uv_size": [6, -6]}
							}
						},
						{
							"origin": [13.2, 33.1, -6.301],
							"size": [0.7, 1.4, 3],
							"pivot": [16, 14, 7],
							"rotation": [0, 0, -45],
							"uv": {
								"north": {"uv": [110, 198], "uv_size": [2, 2]},
								"east": {"uv": [192, 108], "uv_size": [6, 2]},
								"south": {"uv": [198, 110], "uv_size": [2, 2]},
								"west": {"uv": [192, 110], "uv_size": [6, 2]},
								"up": {"uv": [62, 190], "uv_size": [2, 6]},
								"down": {"uv": [160, 196], "uv_size": [2, -6]}
							}
						},
						{
							"origin": [-2, 26, -6.3],
							"size": [2, 1, 3],
							"uv": {
								"north": {"uv": [172, 194], "uv_size": [4, 2]},
								"east": {"uv": [104, 192], "uv_size": [6, 2]},
								"south": {"uv": [176, 194], "uv_size": [4, 2]},
								"west": {"uv": [192, 106], "uv_size": [6, 2]},
								"up": {"uv": [186, 42], "uv_size": [4, 6]},
								"down": {"uv": [104, 192], "uv_size": [4, -6]}
							}
						},
						{
							"origin": [-13.85, 28.13, -6.301],
							"size": [1, 1.4, 3],
							"pivot": [-11, 14, 7],
							"rotation": [0, 0, 45],
							"uv": {
								"north": {"uv": [108, 198], "uv_size": [2, 2]},
								"east": {"uv": [192, 86], "uv_size": [6, 2]},
								"south": {"uv": [198, 108], "uv_size": [2, 2]},
								"west": {"uv": [192, 88], "uv_size": [6, 2]},
								"up": {"uv": [102, 188], "uv_size": [2, 6]},
								"down": {"uv": [110, 194], "uv_size": [2, -6]}
							}
						},
						{
							"origin": [-13.71013, 27.84592, -55.4098],
							"size": [0.9899, 1.38586, 2.313],
							"pivot": [-10.88891, 13.85861, -23.87841],
							"rotation": [0, 0, 45],
							"uv": {
								"north": {"uv": [198, 120], "uv_size": [2, 2]},
								"east": {"uv": [180, 194], "uv_size": [4, 2]},
								"south": {"uv": [122, 198], "uv_size": [2, 2]},
								"west": {"uv": [184, 194], "uv_size": [4, 2]},
								"up": {"uv": [188, 194], "uv_size": [2, 4]},
								"down": {"uv": [194, 192], "uv_size": [2, -4]}
							}
						},
						{
							"origin": [-3.03, 25.25, -55.43],
							"size": [4.04, 0.505, 2.313],
							"uv": {
								"north": {"uv": [188, 144], "uv_size": [8, 2]},
								"east": {"uv": [190, 194], "uv_size": [4, 2]},
								"south": {"uv": [188, 176], "uv_size": [8, 2]},
								"west": {"uv": [194, 194], "uv_size": [4, 2]},
								"up": {"uv": [182, 168], "uv_size": [8, 4]},
								"down": {"uv": [0, 188], "uv_size": [8, -4]}
							}
						},
						{
							"origin": [-1.03, -3.1, -55.43],
							"size": [4.04, 4.4, 2.313],
							"pivot": [0, 11.11, -13.02],
							"rotation": [0, 0, 180],
							"uv": {
								"north": {"uv": [148, 170], "uv_size": [8, 8]},
								"east": {"uv": [144, 182], "uv_size": [4, 8]},
								"south": {"uv": [172, 42], "uv_size": [8, 8]},
								"west": {"uv": [8, 184], "uv_size": [4, 8]},
								"up": {"uv": [184, 8], "uv_size": [8, 4]},
								"down": {"uv": [12, 188], "uv_size": [8, -4]}
							}
						},
						{
							"origin": [12.76972, 32.76572, -55.4098],
							"size": [0.9899, 1.38586, 2.313],
							"pivot": [15.83842, 13.85861, -23.87841],
							"rotation": [0, 0, -45],
							"uv": {
								"north": {"uv": [198, 122], "uv_size": [2, 2]},
								"east": {"uv": [8, 196], "uv_size": [4, 2]},
								"south": {"uv": [124, 198], "uv_size": [2, 2]},
								"west": {"uv": [12, 196], "uv_size": [4, 2]},
								"up": {"uv": [16, 196], "uv_size": [2, 4]},
								"down": {"uv": [18, 200], "uv_size": [2, -4]}
							}
						},
						{
							"origin": [-1.9798, 25.73743, -55.4098],
							"size": [1.9798, 0.9899, 2.313],
							"uv": {
								"north": {"uv": [20, 196], "uv_size": [4, 2]},
								"east": {"uv": [32, 196], "uv_size": [4, 2]},
								"south": {"uv": [36, 196], "uv_size": [4, 2]},
								"west": {"uv": [196, 38], "uv_size": [4, 2]},
								"up": {"uv": [84, 190], "uv_size": [4, 4]},
								"down": {"uv": [88, 194], "uv_size": [4, -4]}
							}
						},
						{
							"origin": [-1.03, -3.21, -88.055],
							"size": [4.04, 3.81, 2.938],
							"pivot": [0, 11.11, -46.02],
							"rotation": [0, 0, 180],
							"uv": {
								"north": {"uv": [172, 96], "uv_size": [8, 8]},
								"east": {"uv": [20, 184], "uv_size": [4, 8]},
								"south": {"uv": [120, 172], "uv_size": [8, 8]},
								"west": {"uv": [24, 184], "uv_size": [4, 8]},
								"up": {"uv": [184, 28], "uv_size": [8, 4]},
								"down": {"uv": [184, 36], "uv_size": [8, -4]}
							}
						},
						{
							"origin": [5.51, -2.21, -87.43],
							"size": [1.5, 1.5, 2.313],
							"pivot": [4, 11.11, -46.02],
							"rotation": [0, 0, 180],
							"uv": {
								"north": {"uv": [148, 190], "uv_size": [4, 4]},
								"east": {"uv": [190, 148], "uv_size": [4, 4]},
								"south": {"uv": [190, 152], "uv_size": [4, 4]},
								"west": {"uv": [190, 160], "uv_size": [4, 4]},
								"up": {"uv": [190, 164], "uv_size": [4, 4]},
								"down": {"uv": [166, 194], "uv_size": [4, -4]}
							}
						},
						{
							"origin": [12.76972, 32.44572, -88.0348],
							"size": [0.9899, 1.38586, 2.938],
							"pivot": [15.83842, 13.53861, -56.87841],
							"rotation": [0, 0, -45],
							"uv": {
								"north": {"uv": [198, 126], "uv_size": [2, 2]},
								"east": {"uv": [88, 196], "uv_size": [4, 2]},
								"south": {"uv": [128, 198], "uv_size": [2, 2]},
								"west": {"uv": [196, 92], "uv_size": [4, 2]},
								"up": {"uv": [56, 196], "uv_size": [2, 4]},
								"down": {"uv": [62, 200], "uv_size": [2, -4]}
							}
						},
						{
							"origin": [-1.9798, 25.41743, -88.0348],
							"size": [1.9798, 0.9899, 2.938],
							"uv": {
								"north": {"uv": [196, 48], "uv_size": [4, 2]},
								"east": {"uv": [52, 196], "uv_size": [4, 2]},
								"south": {"uv": [80, 196], "uv_size": [4, 2]},
								"west": {"uv": [84, 196], "uv_size": [4, 2]},
								"up": {"uv": [190, 120], "uv_size": [4, 4]},
								"down": {"uv": [124, 194], "uv_size": [4, -4]}
							}
						},
						{
							"origin": [-2.075, 23.91743, -97.1598],
							"size": [2.2, 2.2, 2.313],
							"uv": {
								"north": {"uv": [196, 48], "uv_size": [4, 2]},
								"east": {"uv": [52, 196], "uv_size": [4, 2]},
								"south": {"uv": [80, 196], "uv_size": [4, 2]},
								"west": {"uv": [84, 196], "uv_size": [4, 2]},
								"up": {"uv": [190, 120], "uv_size": [4, 4]},
								"down": {"uv": [124, 194], "uv_size": [4, -4]}
							}
						},
						{
							"origin": [-1.49, 24.54243, -97.0348],
							"size": [0.95, 1.95, 2.063],
							"uv": {
								"north": {"uv": [196, 48], "uv_size": [4, 2]},
								"east": {"uv": [52, 196], "uv_size": [4, 2]},
								"south": {"uv": [80, 196], "uv_size": [4, 2]},
								"west": {"uv": [84, 196], "uv_size": [4, 2]},
								"up": {"uv": [190, 120], "uv_size": [4, 4]},
								"down": {"uv": [124, 194], "uv_size": [4, -4]}
							}
						},
						{
							"origin": [-1.2298, 20.66743, -87.4098],
							"size": [0.4798, 0.9899, 2.313],
							"uv": {
								"north": {"uv": [192, 198], "uv_size": [2, 2]},
								"east": {"uv": [196, 196], "uv_size": [4, 2]},
								"south": {"uv": [198, 192], "uv_size": [2, 2]},
								"west": {"uv": [0, 198], "uv_size": [4, 2]},
								"up": {"uv": [4, 198], "uv_size": [2, 4]},
								"down": {"uv": [6, 202], "uv_size": [2, -4]}
							}
						},
						{
							"origin": [-1.9798, 20.41743, -87.4198],
							"size": [1.9798, 0.4899, 2.35],
							"uv": {
								"north": {"uv": [8, 198], "uv_size": [4, 2]},
								"east": {"uv": [12, 198], "uv_size": [4, 2]},
								"south": {"uv": [20, 198], "uv_size": [4, 2]},
								"west": {"uv": [198, 22], "uv_size": [4, 2]},
								"up": {"uv": [190, 188], "uv_size": [4, 4]},
								"down": {"uv": [8, 196], "uv_size": [4, -4]}
							}
						},
						{
							"origin": [-13.71013, 27.52592, -88.0348],
							"size": [0.9899, 1.38586, 2.938],
							"pivot": [-10.88891, 13.53861, -56.87841],
							"rotation": [0, 0, 45],
							"uv": {
								"north": {"uv": [198, 124], "uv_size": [2, 2]},
								"east": {"uv": [40, 196], "uv_size": [4, 2]},
								"south": {"uv": [126, 198], "uv_size": [2, 2]},
								"west": {"uv": [46, 196], "uv_size": [4, 2]},
								"up": {"uv": [24, 196], "uv_size": [2, 4]},
								"down": {"uv": [50, 200], "uv_size": [2, -4]}
							}
						},
						{
							"origin": [1.3, 23.3, -93],
							"size": [0.8, 0.8, 7],
							"uv": {
								"north": {"uv": [138, 198], "uv_size": [2, 2]},
								"east": {"uv": [184, 114], "uv_size": [14, 2]},
								"south": {"uv": [140, 198], "uv_size": [2, 2]},
								"west": {"uv": [184, 116], "uv_size": [14, 2]},
								"up": {"uv": [120, 184], "uv_size": [2, 14]},
								"down": {"uv": [122, 198], "uv_size": [2, -14]}
							}
						},
						{
							"origin": [1.2, 23.15, -93.7],
							"size": [1.1, 1.1, 1.1],
							"uv": {
								"north": {"uv": [142, 198], "uv_size": [2, 2]},
								"east": {"uv": [144, 198], "uv_size": [2, 2]},
								"south": {"uv": [146, 198], "uv_size": [2, 2]},
								"west": {"uv": [198, 146], "uv_size": [2, 2]},
								"up": {"uv": [148, 198], "uv_size": [2, 2]},
								"down": {"uv": [198, 150], "uv_size": [2, -2]}
							}
						},
						{
							"origin": [-1.1625, 24.25, -97],
							"size": [0.325, 3.275, 2],
							"uv": {
								"north": {"uv": [58, 192], "uv_size": [2, 6]},
								"east": {"uv": [136, 186], "uv_size": [4, 6]},
								"south": {"uv": [72, 192], "uv_size": [2, 6]},
								"west": {"uv": [186, 152], "uv_size": [4, 6]},
								"up": {"uv": [92, 196], "uv_size": [2, 4]},
								"down": {"uv": [152, 200], "uv_size": [2, -4]}
							}
						},
						{
							"origin": [-2, 24, -98],
							"size": [2, 2, 77],
							"uv": {
								"north": {"uv": [160, 20], "uv_size": [4, 4]},
								"east": {"uv": [80, 0], "uv_size": [154, 4]},
								"south": {"uv": [12, 188], "uv_size": [4, 4]},
								"west": {"uv": [80, 4], "uv_size": [154, 4]},
								"up": {"uv": [80, 8], "uv_size": [4, 154]},
								"down": {"uv": [84, 162], "uv_size": [4, -154]}
							}
						},
						{
							"origin": [-2, 24, -98.125],
							"size": [0.375, 2, 0.125],
							"uv": {
								"north": {"uv": [190, 90], "uv_size": [2, 2]},
								"east": {"uv": [96, 190], "uv_size": [2, 2]},
								"south": {"uv": [98, 190], "uv_size": [2, 2]},
								"west": {"uv": [190, 104], "uv_size": [2, 2]},
								"up": {"uv": [192, 90], "uv_size": [2, 2]},
								"down": {"uv": [96, 194], "uv_size": [2, -2]}
							}
						},
						{
							"origin": [-1.625, 25.625, -98.125],
							"size": [1.25, 0.375, 0.125],
							"uv": {
								"north": {"uv": [98, 186], "uv_size": [2, 2]},
								"east": {"uv": [186, 104], "uv_size": [2, 2]},
								"south": {"uv": [188, 90], "uv_size": [2, 2]},
								"west": {"uv": [96, 188], "uv_size": [2, 2]},
								"up": {"uv": [98, 188], "uv_size": [2, 2]},
								"down": {"uv": [188, 106], "uv_size": [2, -2]}
							}
						},
						{
							"origin": [-1.625, 24, -98.125],
							"size": [1.25, 0.375, 0.125],
							"uv": {
								"north": {"uv": [98, 192], "uv_size": [2, 2]},
								"east": {"uv": [192, 104], "uv_size": [2, 2]},
								"south": {"uv": [194, 90], "uv_size": [2, 2]},
								"west": {"uv": [96, 194], "uv_size": [2, 2]},
								"up": {"uv": [98, 194], "uv_size": [2, 2]},
								"down": {"uv": [194, 106], "uv_size": [2, -2]}
							}
						},
						{
							"origin": [-0.375, 24, -98.125],
							"size": [0.375, 2, 0.125],
							"uv": {
								"north": {"uv": [184, 90], "uv_size": [2, 2]},
								"east": {"uv": [96, 184], "uv_size": [2, 2]},
								"south": {"uv": [98, 184], "uv_size": [2, 2]},
								"west": {"uv": [184, 104], "uv_size": [2, 2]},
								"up": {"uv": [186, 90], "uv_size": [2, 2]},
								"down": {"uv": [96, 188], "uv_size": [2, -2]}
							}
						},
						{
							"origin": [-3.01, 11.6, 38.02],
							"size": [4.02, 11.9, 1],
							"pivot": [0, 8, 1],
							"rotation": [-5, 0, 0],
							"uv": {
								"north": {"uv": [72, 144], "uv_size": [8, 24]},
								"east": {"uv": [160, 166], "uv_size": [2, 24]},
								"south": {"uv": [88, 144], "uv_size": [8, 24]},
								"west": {"uv": [108, 168], "uv_size": [2, 24]},
								"up": {"uv": [144, 82], "uv_size": [8, 2]},
								"down": {"uv": [164, 108], "uv_size": [8, -2]}
							}
						},
						{
							"origin": [-2.135, 22.6, 37.02],
							"size": [2.27, 0.9, 1],
							"pivot": [0, 8, 1],
							"rotation": [-5, 0, 0],
							"uv": {
								"north": {"uv": [72, 144], "uv_size": [8, 24]},
								"east": {"uv": [160, 166], "uv_size": [2, 24]},
								"south": {"uv": [88, 144], "uv_size": [8, 24]},
								"west": {"uv": [108, 168], "uv_size": [2, 24]},
								"up": {"uv": [144, 82], "uv_size": [8, 2]},
								"down": {"uv": [164, 108], "uv_size": [8, -2]}
							}
						},
						{
							"origin": [22.74, 22.6, 29.02],
							"size": [0.895, 0.9, 1.25],
							"pivot": [0, 8, 1],
							"rotation": [-6.76733, -42.30053, 4.56615],
							"uv": {
								"north": {"uv": [72, 144], "uv_size": [8, 24]},
								"east": {"uv": [160, 166], "uv_size": [2, 24]},
								"south": {"uv": [88, 144], "uv_size": [8, 24]},
								"west": {"uv": [108, 168], "uv_size": [2, 24]},
								"up": {"uv": [144, 82], "uv_size": [8, 2]},
								"down": {"uv": [164, 108], "uv_size": [8, -2]}
							}
						},
						{
							"origin": [-25.135, 22.6, 27.645],
							"size": [0.895, 0.9, 1.25],
							"pivot": [0, 8, 1],
							"rotation": [-6.76733, 42.30053, -4.56615],
							"uv": {
								"north": {"uv": [72, 144], "uv_size": [8, 24]},
								"east": {"uv": [160, 166], "uv_size": [2, 24]},
								"south": {"uv": [88, 144], "uv_size": [8, 24]},
								"west": {"uv": [108, 168], "uv_size": [2, 24]},
								"up": {"uv": [144, 82], "uv_size": [8, 2]},
								"down": {"uv": [164, 108], "uv_size": [8, -2]}
							}
						},
						{
							"origin": [-3.25, 53.095, -65.275],
							"size": [4.5, 0.6, 0.6],
							"pivot": [-5.875, 42.125, -81.775],
							"rotation": [-135, 0, 0],
							"uv": {
								"north": {"uv": [252, 25.5], "uv_size": [4, 2]},
								"east": {"uv": [246.75, 25], "uv_size": [4, 2]},
								"south": {"uv": [251.5, 20.25], "uv_size": [4, 2]},
								"west": {"uv": [250.5, 20], "uv_size": [4, 2]},
								"up": {"uv": [256, 18.5], "uv_size": [-6.5, 6]},
								"down": {"uv": [244.25, 23.25], "uv_size": [4, -4]}
							}
						},
						{
							"origin": [1.25, 52.97, -65.4],
							"size": [0.25, 0.85, 0.85],
							"pivot": [-1.375, 42.125, -81.775],
							"rotation": [-135, 0, 0],
							"uv": {
								"north": {"uv": [252, 25.5], "uv_size": [4, 2]},
								"east": {"uv": [246.75, 25], "uv_size": [4, 2]},
								"south": {"uv": [251.5, 20.25], "uv_size": [4, 2]},
								"west": {"uv": [250.5, 20], "uv_size": [4, 2]},
								"up": {"uv": [256, 18.5], "uv_size": [-6.5, 6]},
								"down": {"uv": [244.25, 23.25], "uv_size": [4, -4]}
							}
						},
						{
							"origin": [1.25, 52.595, -34.025],
							"size": [0.25, 0.85, 0.85],
							"pivot": [-1.375, 41.75, -50.4],
							"rotation": [-135, 0, 0],
							"uv": {
								"north": {"uv": [252, 25.5], "uv_size": [4, 2]},
								"east": {"uv": [246.75, 25], "uv_size": [4, 2]},
								"south": {"uv": [251.5, 20.25], "uv_size": [4, 2]},
								"west": {"uv": [250.5, 20], "uv_size": [4, 2]},
								"up": {"uv": [256, 18.5], "uv_size": [-6.5, 6]},
								"down": {"uv": [244.25, 23.25], "uv_size": [4, -4]}
							}
						},
						{
							"origin": [-3.25, 52.72, -33.9],
							"size": [4.5, 0.6, 0.6],
							"pivot": [-5.875, 41.75, -50.4],
							"rotation": [-135, 0, 0],
							"uv": {
								"north": {"uv": [252, 25.5], "uv_size": [4, 2]},
								"east": {"uv": [246.75, 25], "uv_size": [4, 2]},
								"south": {"uv": [251.5, 20.25], "uv_size": [4, 2]},
								"west": {"uv": [250.5, 20], "uv_size": [4, 2]},
								"up": {"uv": [256, 18.5], "uv_size": [-6.5, 6]},
								"down": {"uv": [244.25, 23.25], "uv_size": [4, -4]}
							}
						}
					]
				},
				{
					"name": "TriggerMag",
					"parent": "Metal",
					"pivot": [0, 0, 12],
					"cubes": [
						{
							"origin": [-2.15, 47.85, 13],
							"size": [2.3, 1, 1.5],
							"pivot": [0, 37, -3.4],
							"rotation": [-102.5, 0, 0],
							"uv": {
								"north": {"uv": [80, 194], "uv_size": [4, 2]},
								"east": {"uv": [84, 194], "uv_size": [4, 2]},
								"south": {"uv": [88, 194], "uv_size": [4, 2]},
								"west": {"uv": [100, 194], "uv_size": [4, 2]},
								"up": {"uv": [186, 188], "uv_size": [4, 4]},
								"down": {"uv": [190, 22], "uv_size": [4, -4]}
							}
						},
						{
							"origin": [-2.15, 4, 28.3],
							"size": [2.3, 2, 1],
							"pivot": [0, 0, 9],
							"rotation": [85, 0, 0],
							"uv": {
								"north": {"uv": [32, 190], "uv_size": [4, 4]},
								"east": {"uv": [104, 194], "uv_size": [2, 4]},
								"south": {"uv": [36, 190], "uv_size": [4, 4]},
								"west": {"uv": [106, 194], "uv_size": [2, 4]},
								"up": {"uv": [108, 194], "uv_size": [4, 2]},
								"down": {"uv": [194, 122], "uv_size": [4, -2]}
							}
						},
						{
							"origin": [-2.15, 6, 27.001],
							"size": [2.3, 1, 3],
							"pivot": [0, 0, 9],
							"rotation": [85, 0, 0],
							"uv": {
								"north": {"uv": [194, 122], "uv_size": [4, 2]},
								"east": {"uv": [168, 18], "uv_size": [6, 2]},
								"south": {"uv": [124, 194], "uv_size": [4, 2]},
								"west": {"uv": [192, 34], "uv_size": [6, 2]},
								"up": {"uv": [124, 184], "uv_size": [4, 6]},
								"down": {"uv": [184, 146], "uv_size": [4, -6]}
							}
						},
						{
							"origin": [-2.15, 46.1, 29.9],
							"size": [2.3, 1, 1.6],
							"pivot": [0, 35, 13.6],
							"rotation": [-154, 0, 0],
							"uv": {
								"north": {"uv": [194, 124], "uv_size": [4, 2]},
								"east": {"uv": [194, 126], "uv_size": [4, 2]},
								"south": {"uv": [128, 194], "uv_size": [4, 2]},
								"west": {"uv": [194, 128], "uv_size": [4, 2]},
								"up": {"uv": [40, 190], "uv_size": [4, 4]},
								"down": {"uv": [190, 46], "uv_size": [4, -4]}
							}
						},
						{
							"origin": [-2.15, 45.97, 23.1],
							"size": [2.3, 1, 1.6],
							"pivot": [0, 35, 6.6],
							"rotation": [-154, 0, 0],
							"uv": {
								"north": {"uv": [132, 196], "uv_size": [4, 2]},
								"east": {"uv": [136, 196], "uv_size": [4, 2]},
								"south": {"uv": [140, 196], "uv_size": [4, 2]},
								"west": {"uv": [196, 140], "uv_size": [4, 2]},
								"up": {"uv": [190, 124], "uv_size": [4, 4]},
								"down": {"uv": [190, 132], "uv_size": [4, -4]}
							}
						},
						{
							"origin": [-2.25, 50.345, 17.475],
							"size": [2.5, 0.8, 0.8],
							"pivot": [-5.875, 39.375, 0.975],
							"rotation": [-135, 0, 0],
							"uv": {
								"north": {"uv": [252, 25.5], "uv_size": [4, 2]},
								"east": {"uv": [246.75, 25], "uv_size": [4, 2]},
								"south": {"uv": [251.5, 20.25], "uv_size": [4, 2]},
								"west": {"uv": [251, 20.5], "uv_size": [4, 2]},
								"up": {"uv": [256, 18.5], "uv_size": [-6.5, 6]},
								"down": {"uv": [244.25, 23.25], "uv_size": [4, -4]}
							}
						},
						{
							"origin": [-2.25, 50.345, 6.725],
							"size": [2.5, 0.8, 0.8],
							"pivot": [-5.875, 39.375, -9.775],
							"rotation": [-135, 0, 0],
							"uv": {
								"north": {"uv": [252, 25.5], "uv_size": [4, 2]},
								"east": {"uv": [246.75, 25], "uv_size": [4, 2]},
								"south": {"uv": [251.5, 20.25], "uv_size": [4, 2]},
								"west": {"uv": [250.5, 20], "uv_size": [4, 2]},
								"up": {"uv": [256, 18.5], "uv_size": [-6.5, 6]},
								"down": {"uv": [244.25, 23.25], "uv_size": [4, -4]}
							}
						},
						{
							"origin": [-2.15, 35.7, 24.9],
							"size": [2.3, 1, 9.6],
							"pivot": [0, 26, 10.6],
							"rotation": [176, 0, 0],
							"uv": {
								"north": {"uv": [196, 142], "uv_size": [4, 2]},
								"east": {"uv": [174, 40], "uv_size": [20, 2]},
								"south": {"uv": [196, 144], "uv_size": [4, 2]},
								"west": {"uv": [174, 134], "uv_size": [20, 2]},
								"up": {"uv": [156, 166], "uv_size": [4, 20]},
								"down": {"uv": [72, 188], "uv_size": [4, -20]}
							}
						},
						{
							"origin": [-2.15, 30.3, 34.4],
							"size": [2.3, 1, 1.6],
							"pivot": [0, 19, 18.6],
							"rotation": [150, 0, 0],
							"uv": {
								"north": {"uv": [194, 130], "uv_size": [4, 2]},
								"east": {"uv": [132, 194], "uv_size": [4, 2]},
								"south": {"uv": [194, 134], "uv_size": [4, 2]},
								"west": {"uv": [136, 194], "uv_size": [4, 2]},
								"up": {"uv": [44, 190], "uv_size": [4, 4]},
								"down": {"uv": [48, 194], "uv_size": [4, -4]}
							}
						},
						{
							"origin": [-2.15, 7.2, 34.27],
							"size": [2.3, 4, 1],
							"pivot": [0, -4, 14],
							"rotation": [90, 0, 0],
							"uv": {
								"north": {"uv": [88, 180], "uv_size": [4, 8]},
								"east": {"uv": [156, 158], "uv_size": [2, 8]},
								"south": {"uv": [140, 182], "uv_size": [4, 8]},
								"west": {"uv": [8, 170], "uv_size": [2, 8]},
								"up": {"uv": [140, 194], "uv_size": [4, 2]},
								"down": {"uv": [194, 148], "uv_size": [4, -2]}
							}
						},
						{
							"origin": [-2.15, 15, 28.6],
							"size": [2.3, 2, 2],
							"pivot": [0, 4, 12.6],
							"rotation": [102.5, 0, 0],
							"uv": {
								"north": {"uv": [148, 194], "uv_size": [4, 2]},
								"east": {"uv": [194, 148], "uv_size": [4, 2]},
								"south": {"uv": [194, 150], "uv_size": [4, 2]},
								"west": {"uv": [194, 152], "uv_size": [4, 2]},
								"up": {"uv": [190, 68], "uv_size": [4, 4]},
								"down": {"uv": [190, 76], "uv_size": [4, -4]}
							}
						},
						{
							"origin": [-2.15, 13.65, 20.95],
							"size": [2.3, 1, 4],
							"pivot": [0, 3, 2.6],
							"rotation": [107.5, 0, 0],
							"uv": {
								"north": {"uv": [148, 196], "uv_size": [4, 2]},
								"east": {"uv": [190, 46], "uv_size": [8, 2]},
								"south": {"uv": [196, 158], "uv_size": [4, 2]},
								"west": {"uv": [140, 190], "uv_size": [8, 2]},
								"up": {"uv": [28, 184], "uv_size": [4, 8]},
								"down": {"uv": [56, 192], "uv_size": [4, -8]}
							}
						},
						{
							"origin": [-2.15, 11, 28.001],
							"size": [2.3, 1, 3],
							"pivot": [0, 0, 9],
							"rotation": [90, 0, 0],
							"uv": {
								"north": {"uv": [194, 154], "uv_size": [4, 2]},
								"east": {"uv": [192, 50], "uv_size": [6, 2]},
								"south": {"uv": [194, 160], "uv_size": [4, 2]},
								"west": {"uv": [52, 192], "uv_size": [6, 2]},
								"up": {"uv": [148, 184], "uv_size": [4, 6]},
								"down": {"uv": [166, 190], "uv_size": [4, -6]}
							}
						},
						{
							"origin": [-2, -0.375, 35.3],
							"size": [1.5, 0.7, 1.5],
							"pivot": [0, -2, 12.25],
							"rotation": [110, 0, 0],
							"uv": {
								"north": {"uv": [194, 162], "uv_size": [4, 2]},
								"east": {"uv": [192, 62], "uv_size": [6, 2]},
								"south": {"uv": [194, 164], "uv_size": [4, 2]},
								"west": {"uv": [192, 64], "uv_size": [6, 2]},
								"up": {"uv": [184, 172], "uv_size": [4, 6]},
								"down": {"uv": [174, 190], "uv_size": [4, -6]}
							}
						},
						{
							"origin": [-2, 12.625, 28.55],
							"size": [1.5, 0.7, 1.625],
							"pivot": [0, -2, 12.25],
							"rotation": [75, 0, 0],
							"uv": {
								"north": {"uv": [194, 162], "uv_size": [4, 2]},
								"east": {"uv": [192, 62], "uv_size": [6, 2]},
								"south": {"uv": [194, 164], "uv_size": [4, 2]},
								"west": {"uv": [192, 64], "uv_size": [6, 2]},
								"up": {"uv": [184, 172], "uv_size": [4, 6]},
								"down": {"uv": [174, 190], "uv_size": [4, -6]}
							}
						},
						{
							"origin": [-2.15, 12, 16.9],
							"size": [2.3, 2, 1],
							"pivot": [0, 0, -3],
							"rotation": [90, 0, 0],
							"uv": {
								"north": {"uv": [190, 76], "uv_size": [4, 4]},
								"east": {"uv": [144, 194], "uv_size": [2, 4]},
								"south": {"uv": [80, 190], "uv_size": [4, 4]},
								"west": {"uv": [154, 194], "uv_size": [2, 4]},
								"up": {"uv": [166, 194], "uv_size": [4, 2]},
								"down": {"uv": [194, 168], "uv_size": [4, -2]}
							}
						},
						{
							"origin": [-2.15, -6.875, 16.9],
							"size": [2.3, 5.875, 1],
							"pivot": [0, 0, -3],
							"rotation": [90, 0, 0],
							"uv": {
								"north": {"uv": [190, 76], "uv_size": [4, 4]},
								"east": {"uv": [144, 194], "uv_size": [2, 4]},
								"south": {"uv": [80, 190], "uv_size": [4, 4]},
								"west": {"uv": [154, 194], "uv_size": [2, 4]},
								"up": {"uv": [166, 194], "uv_size": [4, 2]},
								"down": {"uv": [194, 168], "uv_size": [4, -2]}
							}
						},
						{
							"origin": [-2.15, 17, -13.999],
							"size": [2.3, 3, 11],
							"uv": {
								"north": {"uv": [128, 186], "uv_size": [4, 6]},
								"east": {"uv": [144, 128], "uv_size": [22, 6]},
								"south": {"uv": [132, 186], "uv_size": [4, 6]},
								"west": {"uv": [152, 36], "uv_size": [22, 6]},
								"up": {"uv": [162, 152], "uv_size": [4, 22]},
								"down": {"uv": [128, 186], "uv_size": [4, -22]}
							}
						}
					]
				},
				{
					"name": "Sight",
					"parent": "Metal",
					"pivot": [0, 10.5311, -12.3759],
					"cubes": [
						{
							"origin": [-0.84, 26.5, -30.225],
							"size": [0.8, 1.025, 0.3],
							"uv": {
								"north": {"uv": [150, 198], "uv_size": [2, 2]},
								"east": {"uv": [198, 150], "uv_size": [2, 2]},
								"south": {"uv": [198, 152], "uv_size": [2, 2]},
								"west": {"uv": [154, 198], "uv_size": [2, 2]},
								"up": {"uv": [198, 154], "uv_size": [2, 2]},
								"down": {"uv": [156, 200], "uv_size": [2, -2]}
							}
						},
						{
							"origin": [-0.9025, 26.42, -30.22],
							"size": [0.1125, 1.025, 0.29],
							"pivot": [-0.5025, 27.2, -30.075],
							"rotation": [0, 0, 12.5],
							"uv": {
								"north": {"uv": [150, 198], "uv_size": [2, 2]},
								"east": {"uv": [198, 150], "uv_size": [2, 2]},
								"south": {"uv": [198, 152], "uv_size": [2, 2]},
								"west": {"uv": [154, 198], "uv_size": [2, 2]},
								"up": {"uv": [198, 154], "uv_size": [2, 2]},
								"down": {"uv": [156, 200], "uv_size": [2, -2]}
							}
						},
						{
							"origin": [-1.21, 26.415, -30.22],
							"size": [0.1125, 1.025, 0.29],
							"pivot": [-1.5025, 27.2, -30.075],
							"rotation": [0, 0, -12.5],
							"uv": {
								"north": {"uv": [150, 198], "uv_size": [2, 2]},
								"east": {"uv": [198, 150], "uv_size": [2, 2]},
								"south": {"uv": [198, 152], "uv_size": [2, 2]},
								"west": {"uv": [154, 198], "uv_size": [2, 2]},
								"up": {"uv": [198, 154], "uv_size": [2, 2]},
								"down": {"uv": [156, 200], "uv_size": [2, -2]}
							}
						},
						{
							"origin": [-1.96, 26.5, -30.225],
							"size": [0.8, 1.025, 0.3],
							"uv": {
								"north": {"uv": [198, 156], "uv_size": [2, 2]},
								"east": {"uv": [158, 198], "uv_size": [2, 2]},
								"south": {"uv": [198, 160], "uv_size": [2, 2]},
								"west": {"uv": [162, 198], "uv_size": [2, 2]},
								"up": {"uv": [198, 162], "uv_size": [2, 2]},
								"down": {"uv": [164, 200], "uv_size": [2, -2]}
							}
						},
						{
							"origin": [-1.16, 26.8, -30.225],
							"size": [0.32, 0.3375, 0.3],
							"uv": {
								"north": {"uv": [198, 156], "uv_size": [2, 2]},
								"east": {"uv": [158, 198], "uv_size": [2, 2]},
								"south": {"uv": [198, 160], "uv_size": [2, 2]},
								"west": {"uv": [162, 198], "uv_size": [2, 2]},
								"up": {"uv": [198, 162], "uv_size": [2, 2]},
								"down": {"uv": [164, 200], "uv_size": [2, -2]}
							}
						},
						{
							"origin": [-1.9, 26.85, -38.225],
							"size": [0.6, 0.2, 8.3],
							"uv": {
								"north": {"uv": [198, 164], "uv_size": [2, 2]},
								"east": {"uv": [182, 22], "uv_size": [16, 2]},
								"south": {"uv": [166, 198], "uv_size": [2, 2]},
								"west": {"uv": [182, 132], "uv_size": [16, 2]},
								"up": {"uv": [172, 178], "uv_size": [2, 16]},
								"down": {"uv": [92, 196], "uv_size": [2, -16]}
							}
						},
						{
							"origin": [-1.4, 26.85, -38.225],
							"size": [0.85, 0.2, 0.55],
							"uv": {
								"north": {"uv": [198, 168], "uv_size": [2, 2]},
								"east": {"uv": [170, 198], "uv_size": [2, 2]},
								"south": {"uv": [198, 170], "uv_size": [2, 2]},
								"west": {"uv": [172, 198], "uv_size": [2, 2]},
								"up": {"uv": [198, 172], "uv_size": [2, 2]},
								"down": {"uv": [174, 200], "uv_size": [2, -2]}
							}
						},
						{
							"origin": [-2.025, 26.85, -35.85],
							"size": [1.975, 0.325, 1.05],
							"uv": {
								"north": {"uv": [198, 168], "uv_size": [2, 2]},
								"east": {"uv": [170, 198], "uv_size": [2, 2]},
								"south": {"uv": [198, 170], "uv_size": [2, 2]},
								"west": {"uv": [172, 198], "uv_size": [2, 2]},
								"up": {"uv": [198, 172], "uv_size": [2, 2]},
								"down": {"uv": [174, 200], "uv_size": [2, -2]}
							}
						},
						{
							"origin": [-2.025, 26.85, -36.475],
							"size": [0.6, 0.325, 0.675],
							"uv": {
								"north": {"uv": [198, 168], "uv_size": [2, 2]},
								"east": {"uv": [170, 198], "uv_size": [2, 2]},
								"south": {"uv": [198, 170], "uv_size": [2, 2]},
								"west": {"uv": [172, 198], "uv_size": [2, 2]},
								"up": {"uv": [198, 172], "uv_size": [2, 2]},
								"down": {"uv": [174, 200], "uv_size": [2, -2]}
							}
						},
						{
							"origin": [-0.65, 26.85, -36.475],
							"size": [0.6, 0.325, 0.675],
							"uv": {
								"north": {"uv": [198, 168], "uv_size": [2, 2]},
								"east": {"uv": [170, 198], "uv_size": [2, 2]},
								"south": {"uv": [198, 170], "uv_size": [2, 2]},
								"west": {"uv": [172, 198], "uv_size": [2, 2]},
								"up": {"uv": [198, 172], "uv_size": [2, 2]},
								"down": {"uv": [174, 200], "uv_size": [2, -2]}
							}
						},
						{
							"origin": [-1.9602, 26.2, -38.525],
							"size": [1.9602, 0.6, 8.6],
							"uv": {
								"north": {"uv": [166, 196], "uv_size": [4, 2]},
								"east": {"uv": [178, 92], "uv_size": [18, 2]},
								"south": {"uv": [170, 196], "uv_size": [4, 2]},
								"west": {"uv": [178, 94], "uv_size": [18, 2]},
								"up": {"uv": [76, 168], "uv_size": [4, 18]},
								"down": {"uv": [104, 186], "uv_size": [4, -18]}
							}
						},
						{
							"origin": [-0.7, 26.85, -38.225],
							"size": [0.6, 0.2, 8.3],
							"uv": {
								"north": {"uv": [198, 166], "uv_size": [2, 2]},
								"east": {"uv": [184, 12], "uv_size": [16, 2]},
								"south": {"uv": [168, 198], "uv_size": [2, 2]},
								"west": {"uv": [184, 80], "uv_size": [16, 2]},
								"up": {"uv": [60, 184], "uv_size": [2, 16]},
								"down": {"uv": [94, 200], "uv_size": [2, -16]}
							}
						}
					]
				},
				{
					"name": "Bolt",
					"parent": "gun",
					"pivot": [0, 0, -2],
					"cubes": [
						{
							"origin": [-2.1, 25, -0.325],
							"size": [2.2, 1.25, 0.5],
							"pivot": [5, 10, 5.875],
							"rotation": [-7.5, 0, 0],
							"uv": {
								"north": {"uv": [108, 196], "uv_size": [4, 2]},
								"east": {"uv": [198, 134], "uv_size": [2, 2]},
								"south": {"uv": [196, 118], "uv_size": [4, 2]},
								"west": {"uv": [136, 198], "uv_size": [2, 2]},
								"up": {"uv": [124, 196], "uv_size": [4, 2]},
								"down": {"uv": [128, 198], "uv_size": [4, -2]}
							}
						},
						{
							"origin": [-6, 25.25, -3.05],
							"size": [5, 1.3, 1.3],
							"uv": {
								"north": {"uv": [186, 38], "uv_size": [10, 2]},
								"east": {"uv": [198, 98], "uv_size": [2, 2]},
								"south": {"uv": [186, 158], "uv_size": [10, 2]},
								"west": {"uv": [100, 198], "uv_size": [2, 2]},
								"up": {"uv": [186, 186], "uv_size": [10, 2]},
								"down": {"uv": [32, 190], "uv_size": [10, -2]}
							}
						},
						{
							"origin": [-8.225, 24.625, -3.7],
							"size": [2.5, 2.5, 2.5],
							"uv": {
								"north": {"uv": [56, 178], "uv_size": [6, 6]},
								"east": {"uv": [178, 80], "uv_size": [6, 6]},
								"south": {"uv": [178, 86], "uv_size": [6, 6]},
								"west": {"uv": [94, 178], "uv_size": [6, 6]},
								"up": {"uv": [178, 140], "uv_size": [6, 6]},
								"down": {"uv": [148, 184], "uv_size": [6, -6]}
							}
						},
						{
							"origin": [-2, 24.8, -16],
							"size": [2, 2, 12.8],
							"uv": {
								"north": {"uv": [72, 188], "uv_size": [4, 4]},
								"east": {"uv": [152, 88], "uv_size": [26, 4]},
								"south": {"uv": [188, 172], "uv_size": [4, 4]},
								"west": {"uv": [152, 92], "uv_size": [26, 4]},
								"up": {"uv": [10, 150], "uv_size": [4, 26]},
								"down": {"uv": [158, 166], "uv_size": [4, -26]}
							}
						},
						{
							"origin": [8.25, 28.3, -3.51],
							"size": [1.5, 1.5, 5.842],
							"pivot": [8, 15.34, 10.1],
							"rotation": [0, 0, -45],
							"uv": {
								"north": {"uv": [16, 188], "uv_size": [4, 4]},
								"east": {"uv": [174, 152], "uv_size": [12, 4]},
								"south": {"uv": [52, 188], "uv_size": [4, 4]},
								"west": {"uv": [174, 156], "uv_size": [12, 4]},
								"up": {"uv": [132, 174], "uv_size": [4, 12]},
								"down": {"uv": [136, 186], "uv_size": [4, -12]}
							}
						},
						{
							"origin": [8.625, 28.675, 1.65],
							"size": [0.75, 0.75, 0.717],
							"pivot": [8, 15.34, 10.1],
							"rotation": [0, 0, -45],
							"uv": {
								"north": {"uv": [16, 188], "uv_size": [4, 4]},
								"east": {"uv": [174, 152], "uv_size": [12, 4]},
								"south": {"uv": [239.25, 223.825], "uv_size": [0, 0.75]},
								"west": {"uv": [174, 156], "uv_size": [12, 4]},
								"up": {"uv": [132, 174], "uv_size": [4, 12]},
								"down": {"uv": [136, 186], "uv_size": [4, -12]}
							}
						},
						{
							"origin": [10.25, 28.675, -2.225],
							"size": [0.5, 0.5, 0.717],
							"pivot": [9.5, 15.215, 6.225],
							"rotation": [0, 0, -45],
							"uv": {
								"north": {"uv": [16, 188], "uv_size": [4, 4]},
								"east": {"uv": [174, 152], "uv_size": [12, 4]},
								"south": {"uv": [239.25, 223.825], "uv_size": [0, 0.75]},
								"west": {"uv": [174, 156], "uv_size": [12, 4]},
								"up": {"uv": [132, 174], "uv_size": [4, 12]},
								"down": {"uv": [136, 186], "uv_size": [4, -12]}
							}
						},
						{
							"origin": [-13.85, 28.13, -3.301],
							"size": [1, 1.4, 1.75],
							"pivot": [-11, 14, 10],
							"rotation": [0, 0, 45],
							"uv": {
								"north": {"uv": [190, 198], "uv_size": [2, 2]},
								"east": {"uv": [196, 188], "uv_size": [4, 2]},
								"south": {"uv": [198, 190], "uv_size": [2, 2]},
								"west": {"uv": [190, 196], "uv_size": [4, 2]},
								"up": {"uv": [196, 190], "uv_size": [2, 4]},
								"down": {"uv": [194, 200], "uv_size": [2, -4]}
							}
						},
						{
							"origin": [-3, 25, -3.3],
							"size": [4, 1, 1.75],
							"uv": {
								"north": {"uv": [190, 156], "uv_size": [8, 2]},
								"east": {"uv": [184, 196], "uv_size": [4, 2]},
								"south": {"uv": [190, 184], "uv_size": [8, 2]},
								"west": {"uv": [196, 186], "uv_size": [4, 2]},
								"up": {"uv": [184, 82], "uv_size": [8, 4]},
								"down": {"uv": [184, 90], "uv_size": [8, -4]}
							}
						},
						{
							"origin": [-2, 26, -3.3],
							"size": [2, 1, 1.75],
							"uv": {
								"north": {"uv": [196, 178], "uv_size": [4, 2]},
								"east": {"uv": [180, 196], "uv_size": [4, 2]},
								"south": {"uv": [196, 180], "uv_size": [4, 2]},
								"west": {"uv": [196, 182], "uv_size": [4, 2]},
								"up": {"uv": [190, 168], "uv_size": [4, 4]},
								"down": {"uv": [174, 194], "uv_size": [4, -4]}
							}
						},
						{
							"origin": [13.2, 33.1, -3.301],
							"size": [0.7, 1.4, 1.75],
							"pivot": [16, 14, 10],
							"rotation": [0, 0, -45],
							"uv": {
								"north": {"uv": [186, 198], "uv_size": [2, 2]},
								"east": {"uv": [174, 196], "uv_size": [4, 2]},
								"south": {"uv": [188, 198], "uv_size": [2, 2]},
								"west": {"uv": [196, 176], "uv_size": [4, 2]},
								"up": {"uv": [160, 196], "uv_size": [2, 4]},
								"down": {"uv": [178, 200], "uv_size": [2, -4]}
							}
						},
						{
							"origin": [-3.345, 19.35, -3.2],
							"size": [0.825, 1.775, 1.5],
							"pivot": [17.75, 11, 10],
							"rotation": [0, 0, 17.5],
							"uv": {
								"north": {"uv": [186, 198], "uv_size": [2, 2]},
								"east": {"uv": [174, 196], "uv_size": [4, 2]},
								"south": {"uv": [188, 198], "uv_size": [2, 2]},
								"west": {"uv": [196, 176], "uv_size": [4, 2]},
								"up": {"uv": [160, 196], "uv_size": [2, 4]},
								"down": {"uv": [178, 200], "uv_size": [2, -4]}
							}
						},
						{
							"origin": [-3.97, 19.35, -2.825],
							"size": [0.7, 1.525, 0.75],
							"pivot": [17.75, 11, 10],
							"rotation": [0, 0, 17.5],
							"uv": {
								"north": {"uv": [186, 198], "uv_size": [2, 2]},
								"east": {"uv": [174, 196], "uv_size": [4, 2]},
								"south": {"uv": [188, 198], "uv_size": [2, 2]},
								"west": {"uv": [196, 176], "uv_size": [4, 2]},
								"up": {"uv": [160, 196], "uv_size": [2, 4]},
								"down": {"uv": [178, 200], "uv_size": [2, -4]}
							}
						}
					]
				},
				{
					"name": "bullet",
					"parent": "main",
					"pivot": [-0.15, 26.4, -25.7],
					"cubes": [
						{
							"origin": [-1.3, 20.3, -24.7],
							"size": [1, 1, 8],
							"inflate": 0.2,
							"pivot": [-0.15, 21.4, -24.7],
							"rotation": [0, 0, 45],
							"uv": {
								"north": {"uv": [198, 112], "uv_size": [2, 2]},
								"east": {"uv": [178, 146], "uv_size": [16, 2]},
								"south": {"uv": [198, 114], "uv_size": [2, 2]},
								"west": {"uv": [180, 48], "uv_size": [16, 2]},
								"up": {"uv": [100, 178], "uv_size": [2, 16]},
								"down": {"uv": [154, 194], "uv_size": [2, -16]}
							}
						}
					]
				},
				{
					"name": "bullet2",
					"parent": "main",
					"pivot": [-11.76767, 33.61603, -8.59031],
					"cubes": [
						{
							"origin": [-0.84354, 22.8224, -25.17964],
							"size": [1, 1, 8],
							"inflate": 0.2,
							"pivot": [0.30646, 23.9224, -25.17964],
							"rotation": [0, 0, 45],
							"uv": {
								"north": {"uv": [198, 112], "uv_size": [2, 2]},
								"east": {"uv": [178, 146], "uv_size": [16, 2]},
								"south": {"uv": [198, 114], "uv_size": [2, 2]},
								"west": {"uv": [180, 48], "uv_size": [16, 2]},
								"up": {"uv": [100, 178], "uv_size": [2, 16]},
								"down": {"uv": [154, 194], "uv_size": [2, -16]}
							}
						}
					]
				},
				{
					"name": "rightarm",
					"parent": "main",
					"pivot": [-4.3, 8.8, 21.8],
					"rotation": [-101.81106, -12.40003, -2.46982],
					"cubes": [
						{
							"origin": [-8.3, -8.2, 9.8],
							"size": [8, 24, 8],
							"pivot": [-1.3, -3.2, 18.8],
							"rotation": [0, 0, -22.5],
							"uv": {
								"north": {"uv": [16, 0], "uv_size": [16, 48]},
								"east": {"uv": [32, 0], "uv_size": [16, 48]},
								"south": {"uv": [48, 0], "uv_size": [16, 48]},
								"west": {"uv": [16, 48], "uv_size": [16, 48]},
								"up": {"uv": [120, 36], "uv_size": [16, 16]},
								"down": {"uv": [112, 136], "uv_size": [16, -16]}
							}
						}
					]
				},
				{
					"name": "leftarm",
					"parent": "main",
					"pivot": [10.7, 11.3, -8.6],
					"rotation": [-119.61483, 1.67666, -38.31282],
					"cubes": [
						{
							"origin": [6.7, -12.7, -12.6],
							"size": [8, 24, 8],
							"uv": {
								"north": {"uv": [32, 48], "uv_size": [16, 48]},
								"east": {"uv": [48, 48], "uv_size": [16, 48]},
								"south": {"uv": [64, 0], "uv_size": [16, 48]},
								"west": {"uv": [64, 48], "uv_size": [16, 48]},
								"up": {"uv": [128, 120], "uv_size": [16, 16]},
								"down": {"uv": [136, 52], "uv_size": [16, -16]}
							}
						}
					]
				},
				{
					"name": "muzzleflash",
					"parent": "main",
					"pivot": [-1, 24.975, -98.125],
					"cubes": [
						{
							"origin": [-1.5, 24.475, -98.425],
							"size": [1, 1, 1],
							"inflate": -0.4,
							"uv": {
								"north": {"uv": [8, 150], "uv_size": [2, 2]},
								"east": {"uv": [164, 134], "uv_size": [2, 2]},
								"south": {"uv": [46, 168], "uv_size": [2, 2]},
								"west": {"uv": [94, 168], "uv_size": [2, 2]},
								"up": {"uv": [90, 188], "uv_size": [2, 2]},
								"down": {"uv": [80, 200], "uv_size": [2, -2]}
							}
						}
					]
				},
				{
					"name": "scope",
					"parent": "main",
					"pivot": [-1, 27.425, 4.75],
					"cubes": [
						{
							"origin": [-1.5, 26.925, 4.25],
							"size": [1, 1, 1],
							"inflate": -0.4,
							"uv": {
								"north": {"uv": [82, 198], "uv_size": [2, 2]},
								"east": {"uv": [198, 82], "uv_size": [2, 2]},
								"south": {"uv": [84, 198], "uv_size": [2, 2]},
								"west": {"uv": [198, 84], "uv_size": [2, 2]},
								"up": {"uv": [86, 198], "uv_size": [2, 2]},
								"down": {"uv": [198, 88], "uv_size": [2, -2]}
							}
						}
					]
				},
				{
					"name": "clip",
					"parent": "main",
					"pivot": [0, 23.5, 12.725]
				},
				{
					"name": "clipbase",
					"parent": "clip",
					"pivot": [0, 23.5, 12.725],
					"cubes": [
						{
							"origin": [-2.1, 13.845, 29.225],
							"size": [2.2, 8, 1.6],
							"pivot": [0, 23.5, 12.725],
							"rotation": [-154, 0, 0],
							"uv": {
								"north": {"uv": [132, 196], "uv_size": [4, 2]},
								"east": {"uv": [136, 196], "uv_size": [4, 2]},
								"south": {"uv": [140, 196], "uv_size": [4, 2]},
								"west": {"uv": [196, 140], "uv_size": [4, 2]},
								"up": {"uv": [190, 124], "uv_size": [4, 4]},
								"down": {"uv": [190, 132], "uv_size": [4, -4]}
							}
						},
						{
							"origin": [-2.1, 24.22, -11.15],
							"size": [2.2, 0.75, 4.725],
							"uv": {
								"north": {"uv": [132, 196], "uv_size": [4, 2]},
								"east": {"uv": [136, 196], "uv_size": [4, 2]},
								"south": {"uv": [140, 196], "uv_size": [4, 2]},
								"west": {"uv": [196, 140], "uv_size": [4, 2]},
								"up": {"uv": [190, 124], "uv_size": [4, 4]},
								"down": {"uv": [190, 132], "uv_size": [4, -4]}
							}
						},
						{
							"origin": [-2.1, 13.845, 25.85],
							"size": [2.2, 8, 1.6],
							"pivot": [0, 23.5, 9.35],
							"rotation": [-154, 0, 0],
							"uv": {
								"north": {"uv": [132, 196], "uv_size": [4, 2]},
								"east": {"uv": [136, 196], "uv_size": [4, 2]},
								"south": {"uv": [140, 196], "uv_size": [4, 2]},
								"west": {"uv": [196, 140], "uv_size": [4, 2]},
								"up": {"uv": [190, 124], "uv_size": [4, 4]},
								"down": {"uv": [190, 132], "uv_size": [4, -4]}
							}
						},
						{
							"origin": [-2.1, 17.095, -7.65],
							"size": [2.2, 0.75, 3.35],
							"uv": {
								"north": {"uv": [132, 196], "uv_size": [4, 2]},
								"east": {"uv": [136, 196], "uv_size": [4, 2]},
								"south": {"uv": [140, 196], "uv_size": [4, 2]},
								"west": {"uv": [196, 140], "uv_size": [4, 2]},
								"up": {"uv": [190, 124], "uv_size": [4, 4]},
								"down": {"uv": [190, 132], "uv_size": [4, -4]}
							}
						}
					]
				},
				{
					"name": "bullets",
					"parent": "clip",
					"pivot": [-0.15, 23.9, -14.7],
					"cubes": [
						{
							"origin": [-1.3, 17.05, -12.2],
							"size": [1, 1, 8],
							"inflate": 0.2,
							"pivot": [-0.15, 18.15, -12.2],
							"rotation": [0, 0, 45],
							"uv": {
								"north": {"uv": [198, 112], "uv_size": [2, 2]},
								"east": {"uv": [178, 146], "uv_size": [16, 2]},
								"south": {"uv": [198, 114], "uv_size": [2, 2]},
								"west": {"uv": [180, 48], "uv_size": [16, 2]},
								"up": {"uv": [100, 178], "uv_size": [2, 16]},
								"down": {"uv": [154, 194], "uv_size": [2, -16]}
							}
						},
						{
							"origin": [-1.3, 18.55, -12.825],
							"size": [1, 1, 8],
							"inflate": 0.2,
							"pivot": [-0.15, 19.65, -12.825],
							"rotation": [0, 0, 45],
							"uv": {
								"north": {"uv": [198, 112], "uv_size": [2, 2]},
								"east": {"uv": [178, 146], "uv_size": [16, 2]},
								"south": {"uv": [198, 114], "uv_size": [2, 2]},
								"west": {"uv": [180, 48], "uv_size": [16, 2]},
								"up": {"uv": [100, 178], "uv_size": [2, 16]},
								"down": {"uv": [154, 194], "uv_size": [2, -16]}
							}
						},
						{
							"origin": [-1.3, 19.925, -13.45],
							"size": [1, 1, 8],
							"inflate": 0.2,
							"pivot": [-0.15, 21.025, -13.45],
							"rotation": [0, 0, 45],
							"uv": {
								"north": {"uv": [198, 112], "uv_size": [2, 2]},
								"east": {"uv": [178, 146], "uv_size": [16, 2]},
								"south": {"uv": [198, 114], "uv_size": [2, 2]},
								"west": {"uv": [180, 48], "uv_size": [16, 2]},
								"up": {"uv": [100, 178], "uv_size": [2, 16]},
								"down": {"uv": [154, 194], "uv_size": [2, -16]}
							}
						},
						{
							"origin": [-1.3, 21.3, -14.075],
							"size": [1, 1, 8],
							"inflate": 0.2,
							"pivot": [-0.15, 22.4, -14.075],
							"rotation": [0, 0, 45],
							"uv": {
								"north": {"uv": [198, 112], "uv_size": [2, 2]},
								"east": {"uv": [178, 146], "uv_size": [16, 2]},
								"south": {"uv": [198, 114], "uv_size": [2, 2]},
								"west": {"uv": [180, 48], "uv_size": [16, 2]},
								"up": {"uv": [100, 178], "uv_size": [2, 16]},
								"down": {"uv": [154, 194], "uv_size": [2, -16]}
							}
						},
						{
							"origin": [-1.3, 22.8, -14.7],
							"size": [1, 1, 8],
							"inflate": 0.2,
							"pivot": [-0.15, 23.9, -14.7],
							"rotation": [0, 0, 45],
							"uv": {
								"north": {"uv": [198, 112], "uv_size": [2, 2]},
								"east": {"uv": [178, 146], "uv_size": [16, 2]},
								"south": {"uv": [198, 114], "uv_size": [2, 2]},
								"west": {"uv": [180, 48], "uv_size": [16, 2]},
								"up": {"uv": [100, 178], "uv_size": [2, 16]},
								"down": {"uv": [154, 194], "uv_size": [2, -16]}
							}
						}
					]
				},
				{
					"name": "_cb_scope2",
					"parent": "main",
					"pivot": [0.5, 25.375, -10.3125],
					"cubes": [
						{
							"origin": [0.5, 24.9375, -15.875],
							"size": [1, 1, 1],
							"uv": {
								"north": {"uv": [15, 23], "uv_size": [1, 1]},
								"east": {"uv": [25, 13], "uv_size": [1, 1]},
								"south": {"uv": [14, 25], "uv_size": [1, 1]},
								"west": {"uv": [15, 25], "uv_size": [1, 1]},
								"up": {"uv": [16, 25], "uv_size": [1, 1]},
								"down": {"uv": [25, 17], "uv_size": [1, -1]}
							}
						}
					]
				}
			]
		}
	]
}