{
	"format_version": "1.12.0",
	"minecraft:geometry": [
		{
			"description": {
				"identifier": "geometry.unknown",
				"texture_width": 128,
				"texture_height": 128,
				"visible_bounds_width": 44,
				"visible_bounds_height": 4,
				"visible_bounds_offset": [0, 1, 0]
			},
			"bones": [
				{
					"name": "main",
					"pivot": [0, 20, 0]
				},
				{
					"name": "gun",
					"parent": "main",
					"pivot": [1, 11, -1]
				},
				{
					"name": "Wood",
					"parent": "gun",
					"pivot": [0, 9, 1],
					"cubes": [
						{
							"origin": [-3, 20.875, -104.1875],
							"size": [4, 4.5, 59.5625],
							"uv": {
								"north": {"uv": [108, 84], "uv_size": [4, 5]},
								"east": {"uv": [0, 0], "uv_size": [47, 5]},
								"south": {"uv": [84, 78], "uv_size": [4, 5]},
								"west": {"uv": [0, 5], "uv_size": [47, 5]},
								"up": {"uv": [24, 34], "uv_size": [4, 47]},
								"down": {"uv": [28, 81], "uv_size": [4, -47]}
							}
						},
						{
							"origin": [-3, 24, -44.125],
							"size": [4, 1, 26.125],
							"uv": {
								"north": {"uv": [101, 95], "uv_size": [4, 1]},
								"east": {"uv": [77, 30], "uv_size": [26, 1]},
								"south": {"uv": [96, 101], "uv_size": [4, 1]},
								"west": {"uv": [80, 17], "uv_size": [26, 1]},
								"up": {"uv": [52, 14], "uv_size": [4, 26]},
								"down": {"uv": [52, 66], "uv_size": [4, -26]}
							}
						},
						{
							"origin": [-3, 21, -44.125],
							"size": [4, 1, 21],
							"uv": {
								"north": {"uv": [102, 37], "uv_size": [4, 1]},
								"east": {"uv": [82, 47], "uv_size": [21, 1]},
								"south": {"uv": [102, 38], "uv_size": [4, 1]},
								"west": {"uv": [83, 67], "uv_size": [21, 1]},
								"up": {"uv": [10, 58], "uv_size": [4, 21]},
								"down": {"uv": [14, 79], "uv_size": [4, -21]}
							}
						},
						{
							"origin": [-2.75, 22, -54],
							"size": [3.5, 2, 36.5],
							"uv": {
								"north": {"uv": [96, 95], "uv_size": [4, 2]},
								"east": {"uv": [58, 54], "uv_size": [37, 2]},
								"south": {"uv": [97, 14], "uv_size": [4, 2]},
								"west": {"uv": [58, 56], "uv_size": [37, 2]},
								"up": {"uv": [32, 34], "uv_size": [4, 37]},
								"down": {"uv": [36, 71], "uv_size": [4, -37]}
							}
						},
						{
							"origin": [-3, 22, -44.125],
							"size": [4, 2, 11.5],
							"uv": {
								"north": {"uv": [16, 97], "uv_size": [4, 2]},
								"east": {"uv": [82, 45], "uv_size": [12, 2]},
								"south": {"uv": [24, 97], "uv_size": [4, 2]},
								"west": {"uv": [84, 6], "uv_size": [12, 2]},
								"up": {"uv": [36, 71], "uv_size": [4, 12]},
								"down": {"uv": [72, 81], "uv_size": [4, -12]}
							}
						},
						{
							"origin": [-3, 22, -17.5],
							"size": [4, 2, 15.5],
							"uv": {
								"north": {"uv": [97, 26], "uv_size": [4, 2]},
								"east": {"uv": [77, 26], "uv_size": [16, 2]},
								"south": {"uv": [97, 59], "uv_size": [4, 2]},
								"west": {"uv": [77, 28], "uv_size": [16, 2]},
								"up": {"uv": [52, 66], "uv_size": [4, 16]},
								"down": {"uv": [48, 84], "uv_size": [4, -16]}
							}
						},
						{
							"origin": [-2.998, 18.75, -44.5],
							"size": [3.99, 1.625, 20.925],
							"pivot": [2, 10.5, -8.75],
							"rotation": [-3, 0, 0],
							"uv": {
								"north": {"uv": [56, 96], "uv_size": [4, 2]},
								"east": {"uv": [76, 59], "uv_size": [21, 2]},
								"south": {"uv": [60, 96], "uv_size": [4, 2]},
								"west": {"uv": [77, 24], "uv_size": [21, 2]},
								"up": {"uv": [2, 58], "uv_size": [4, 21]},
								"down": {"uv": [6, 79], "uv_size": [4, -21]}
							}
						},
						{
							"origin": [-3, 22.625, 21.375],
							"size": [4.02, 1.625, 4.925],
							"pivot": [2, 10.5, -1],
							"rotation": [-2.5, 0, 0],
							"uv": {
								"north": {"uv": [98, 2], "uv_size": [4, 2]},
								"east": {"uv": [94, 89], "uv_size": [5, 2]},
								"south": {"uv": [8, 98], "uv_size": [4, 2]},
								"west": {"uv": [94, 91], "uv_size": [5, 2]},
								"up": {"uv": [85, 68], "uv_size": [4, 5]},
								"down": {"uv": [86, 40], "uv_size": [4, -5]}
							}
						},
						{
							"origin": [-3, 21.375, 18.75],
							"size": [4.02, 1.44, 3.5],
							"pivot": [2, 10.5, -1],
							"rotation": [1.1, 0, 0],
							"uv": {
								"north": {"uv": [102, 51], "uv_size": [4, 1]},
								"east": {"uv": [102, 66], "uv_size": [4, 1]},
								"south": {"uv": [103, 16], "uv_size": [4, 1]},
								"west": {"uv": [22, 103], "uv_size": [4, 1]},
								"up": {"uv": [56, 89], "uv_size": [4, 4]},
								"down": {"uv": [60, 93], "uv_size": [4, -4]}
							}
						},
						{
							"origin": [-3, 25, 25.125],
							"size": [4.02, 1.34, 12.625],
							"pivot": [2, 10.5, -1],
							"rotation": [-7, 0, 0],
							"uv": {
								"north": {"uv": [103, 23], "uv_size": [4, 1]},
								"east": {"uv": [91, 19], "uv_size": [13, 1]},
								"south": {"uv": [103, 29], "uv_size": [4, 1]},
								"west": {"uv": [91, 20], "uv_size": [13, 1]},
								"up": {"uv": [68, 70], "uv_size": [4, 13]},
								"down": {"uv": [32, 84], "uv_size": [4, -13]}
							}
						},
						{
							"origin": [-2.998, -0.375, -106.625],
							"size": [3.99, 1.625, 2.45],
							"pivot": [2, 10.5, -22.125],
							"rotation": [-14.75, 0, 0],
							"uv": {
								"north": {"uv": [97, 64], "uv_size": [4, 2]},
								"east": {"uv": [103, 6], "uv_size": [2, 2]},
								"south": {"uv": [67, 97], "uv_size": [4, 2]},
								"west": {"uv": [12, 103], "uv_size": [2, 2]},
								"up": {"uv": [96, 97], "uv_size": [4, 2]},
								"down": {"uv": [98, 2], "uv_size": [4, -2]}
							}
						},
						{
							"origin": [-3, 19.5, -23.125],
							"size": [4, 2.5, 28.125],
							"uv": {
								"north": {"uv": [86, 91], "uv_size": [4, 3]},
								"east": {"uv": [47, 0], "uv_size": [28, 3]},
								"south": {"uv": [12, 92], "uv_size": [4, 3]},
								"west": {"uv": [47, 3], "uv_size": [28, 3]},
								"up": {"uv": [44, 14], "uv_size": [4, 28]},
								"down": {"uv": [44, 70], "uv_size": [4, -28]}
							}
						},
						{
							"origin": [0, 22, -2],
							"size": [1, 3, 6],
							"uv": {
								"north": {"uv": [74, 6], "uv_size": [1, 3]},
								"east": {"uv": [88, 2], "uv_size": [6, 3]},
								"south": {"uv": [85, 35], "uv_size": [1, 3]},
								"west": {"uv": [88, 48], "uv_size": [6, 3]},
								"up": {"uv": [18, 99], "uv_size": [1, 6]},
								"down": {"uv": [19, 105], "uv_size": [1, -6]}
							}
						},
						{
							"origin": [-3, 22, -2],
							"size": [1, 3, 6],
							"uv": {
								"north": {"uv": [104, 99], "uv_size": [1, 3]},
								"east": {"uv": [88, 81], "uv_size": [6, 3]},
								"south": {"uv": [104, 102], "uv_size": [1, 3]},
								"west": {"uv": [84, 88], "uv_size": [6, 3]},
								"up": {"uv": [74, 99], "uv_size": [1, 6]},
								"down": {"uv": [11, 106], "uv_size": [1, -6]}
							}
						},
						{
							"origin": [-2, 22, -2],
							"size": [2, 3, 5],
							"uv": {
								"north": {"uv": [12, 100], "uv_size": [2, 3]},
								"east": {"uv": [90, 35], "uv_size": [5, 3]},
								"south": {"uv": [14, 100], "uv_size": [2, 3]},
								"west": {"uv": [90, 38], "uv_size": [5, 3]},
								"up": {"uv": [14, 95], "uv_size": [2, 5]},
								"down": {"uv": [20, 100], "uv_size": [2, -5]}
							}
						},
						{
							"origin": [-3, 24, -12],
							"size": [4, 1, 10],
							"uv": {
								"north": {"uv": [84, 53], "uv_size": [4, 1]},
								"east": {"uv": [92, 9], "uv_size": [10, 1]},
								"south": {"uv": [101, 64], "uv_size": [4, 1]},
								"west": {"uv": [93, 29], "uv_size": [10, 1]},
								"up": {"uv": [78, 38], "uv_size": [4, 10]},
								"down": {"uv": [78, 88], "uv_size": [4, -10]}
							}
						},
						{
							"origin": [-3, 24, -18],
							"size": [4, 1, 6],
							"uv": {
								"north": {"uv": [101, 65], "uv_size": [4, 1]},
								"east": {"uv": [99, 73], "uv_size": [6, 1]},
								"south": {"uv": [101, 94], "uv_size": [4, 1]},
								"west": {"uv": [99, 74], "uv_size": [6, 1]},
								"up": {"uv": [68, 83], "uv_size": [4, 6]},
								"down": {"uv": [84, 6], "uv_size": [4, -6]}
							}
						},
						{
							"origin": [0.01, 21.6, 0.145],
							"size": [0.98, 4.2, 19.875],
							"pivot": [0, 11, -1],
							"rotation": [-15, 0, 0],
							"uv": {
								"north": {"uv": [72, 101], "uv_size": [1, 4]},
								"east": {"uv": [58, 38], "uv_size": [20, 4]},
								"south": {"uv": [73, 101], "uv_size": [1, 4]},
								"west": {"uv": [58, 42], "uv_size": [20, 4]},
								"up": {"uv": [35, 84], "uv_size": [1, 20]},
								"down": {"uv": [47, 104], "uv_size": [1, -20]}
							}
						},
						{
							"origin": [-2.115, 21.6, 2.02],
							"size": [2.23, 4.199, 18],
							"pivot": [0, 11, -1],
							"rotation": [-15, 0, 0],
							"uv": {
								"north": {"uv": [28, 97], "uv_size": [2, 4]},
								"east": {"uv": [58, 58], "uv_size": [18, 4]},
								"south": {"uv": [40, 97], "uv_size": [2, 4]},
								"west": {"uv": [62, 14], "uv_size": [18, 4]},
								"up": {"uv": [16, 79], "uv_size": [2, 18]},
								"down": {"uv": [18, 97], "uv_size": [2, -18]}
							}
						},
						{
							"origin": [-2.99, 21.6, 0.145],
							"size": [0.98, 4.2, 19.875],
							"pivot": [0, 11, -1],
							"rotation": [-15, 0, 0],
							"uv": {
								"north": {"uv": [75, 102], "uv_size": [1, 4]},
								"east": {"uv": [58, 46], "uv_size": [20, 4]},
								"south": {"uv": [22, 104], "uv_size": [1, 4]},
								"west": {"uv": [58, 50], "uv_size": [20, 4]},
								"up": {"uv": [6, 85], "uv_size": [1, 20]},
								"down": {"uv": [7, 105], "uv_size": [1, -20]}
							}
						},
						{
							"origin": [-3, 19.975, 0.575],
							"size": [4.01, 2.8, 27.125],
							"pivot": [0, 8, 1],
							"rotation": [-18.2, 0, 0],
							"uv": {
								"north": {"uv": [91, 21], "uv_size": [4, 3]},
								"east": {"uv": [47, 6], "uv_size": [27, 3]},
								"south": {"uv": [91, 61], "uv_size": [4, 3]},
								"west": {"uv": [58, 35], "uv_size": [27, 3]},
								"up": {"uv": [48, 14], "uv_size": [4, 27]},
								"down": {"uv": [48, 68], "uv_size": [4, -27]}
							}
						},
						{
							"origin": [-3, 14.475, 27.2],
							"size": [4.01, 2.8, 8.75],
							"pivot": [0, 2.5, 16.25],
							"rotation": [-15.7, 0, 0],
							"uv": {
								"north": {"uv": [94, 51], "uv_size": [4, 3]},
								"east": {"uv": [80, 14], "uv_size": [9, 3]},
								"south": {"uv": [67, 94], "uv_size": [4, 3]},
								"west": {"uv": [81, 75], "uv_size": [9, 3]},
								"up": {"uv": [80, 0], "uv_size": [4, 9]},
								"down": {"uv": [24, 90], "uv_size": [4, -9]}
							}
						},
						{
							"origin": [-2.96, 16.85, 20.02],
							"size": [3.93, 5.55, 6],
							"pivot": [0, 8, 1],
							"rotation": [-5, 0, 0],
							"uv": {
								"north": {"uv": [36, 83], "uv_size": [4, 6]},
								"east": {"uv": [78, 48], "uv_size": [6, 6]},
								"south": {"uv": [60, 83], "uv_size": [4, 6]},
								"west": {"uv": [2, 79], "uv_size": [6, 6]},
								"up": {"uv": [83, 61], "uv_size": [4, 6]},
								"down": {"uv": [64, 89], "uv_size": [4, -6]}
							}
						},
						{
							"origin": [-3, 21.5, -106.665],
							"size": [4, 3.075, 2.42],
							"uv": {
								"north": {"uv": [67, 91], "uv_size": [4, 3]},
								"east": {"uv": [56, 59], "uv_size": [2, 3]},
								"south": {"uv": [82, 91], "uv_size": [4, 3]},
								"west": {"uv": [24, 99], "uv_size": [2, 3]},
								"up": {"uv": [96, 6], "uv_size": [4, 2]},
								"down": {"uv": [52, 98], "uv_size": [4, -2]}
							}
						},
						{
							"origin": [-2.97, 15.6, 25.895],
							"size": [3.95, 6.8, 7.125],
							"pivot": [0, 8, 1],
							"rotation": [-5, 0, 0],
							"uv": {
								"north": {"uv": [79, 61], "uv_size": [4, 7]},
								"east": {"uv": [70, 24], "uv_size": [7, 7]},
								"south": {"uv": [81, 68], "uv_size": [4, 7]},
								"west": {"uv": [72, 62], "uv_size": [7, 7]},
								"up": {"uv": [72, 81], "uv_size": [4, 7]},
								"down": {"uv": [82, 45], "uv_size": [4, -7]}
							}
						},
						{
							"origin": [-2.97, 13.6, 33.02],
							"size": [3.95, 8.8, 5],
							"pivot": [0, 8, 1],
							"rotation": [-5, 0, 0],
							"uv": {
								"north": {"uv": [8, 79], "uv_size": [4, 9]},
								"east": {"uv": [75, 0], "uv_size": [5, 9]},
								"south": {"uv": [12, 79], "uv_size": [4, 9]},
								"west": {"uv": [76, 69], "uv_size": [5, 9]},
								"up": {"uv": [48, 84], "uv_size": [4, 5]},
								"down": {"uv": [84, 53], "uv_size": [4, -5]}
							}
						},
						{
							"origin": [-3.0199, 20.6, 1.145],
							"size": [3.9999, 4.675, 2.75],
							"pivot": [0, 11, -1],
							"rotation": [-7.5, 0, 0],
							"uv": {
								"north": {"uv": [84, 83], "uv_size": [4, 5]},
								"east": {"uv": [89, 68], "uv_size": [3, 5]},
								"south": {"uv": [2, 85], "uv_size": [4, 5]},
								"west": {"uv": [2, 90], "uv_size": [3, 5]},
								"up": {"uv": [92, 68], "uv_size": [4, 3]},
								"down": {"uv": [71, 95], "uv_size": [4, -3]}
							}
						},
						{
							"origin": [-2.97, 27.5, 0.425],
							"size": [3.95, 4.05, 2],
							"pivot": [0, 9, 1],
							"rotation": [-52.5, 0, 0],
							"uv": {
								"north": {"uv": [12, 88], "uv_size": [4, 4]},
								"east": {"uv": [71, 95], "uv_size": [2, 4]},
								"south": {"uv": [72, 88], "uv_size": [4, 4]},
								"west": {"uv": [73, 95], "uv_size": [2, 4]},
								"up": {"uv": [95, 61], "uv_size": [4, 2]},
								"down": {"uv": [95, 75], "uv_size": [4, -2]}
							}
						},
						{
							"origin": [13.2, 32.475, -102.8125],
							"size": [0.7, 1.4, 58.1875],
							"pivot": [16, 13.375, -41.625],
							"rotation": [0, 0, -45],
							"uv": {
								"north": {"uv": [16, 108], "uv_size": [1, 1]},
								"east": {"uv": [70, 33], "uv_size": [45, 1]},
								"south": {"uv": [17, 108], "uv_size": [1, 1]},
								"west": {"uv": [76, 58], "uv_size": [45, 1]},
								"up": {"uv": [76, 78], "uv_size": [1, 45]},
								"down": {"uv": [77, 123], "uv_size": [1, -45]}
							}
						},
						{
							"origin": [-2, 25.375, -102.8115],
							"size": [2, 1, 58.1875],
							"uv": {
								"north": {"uv": [106, 0], "uv_size": [2, 1]},
								"east": {"uv": [70, 31], "uv_size": [45, 1]},
								"south": {"uv": [1, 106], "uv_size": [2, 1]},
								"west": {"uv": [70, 32], "uv_size": [45, 1]},
								"up": {"uv": [56, 14], "uv_size": [2, 45]},
								"down": {"uv": [0, 103], "uv_size": [2, -45]}
							}
						},
						{
							"origin": [-13.85, 27.505, -102.8125],
							"size": [1, 1.4, 58.1875],
							"pivot": [-11, 13.375, -41.625],
							"rotation": [0, 0, 45],
							"uv": {
								"north": {"uv": [15, 108], "uv_size": [1, 1]},
								"east": {"uv": [47, 9], "uv_size": [45, 1]},
								"south": {"uv": [108, 15], "uv_size": [1, 1]},
								"west": {"uv": [62, 34], "uv_size": [45, 1]},
								"up": {"uv": [22, 58], "uv_size": [1, 45]},
								"down": {"uv": [23, 103], "uv_size": [1, -45]}
							}
						},
						{
							"origin": [-2.99, 21.6, 17.15],
							"size": [3.99, 3.05, 21.45],
							"pivot": [0, 8, 1],
							"rotation": [-5, 0, 0],
							"uv": {
								"north": {"uv": [94, 2], "uv_size": [4, 3]},
								"east": {"uv": [70, 18], "uv_size": [21, 3]},
								"south": {"uv": [94, 48], "uv_size": [4, 3]},
								"west": {"uv": [70, 21], "uv_size": [21, 3]},
								"up": {"uv": [58, 14], "uv_size": [4, 21]},
								"down": {"uv": [18, 79], "uv_size": [4, -21]}
							}
						}
					]
				},
				{
					"name": "bone",
					"parent": "Wood",
					"pivot": [-10.7811, 14.5964, -11.5009],
					"rotation": [1, 0, 0]
				},
				{
					"name": "Metal",
					"parent": "gun",
					"pivot": [0, 8, 1],
					"cubes": [
						{
							"origin": [-3, 25, -21],
							"size": [3, 1, 7.125],
							"uv": {
								"north": {"uv": [88, 104], "uv_size": [3, 1]},
								"east": {"uv": [97, 28], "uv_size": [7, 1]},
								"south": {"uv": [104, 88], "uv_size": [3, 1]},
								"west": {"uv": [98, 4], "uv_size": [7, 1]},
								"up": {"uv": [32, 84], "uv_size": [3, 7]},
								"down": {"uv": [44, 91], "uv_size": [3, -7]}
							}
						},
						{
							"origin": [0, 25, -21],
							"size": [1, 1, 7.125],
							"uv": {
								"north": {"uv": [107, 97], "uv_size": [1, 1]},
								"east": {"uv": [98, 71], "uv_size": [7, 1]},
								"south": {"uv": [98, 107], "uv_size": [1, 1]},
								"west": {"uv": [98, 72], "uv_size": [7, 1]},
								"up": {"uv": [60, 98], "uv_size": [1, 7]},
								"down": {"uv": [61, 105], "uv_size": [1, -7]}
							}
						},
						{
							"origin": [0, 25, -3.75],
							"size": [1, 1.25, 1.7],
							"uv": {
								"north": {"uv": [71, 91], "uv_size": [1, 1]},
								"east": {"uv": [38, 105], "uv_size": [2, 1]},
								"south": {"uv": [4, 103], "uv_size": [1, 1]},
								"west": {"uv": [105, 68], "uv_size": [2, 1]},
								"up": {"uv": [3, 105], "uv_size": [1, 2]},
								"down": {"uv": [15, 107], "uv_size": [1, -2]}
							}
						},
						{
							"origin": [0, 25, -2.125],
							"size": [1, 0.5, 5.325],
							"uv": {
								"north": {"uv": [51, 108], "uv_size": [1, 1]},
								"east": {"uv": [101, 14], "uv_size": [5, 1]},
								"south": {"uv": [108, 51], "uv_size": [1, 1]},
								"west": {"uv": [101, 15], "uv_size": [5, 1]},
								"up": {"uv": [29, 101], "uv_size": [1, 5]},
								"down": {"uv": [40, 106], "uv_size": [1, -5]}
							}
						},
						{
							"origin": [-3, 25, -2.125],
							"size": [1, 0.5, 5.325],
							"uv": {
								"north": {"uv": [52, 108], "uv_size": [1, 1]},
								"east": {"uv": [101, 26], "uv_size": [5, 1]},
								"south": {"uv": [108, 52], "uv_size": [1, 1]},
								"west": {"uv": [101, 27], "uv_size": [5, 1]},
								"up": {"uv": [41, 101], "uv_size": [1, 5]},
								"down": {"uv": [69, 106], "uv_size": [1, -5]}
							}
						},
						{
							"origin": [-2.99, 22.25, -5.75],
							"size": [0.98, 0.53, 0.95],
							"pivot": [-3, 11, 2.75],
							"rotation": [-37.5, 0, 0],
							"uv": {
								"north": {"uv": [87, 108], "uv_size": [1, 1]},
								"east": {"uv": [108, 87], "uv_size": [1, 1]},
								"south": {"uv": [88, 108], "uv_size": [1, 1]},
								"west": {"uv": [89, 108], "uv_size": [1, 1]},
								"up": {"uv": [90, 108], "uv_size": [1, 1]},
								"down": {"uv": [91, 109], "uv_size": [1, -1]}
							}
						},
						{
							"origin": [0.01, 22.25, -5.75],
							"size": [0.98, 0.53, 0.95],
							"pivot": [0, 11, 2.75],
							"rotation": [-37.5, 0, 0],
							"uv": {
								"north": {"uv": [108, 81], "uv_size": [1, 1]},
								"east": {"uv": [82, 108], "uv_size": [1, 1]},
								"south": {"uv": [108, 82], "uv_size": [1, 1]},
								"west": {"uv": [108, 84], "uv_size": [1, 1]},
								"up": {"uv": [108, 85], "uv_size": [1, 1]},
								"down": {"uv": [108, 87], "uv_size": [1, -1]}
							}
						},
						{
							"origin": [0, 25, -13.875],
							"size": [1, 1, 10.2],
							"uv": {
								"north": {"uv": [108, 18], "uv_size": [1, 1]},
								"east": {"uv": [94, 45], "uv_size": [10, 1]},
								"south": {"uv": [19, 108], "uv_size": [1, 1]},
								"west": {"uv": [94, 46], "uv_size": [10, 1]},
								"up": {"uv": [75, 92], "uv_size": [1, 10]},
								"down": {"uv": [30, 104], "uv_size": [1, -10]}
							}
						},
						{
							"origin": [-3, 25, -3.8],
							"size": [1, 1.25, 1.75],
							"uv": {
								"north": {"uv": [107, 100], "uv_size": [1, 1]},
								"east": {"uv": [92, 105], "uv_size": [2, 1]},
								"south": {"uv": [101, 107], "uv_size": [1, 1]},
								"west": {"uv": [105, 93], "uv_size": [2, 1]},
								"up": {"uv": [94, 105], "uv_size": [1, 2]},
								"down": {"uv": [105, 96], "uv_size": [1, -2]}
							}
						},
						{
							"origin": [13.2, 33.1, -21],
							"size": [0.7, 1.4, 7.125],
							"pivot": [16, 14, 0],
							"rotation": [0, 0, -45],
							"uv": {
								"north": {"uv": [107, 92], "uv_size": [1, 1]},
								"east": {"uv": [98, 39], "uv_size": [7, 1]},
								"south": {"uv": [93, 107], "uv_size": [1, 1]},
								"west": {"uv": [98, 52], "uv_size": [7, 1]},
								"up": {"uv": [56, 98], "uv_size": [1, 7]},
								"down": {"uv": [57, 105], "uv_size": [1, -7]}
							}
						},
						{
							"origin": [13.2, 33.1, -13.875],
							"size": [0.7, 0.9, 3.5],
							"pivot": [16, 14, 0],
							"rotation": [0, 0, -45],
							"uv": {
								"north": {"uv": [108, 17], "uv_size": [1, 1]},
								"east": {"uv": [48, 102], "uv_size": [4, 1]},
								"south": {"uv": [18, 108], "uv_size": [1, 1]},
								"west": {"uv": [102, 48], "uv_size": [4, 1]},
								"up": {"uv": [10, 102], "uv_size": [1, 4]},
								"down": {"uv": [33, 106], "uv_size": [1, -4]}
							}
						},
						{
							"origin": [13.2, 33.1, -10.375],
							"size": [0.7, 0.775, 6.625],
							"pivot": [16, 14, 4.625],
							"rotation": [0, 0, -45],
							"uv": {
								"north": {"uv": [48, 108], "uv_size": [1, 1]},
								"east": {"uv": [99, 62], "uv_size": [7, 1]},
								"south": {"uv": [108, 48], "uv_size": [1, 1]},
								"west": {"uv": [67, 99], "uv_size": [7, 1]},
								"up": {"uv": [16, 99], "uv_size": [1, 7]},
								"down": {"uv": [17, 106], "uv_size": [1, -7]}
							}
						},
						{
							"origin": [-2, 26, -20.999],
							"size": [2, 1, 7.125],
							"uv": {
								"north": {"uv": [105, 69], "uv_size": [2, 1]},
								"east": {"uv": [98, 53], "uv_size": [7, 1]},
								"south": {"uv": [105, 71], "uv_size": [2, 1]},
								"west": {"uv": [98, 54], "uv_size": [7, 1]},
								"up": {"uv": [24, 90], "uv_size": [2, 7]},
								"down": {"uv": [26, 97], "uv_size": [2, -7]}
							}
						},
						{
							"origin": [-2.4, 26.125, -3.55],
							"size": [0.25, 1, 1.25],
							"uv": {
								"north": {"uv": [53, 108], "uv_size": [1, 1]},
								"east": {"uv": [108, 53], "uv_size": [1, 1]},
								"south": {"uv": [54, 108], "uv_size": [1, 1]},
								"west": {"uv": [108, 54], "uv_size": [1, 1]},
								"up": {"uv": [108, 55], "uv_size": [1, 1]},
								"down": {"uv": [56, 109], "uv_size": [1, -1]}
							}
						},
						{
							"origin": [-2.4, 26.625, -2.3],
							"size": [0.5, 0.5, 0.25],
							"uv": {
								"north": {"uv": [108, 62], "uv_size": [1, 1]},
								"east": {"uv": [64, 108], "uv_size": [1, 1]},
								"south": {"uv": [108, 64], "uv_size": [1, 1]},
								"west": {"uv": [65, 108], "uv_size": [1, 1]},
								"up": {"uv": [108, 65], "uv_size": [1, 1]},
								"down": {"uv": [108, 67], "uv_size": [1, -1]}
							}
						},
						{
							"origin": [-2.4, 26.625, -3.8],
							"size": [0.5, 0.5, 0.25],
							"uv": {
								"north": {"uv": [108, 67], "uv_size": [1, 1]},
								"east": {"uv": [68, 108], "uv_size": [1, 1]},
								"south": {"uv": [69, 108], "uv_size": [1, 1]},
								"west": {"uv": [108, 69], "uv_size": [1, 1]},
								"up": {"uv": [108, 70], "uv_size": [1, 1]},
								"down": {"uv": [71, 109], "uv_size": [1, -1]}
							}
						},
						{
							"origin": [0.15, 26.125, -3.55],
							"size": [0.25, 1, 1.25],
							"uv": {
								"north": {"uv": [108, 56], "uv_size": [1, 1]},
								"east": {"uv": [57, 108], "uv_size": [1, 1]},
								"south": {"uv": [58, 108], "uv_size": [1, 1]},
								"west": {"uv": [108, 59], "uv_size": [1, 1]},
								"up": {"uv": [60, 108], "uv_size": [1, 1]},
								"down": {"uv": [108, 61], "uv_size": [1, -1]}
							}
						},
						{
							"origin": [-0.1, 26.125, -2.3],
							"size": [0.5, 1, 0.25],
							"uv": {
								"north": {"uv": [72, 108], "uv_size": [1, 1]},
								"east": {"uv": [73, 108], "uv_size": [1, 1]},
								"south": {"uv": [108, 73], "uv_size": [1, 1]},
								"west": {"uv": [108, 74], "uv_size": [1, 1]},
								"up": {"uv": [75, 108], "uv_size": [1, 1]},
								"down": {"uv": [108, 76], "uv_size": [1, -1]}
							}
						},
						{
							"origin": [-0.1, 26.125, -3.8],
							"size": [0.5, 1, 0.25],
							"uv": {
								"north": {"uv": [108, 76], "uv_size": [1, 1]},
								"east": {"uv": [78, 108], "uv_size": [1, 1]},
								"south": {"uv": [108, 78], "uv_size": [1, 1]},
								"west": {"uv": [79, 108], "uv_size": [1, 1]},
								"up": {"uv": [108, 79], "uv_size": [1, 1]},
								"down": {"uv": [81, 109], "uv_size": [1, -1]}
							}
						},
						{
							"origin": [-13.85, 28.13, -20.99],
							"size": [1, 1.4, 7.125],
							"pivot": [-11, 14, 0],
							"rotation": [0, 0, 45],
							"uv": {
								"north": {"uv": [107, 93], "uv_size": [1, 1]},
								"east": {"uv": [98, 55], "uv_size": [7, 1]},
								"south": {"uv": [94, 107], "uv_size": [1, 1]},
								"west": {"uv": [98, 56], "uv_size": [7, 1]},
								"up": {"uv": [58, 98], "uv_size": [1, 7]},
								"down": {"uv": [59, 105], "uv_size": [1, -7]}
							}
						},
						{
							"origin": [13.2, 32.35, -29],
							"size": [0.7, 1.4, 0.875],
							"pivot": [16, 13.25, -13.125],
							"rotation": [0, 0, -45],
							"uv": {
								"north": {"uv": [1, 108], "uv_size": [1, 1]},
								"east": {"uv": [108, 1], "uv_size": [1, 1]},
								"south": {"uv": [2, 108], "uv_size": [1, 1]},
								"west": {"uv": [108, 2], "uv_size": [1, 1]},
								"up": {"uv": [3, 108], "uv_size": [1, 1]},
								"down": {"uv": [108, 4], "uv_size": [1, -1]}
							}
						},
						{
							"origin": [-2, 25.25, -28.999],
							"size": [2, 1, 0.875],
							"uv": {
								"north": {"uv": [105, 96], "uv_size": [2, 1]},
								"east": {"uv": [0, 108], "uv_size": [1, 1]},
								"south": {"uv": [105, 97], "uv_size": [2, 1]},
								"west": {"uv": [108, 0], "uv_size": [1, 1]},
								"up": {"uv": [105, 98], "uv_size": [2, 1]},
								"down": {"uv": [105, 100], "uv_size": [2, -1]}
							}
						},
						{
							"origin": [-13.85, 27.38, -29],
							"size": [1, 1.4, 0.875],
							"pivot": [-11, 13.25, -13.125],
							"rotation": [0, 0, 45],
							"uv": {
								"north": {"uv": [107, 103], "uv_size": [1, 1]},
								"east": {"uv": [104, 107], "uv_size": [1, 1]},
								"south": {"uv": [105, 107], "uv_size": [1, 1]},
								"west": {"uv": [106, 107], "uv_size": [1, 1]},
								"up": {"uv": [107, 106], "uv_size": [1, 1]},
								"down": {"uv": [107, 108], "uv_size": [1, -1]}
							}
						},
						{
							"origin": [-3, 25, -29],
							"size": [4, 0.25, 0.875],
							"uv": {
								"north": {"uv": [102, 3], "uv_size": [4, 1]},
								"east": {"uv": [107, 102], "uv_size": [1, 1]},
								"south": {"uv": [102, 5], "uv_size": [4, 1]},
								"west": {"uv": [103, 107], "uv_size": [1, 1]},
								"up": {"uv": [102, 9], "uv_size": [4, 1]},
								"down": {"uv": [24, 103], "uv_size": [4, -1]}
							}
						},
						{
							"origin": [13.2, 32.6, -28.125],
							"size": [0.7, 1.4, 7.125],
							"pivot": [16, 13.5, -8.125],
							"rotation": [0, 0, -45],
							"uv": {
								"north": {"uv": [108, 5], "uv_size": [1, 1]},
								"east": {"uv": [99, 8], "uv_size": [7, 1]},
								"south": {"uv": [6, 108], "uv_size": [1, 1]},
								"west": {"uv": [99, 61], "uv_size": [7, 1]},
								"up": {"uv": [94, 98], "uv_size": [1, 7]},
								"down": {"uv": [95, 105], "uv_size": [1, -7]}
							}
						},
						{
							"origin": [-2, 25.5, -28.124],
							"size": [2, 1, 7.125],
							"uv": {
								"north": {"uv": [100, 105], "uv_size": [2, 1]},
								"east": {"uv": [98, 82], "uv_size": [7, 1]},
								"south": {"uv": [105, 100], "uv_size": [2, 1]},
								"west": {"uv": [98, 83], "uv_size": [7, 1]},
								"up": {"uv": [90, 88], "uv_size": [2, 7]},
								"down": {"uv": [32, 98], "uv_size": [2, -7]}
							}
						},
						{
							"origin": [-13.85, 27.63, -28.125],
							"size": [1, 1.4, 7.125],
							"pivot": [-11, 13.5, -8.125],
							"rotation": [0, 0, 45],
							"uv": {
								"north": {"uv": [4, 108], "uv_size": [1, 1]},
								"east": {"uv": [98, 80], "uv_size": [7, 1]},
								"south": {"uv": [108, 4], "uv_size": [1, 1]},
								"west": {"uv": [98, 81], "uv_size": [7, 1]},
								"up": {"uv": [62, 98], "uv_size": [1, 7]},
								"down": {"uv": [63, 105], "uv_size": [1, -7]}
							}
						},
						{
							"origin": [-3, 25, -28.125],
							"size": [4, 0.5, 7.125],
							"uv": {
								"north": {"uv": [102, 24], "uv_size": [4, 1]},
								"east": {"uv": [98, 78], "uv_size": [7, 1]},
								"south": {"uv": [102, 25], "uv_size": [4, 1]},
								"west": {"uv": [98, 79], "uv_size": [7, 1]},
								"up": {"uv": [40, 82], "uv_size": [4, 7]},
								"down": {"uv": [52, 89], "uv_size": [4, -7]}
							}
						},
						{
							"origin": [12.825, 32.225, -43.25],
							"size": [0.7, 1.4, 14.25],
							"pivot": [15.625, 13.125, -24.875],
							"rotation": [0, 0, -45],
							"uv": {
								"north": {"uv": [108, 46], "uv_size": [1, 1]},
								"east": {"uv": [90, 75], "uv_size": [14, 1]},
								"south": {"uv": [47, 108], "uv_size": [1, 1]},
								"west": {"uv": [90, 76], "uv_size": [14, 1]},
								"up": {"uv": [46, 91], "uv_size": [1, 14]},
								"down": {"uv": [64, 105], "uv_size": [1, -14]}
							}
						},
						{
							"origin": [-3, 25, -43.25],
							"size": [4, 0.125, 14.25],
							"uv": {
								"north": {"uv": [103, 47], "uv_size": [4, 1]},
								"east": {"uv": [90, 43], "uv_size": [14, 1]},
								"south": {"uv": [48, 103], "uv_size": [4, 1]},
								"west": {"uv": [90, 44], "uv_size": [14, 1]},
								"up": {"uv": [44, 70], "uv_size": [4, 14]},
								"down": {"uv": [56, 84], "uv_size": [4, -14]}
							}
						},
						{
							"origin": [-13.475, 27.255, -43.25],
							"size": [1, 1.4, 14.25],
							"pivot": [-10.625, 13.125, -24.875],
							"rotation": [0, 0, 45],
							"uv": {
								"north": {"uv": [108, 45], "uv_size": [1, 1]},
								"east": {"uv": [90, 41], "uv_size": [14, 1]},
								"south": {"uv": [46, 108], "uv_size": [1, 1]},
								"west": {"uv": [90, 42], "uv_size": [14, 1]},
								"up": {"uv": [44, 91], "uv_size": [1, 14]},
								"down": {"uv": [45, 105], "uv_size": [1, -14]}
							}
						},
						{
							"origin": [-1.625, 25.125, -43.249],
							"size": [1.25, 1, 14.25],
							"uv": {
								"north": {"uv": [44, 108], "uv_size": [1, 1]},
								"east": {"uv": [88, 5], "uv_size": [14, 1]},
								"south": {"uv": [45, 108], "uv_size": [1, 1]},
								"west": {"uv": [89, 16], "uv_size": [14, 1]},
								"up": {"uv": [5, 90], "uv_size": [1, 14]},
								"down": {"uv": [34, 105], "uv_size": [1, -14]}
							}
						},
						{
							"origin": [10.9, 30.85, -3.801],
							"size": [0.7, 1.025, 1.75],
							"pivot": [13.625, 11.75, 9],
							"rotation": [0, 0, -35],
							"uv": {
								"north": {"uv": [95, 107], "uv_size": [1, 1]},
								"east": {"uv": [72, 105], "uv_size": [2, 1]},
								"south": {"uv": [96, 107], "uv_size": [1, 1]},
								"west": {"uv": [105, 72], "uv_size": [2, 1]},
								"up": {"uv": [34, 105], "uv_size": [1, 2]},
								"down": {"uv": [105, 75], "uv_size": [1, -2]}
							}
						},
						{
							"origin": [-11.64, 27.13, -3.801],
							"size": [0.75, 1.025, 1.75],
							"pivot": [-8.75, 13, 9],
							"rotation": [0, 0, 35],
							"uv": {
								"north": {"uv": [61, 108], "uv_size": [1, 1]},
								"east": {"uv": [106, 51], "uv_size": [2, 1]},
								"south": {"uv": [108, 61], "uv_size": [1, 1]},
								"west": {"uv": [54, 106], "uv_size": [2, 1]},
								"up": {"uv": [52, 106], "uv_size": [1, 2]},
								"down": {"uv": [56, 108], "uv_size": [1, -2]}
							}
						},
						{
							"origin": [10.825, 30.1, -2.176],
							"size": [0.7, 1.4, 4.875],
							"pivot": [13.625, 11, 10.75],
							"rotation": [0, 0, -35],
							"uv": {
								"north": {"uv": [50, 108], "uv_size": [1, 1]},
								"east": {"uv": [100, 87], "uv_size": [5, 1]},
								"south": {"uv": [108, 50], "uv_size": [1, 1]},
								"west": {"uv": [100, 93], "uv_size": [5, 1]},
								"up": {"uv": [100, 94], "uv_size": [1, 5]},
								"down": {"uv": [28, 106], "uv_size": [1, -5]}
							}
						},
						{
							"origin": [-11.6, 26.38, -2.176],
							"size": [0.75, 1.4, 4.875],
							"pivot": [-8.75, 12.25, 10.75],
							"rotation": [0, 0, 35],
							"uv": {
								"north": {"uv": [49, 108], "uv_size": [1, 1]},
								"east": {"uv": [100, 85], "uv_size": [5, 1]},
								"south": {"uv": [108, 49], "uv_size": [1, 1]},
								"west": {"uv": [100, 86], "uv_size": [5, 1]},
								"up": {"uv": [80, 100], "uv_size": [1, 5]},
								"down": {"uv": [81, 105], "uv_size": [1, -5]}
							}
						},
						{
							"origin": [-13.71013, 27.59592, -44.6598],
							"size": [0.9899, 1.38586, 1.5],
							"pivot": [-10.88891, 13.60861, -14.00341],
							"rotation": [0, 0, 45],
							"uv": {
								"north": {"uv": [107, 98], "uv_size": [1, 1]},
								"east": {"uv": [105, 78], "uv_size": [2, 1]},
								"south": {"uv": [99, 107], "uv_size": [1, 1]},
								"west": {"uv": [105, 79], "uv_size": [2, 1]},
								"up": {"uv": [74, 105], "uv_size": [1, 2]},
								"down": {"uv": [80, 107], "uv_size": [1, -2]}
							}
						},
						{
							"origin": [-3.03, 24.875, -44.68],
							"size": [4.04, 0.63, 1.5],
							"uv": {
								"north": {"uv": [101, 98], "uv_size": [4, 1]},
								"east": {"uv": [105, 80], "uv_size": [2, 1]},
								"south": {"uv": [102, 0], "uv_size": [4, 1]},
								"west": {"uv": [105, 81], "uv_size": [2, 1]},
								"up": {"uv": [96, 68], "uv_size": [4, 2]},
								"down": {"uv": [96, 86], "uv_size": [4, -2]}
							}
						},
						{
							"origin": [-13.71013, 27.59592, -104.2848],
							"size": [0.9899, 1.38586, 1.5],
							"pivot": [-10.88891, 13.60861, -73.62841],
							"rotation": [0, 0, 45],
							"uv": {
								"north": {"uv": [42, 108], "uv_size": [1, 1]},
								"east": {"uv": [106, 48], "uv_size": [2, 1]},
								"south": {"uv": [108, 42], "uv_size": [1, 1]},
								"west": {"uv": [49, 106], "uv_size": [2, 1]},
								"up": {"uv": [106, 49], "uv_size": [1, 2]},
								"down": {"uv": [51, 108], "uv_size": [1, -2]}
							}
						},
						{
							"origin": [-1.9798, 25.48743, -104.2848],
							"size": [1.9798, 0.9899, 1.5],
							"uv": {
								"north": {"uv": [45, 106], "uv_size": [2, 1]},
								"east": {"uv": [106, 45], "uv_size": [2, 1]},
								"south": {"uv": [106, 46], "uv_size": [2, 1]},
								"west": {"uv": [47, 106], "uv_size": [2, 1]},
								"up": {"uv": [14, 103], "uv_size": [2, 2]},
								"down": {"uv": [26, 105], "uv_size": [2, -2]}
							}
						},
						{
							"origin": [12.76972, 32.51572, -104.2848],
							"size": [0.9899, 1.38586, 1.5],
							"pivot": [15.83842, 13.60861, -73.62841],
							"rotation": [0, 0, -45],
							"uv": {
								"north": {"uv": [41, 108], "uv_size": [1, 1]},
								"east": {"uv": [42, 106], "uv_size": [2, 1]},
								"south": {"uv": [108, 41], "uv_size": [1, 1]},
								"west": {"uv": [106, 42], "uv_size": [2, 1]},
								"up": {"uv": [106, 43], "uv_size": [1, 2]},
								"down": {"uv": [44, 108], "uv_size": [1, -2]}
							}
						},
						{
							"origin": [-1.03, -3.35, -104.305],
							"size": [4.04, 4.525, 1.5],
							"pivot": [0, 10.985, -62.77],
							"rotation": [0, 0, 180],
							"uv": {
								"north": {"uv": [86, 40], "uv_size": [4, 5]},
								"east": {"uv": [88, 94], "uv_size": [2, 5]},
								"south": {"uv": [87, 61], "uv_size": [4, 5]},
								"west": {"uv": [94, 93], "uv_size": [2, 5]},
								"up": {"uv": [98, 48], "uv_size": [4, 2]},
								"down": {"uv": [98, 52], "uv_size": [4, -2]}
							}
						},
						{
							"origin": [-3.03, 25.25, -104.305],
							"size": [4.04, 0.255, 1.5],
							"uv": {
								"north": {"uv": [103, 30], "uv_size": [4, 1]},
								"east": {"uv": [40, 106], "uv_size": [2, 1]},
								"south": {"uv": [103, 40], "uv_size": [4, 1]},
								"west": {"uv": [106, 41], "uv_size": [2, 1]},
								"up": {"uv": [98, 24], "uv_size": [4, 2]},
								"down": {"uv": [98, 39], "uv_size": [4, -2]}
							}
						},
						{
							"origin": [-1.03, -3.475, -44.68],
							"size": [4.04, 4.4, 1.5],
							"pivot": [0, 10.735, -3.145],
							"rotation": [0, 0, 180],
							"uv": {
								"north": {"uv": [88, 84], "uv_size": [4, 4]},
								"east": {"uv": [90, 95], "uv_size": [2, 4]},
								"south": {"uv": [36, 89], "uv_size": [4, 4]},
								"west": {"uv": [80, 96], "uv_size": [2, 4]},
								"up": {"uv": [96, 86], "uv_size": [4, 2]},
								"down": {"uv": [96, 95], "uv_size": [4, -2]}
							}
						},
						{
							"origin": [12.76972, 32.51572, -44.6598],
							"size": [0.9899, 1.38586, 1.5],
							"pivot": [15.83842, 13.60861, -14.00341],
							"rotation": [0, 0, -45],
							"uv": {
								"north": {"uv": [107, 99], "uv_size": [1, 1]},
								"east": {"uv": [105, 82], "uv_size": [2, 1]},
								"south": {"uv": [100, 107], "uv_size": [1, 1]},
								"west": {"uv": [105, 83], "uv_size": [2, 1]},
								"up": {"uv": [81, 105], "uv_size": [1, 2]},
								"down": {"uv": [105, 86], "uv_size": [1, -2]}
							}
						},
						{
							"origin": [-1.9798, 25.48743, -44.6598],
							"size": [1.9798, 0.9899, 1.5],
							"uv": {
								"north": {"uv": [105, 86], "uv_size": [2, 1]},
								"east": {"uv": [105, 87], "uv_size": [2, 1]},
								"south": {"uv": [88, 105], "uv_size": [2, 1]},
								"west": {"uv": [90, 105], "uv_size": [2, 1]},
								"up": {"uv": [102, 1], "uv_size": [2, 2]},
								"down": {"uv": [8, 104], "uv_size": [2, -2]}
							}
						},
						{
							"origin": [-0.905, -2.835, -110.18],
							"size": [3.79, 2.935, 3.5],
							"pivot": [0, 10.86, -71.145],
							"rotation": [0, 0, 180],
							"uv": {
								"north": {"uv": [93, 26], "uv_size": [4, 3]},
								"east": {"uv": [52, 93], "uv_size": [4, 3]},
								"south": {"uv": [56, 93], "uv_size": [4, 3]},
								"west": {"uv": [60, 93], "uv_size": [4, 3]},
								"up": {"uv": [48, 89], "uv_size": [4, 4]},
								"down": {"uv": [52, 93], "uv_size": [4, -4]}
							}
						},
						{
							"origin": [-1.45, 24.41743, -119.1598],
							"size": [0.95, 2.2, 2.063],
							"uv": {
								"north": {"uv": [95, 105], "uv_size": [1, 2]},
								"east": {"uv": [31, 102], "uv_size": [2, 2]},
								"south": {"uv": [104, 105], "uv_size": [1, 2]},
								"west": {"uv": [36, 102], "uv_size": [2, 2]},
								"up": {"uv": [105, 104], "uv_size": [1, 2]},
								"down": {"uv": [0, 108], "uv_size": [1, -2]}
							}
						},
						{
							"origin": [7.5751, 30.48, -106.6598],
							"size": [0.9899, 1.99, 2.5],
							"pivot": [15.83842, 13.41361, -74.00341],
							"rotation": [0, 0, -30],
							"uv": {
								"north": {"uv": [33, 106], "uv_size": [1, 2]},
								"east": {"uv": [99, 89], "uv_size": [3, 2]},
								"south": {"uv": [106, 37], "uv_size": [1, 2]},
								"west": {"uv": [99, 91], "uv_size": [3, 2]},
								"up": {"uv": [96, 104], "uv_size": [1, 3]},
								"down": {"uv": [97, 107], "uv_size": [1, -3]}
							}
						},
						{
							"origin": [-6.0499, 13.65, -106.6598],
							"size": [0.9899, 1.99, 2.5],
							"pivot": [15.83842, 13.41361, -74.00341],
							"rotation": [0, 0, 30],
							"uv": {
								"north": {"uv": [38, 106], "uv_size": [1, 2]},
								"east": {"uv": [96, 99], "uv_size": [3, 2]},
								"south": {"uv": [39, 106], "uv_size": [1, 2]},
								"west": {"uv": [99, 99], "uv_size": [3, 2]},
								"up": {"uv": [98, 104], "uv_size": [1, 3]},
								"down": {"uv": [99, 107], "uv_size": [1, -3]}
							}
						},
						{
							"origin": [-1.9798, 25.29243, -106.6598],
							"size": [1.9798, 0.9899, 2.5],
							"uv": {
								"north": {"uv": [106, 35], "uv_size": [2, 1]},
								"east": {"uv": [91, 104], "uv_size": [3, 1]},
								"south": {"uv": [106, 36], "uv_size": [2, 1]},
								"west": {"uv": [104, 91], "uv_size": [3, 1]},
								"up": {"uv": [86, 99], "uv_size": [2, 3]},
								"down": {"uv": [88, 102], "uv_size": [2, -3]}
							}
						},
						{
							"origin": [-1.2, 24.2, -118.9375],
							"size": [0.45, 3.275, 1.75],
							"pivot": [-0.975, 25.8375, -118.0625],
							"rotation": [2.5, 0, 0],
							"uv": {
								"north": {"uv": [25, 104], "uv_size": [1, 3]},
								"east": {"uv": [32, 104], "uv_size": [1, 3]},
								"south": {"uv": [37, 104], "uv_size": [1, 3]},
								"west": {"uv": [53, 104], "uv_size": [1, 3]},
								"up": {"uv": [107, 101], "uv_size": [1, 1]},
								"down": {"uv": [102, 108], "uv_size": [1, -1]}
							}
						},
						{
							"origin": [-2, 24, -124.5],
							"size": [2, 2, 67.5],
							"uv": {
								"north": {"uv": [101, 96], "uv_size": [2, 2]},
								"east": {"uv": [40, 10], "uv_size": [68, 2]},
								"south": {"uv": [100, 101], "uv_size": [2, 2]},
								"west": {"uv": [40, 12], "uv_size": [68, 2]},
								"up": {"uv": [40, 14], "uv_size": [2, 68]},
								"down": {"uv": [42, 82], "uv_size": [2, -68]}
							}
						},
						{
							"origin": [-1.375, 21, -118.75],
							"size": [0.75, 0.75, 15.25],
							"uv": {
								"north": {"uv": [108, 19], "uv_size": [1, 1]},
								"east": {"uv": [84, 8], "uv_size": [15, 1]},
								"south": {"uv": [108, 20], "uv_size": [1, 1]},
								"west": {"uv": [87, 66], "uv_size": [15, 1]},
								"up": {"uv": [42, 89], "uv_size": [1, 15]},
								"down": {"uv": [43, 104], "uv_size": [1, -15]}
							}
						},
						{
							"origin": [-1.625, 20.875, -119.125],
							"size": [1.125, 1, 1.25],
							"uv": {
								"north": {"uv": [108, 21], "uv_size": [1, 1]},
								"east": {"uv": [22, 108], "uv_size": [1, 1]},
								"south": {"uv": [108, 22], "uv_size": [1, 1]},
								"west": {"uv": [23, 108], "uv_size": [1, 1]},
								"up": {"uv": [24, 108], "uv_size": [1, 1]},
								"down": {"uv": [108, 25], "uv_size": [1, -1]}
							}
						},
						{
							"origin": [-2.135, 22.6, 37.02],
							"size": [2.27, 0.9, 1],
							"pivot": [0, 8, 1],
							"rotation": [-5, 0, 0],
							"uv": {
								"north": {"uv": [105, 101], "uv_size": [2, 1]},
								"east": {"uv": [108, 7], "uv_size": [1, 1]},
								"south": {"uv": [102, 105], "uv_size": [2, 1]},
								"west": {"uv": [8, 108], "uv_size": [1, 1]},
								"up": {"uv": [105, 102], "uv_size": [2, 1]},
								"down": {"uv": [105, 104], "uv_size": [2, -1]}
							}
						},
						{
							"origin": [22.74, 22.6, 29.02],
							"size": [0.895, 0.9, 1.25],
							"pivot": [0, 8, 1],
							"rotation": [-6.76733, -42.30053, 4.56615],
							"uv": {
								"north": {"uv": [108, 8], "uv_size": [1, 1]},
								"east": {"uv": [9, 108], "uv_size": [1, 1]},
								"south": {"uv": [108, 9], "uv_size": [1, 1]},
								"west": {"uv": [10, 108], "uv_size": [1, 1]},
								"up": {"uv": [108, 10], "uv_size": [1, 1]},
								"down": {"uv": [11, 109], "uv_size": [1, -1]}
							}
						},
						{
							"origin": [-25.135, 22.6, 27.645],
							"size": [0.895, 0.9, 1.25],
							"pivot": [0, 8, 1],
							"rotation": [-6.76733, 42.30053, -4.56615],
							"uv": {
								"north": {"uv": [108, 11], "uv_size": [1, 1]},
								"east": {"uv": [12, 108], "uv_size": [1, 1]},
								"south": {"uv": [108, 12], "uv_size": [1, 1]},
								"west": {"uv": [108, 13], "uv_size": [1, 1]},
								"up": {"uv": [14, 108], "uv_size": [1, 1]},
								"down": {"uv": [108, 15], "uv_size": [1, -1]}
							}
						},
						{
							"origin": [-2, 24, -124.625],
							"size": [0.375, 2, 0.125],
							"uv": {
								"north": {"uv": [6, 106], "uv_size": [1, 2]},
								"east": {"uv": [7, 106], "uv_size": [1, 2]},
								"south": {"uv": [8, 106], "uv_size": [1, 2]},
								"west": {"uv": [106, 8], "uv_size": [1, 2]},
								"up": {"uv": [25, 108], "uv_size": [1, 1]},
								"down": {"uv": [108, 26], "uv_size": [1, -1]}
							}
						},
						{
							"origin": [-1.625, 25.625, -124.625],
							"size": [1.25, 0.375, 0.125],
							"uv": {
								"north": {"uv": [26, 108], "uv_size": [1, 1]},
								"east": {"uv": [108, 26], "uv_size": [1, 1]},
								"south": {"uv": [108, 27], "uv_size": [1, 1]},
								"west": {"uv": [108, 28], "uv_size": [1, 1]},
								"up": {"uv": [29, 108], "uv_size": [1, 1]},
								"down": {"uv": [30, 109], "uv_size": [1, -1]}
							}
						},
						{
							"origin": [-0.375, 24, -124.625],
							"size": [0.375, 2, 0.125],
							"uv": {
								"north": {"uv": [9, 106], "uv_size": [1, 2]},
								"east": {"uv": [10, 106], "uv_size": [1, 2]},
								"south": {"uv": [11, 106], "uv_size": [1, 2]},
								"west": {"uv": [12, 106], "uv_size": [1, 2]},
								"up": {"uv": [33, 108], "uv_size": [1, 1]},
								"down": {"uv": [108, 36], "uv_size": [1, -1]}
							}
						},
						{
							"origin": [-1.625, 24, -124.625],
							"size": [1.25, 0.375, 0.125],
							"uv": {
								"north": {"uv": [108, 36], "uv_size": [1, 1]},
								"east": {"uv": [108, 37], "uv_size": [1, 1]},
								"south": {"uv": [38, 108], "uv_size": [1, 1]},
								"west": {"uv": [108, 38], "uv_size": [1, 1]},
								"up": {"uv": [39, 108], "uv_size": [1, 1]},
								"down": {"uv": [108, 40], "uv_size": [1, -1]}
							}
						},
						{
							"origin": [-1.875, 55.845, -25.28],
							"size": [1.875, 0.75, 0.75],
							"pivot": [-1.375, 42, -41.9],
							"rotation": [-135, 0, 0],
							"uv": {
								"north": {"uv": [107, 83], "uv_size": [2, 1]},
								"east": {"uv": [50, 109], "uv_size": [1, 1]},
								"south": {"uv": [87, 107], "uv_size": [2, 1]},
								"west": {"uv": [109, 50], "uv_size": [1, 1]},
								"up": {"uv": [107, 88], "uv_size": [2, 1]},
								"down": {"uv": [89, 108], "uv_size": [2, -1]}
							}
						},
						{
							"origin": [-2.375, 54.47, 4.845],
							"size": [2.75, 0.75, 0.75],
							"pivot": [-1.375, 40.625, -11.775],
							"rotation": [-135, 0, 0],
							"uv": {
								"north": {"uv": [59, 105], "uv_size": [3, 1]},
								"east": {"uv": [109, 64], "uv_size": [1, 1]},
								"south": {"uv": [62, 105], "uv_size": [3, 1]},
								"west": {"uv": [65, 109], "uv_size": [1, 1]},
								"up": {"uv": [105, 64], "uv_size": [3, 1]},
								"down": {"uv": [105, 66], "uv_size": [3, -1]}
							}
						},
						{
							"origin": [-1.625, 19.875, -44.555],
							"size": [1.375, 1, 1.375],
							"uv": {
								"north": {"uv": [51, 109], "uv_size": [1, 1]},
								"east": {"uv": [109, 51], "uv_size": [1, 1]},
								"south": {"uv": [52, 109], "uv_size": [1, 1]},
								"west": {"uv": [109, 52], "uv_size": [1, 1]},
								"up": {"uv": [53, 109], "uv_size": [1, 1]},
								"down": {"uv": [109, 54], "uv_size": [1, -1]}
							}
						},
						{
							"origin": [-1.625, -36, -76],
							"size": [1.375, 1, 1],
							"pivot": [-0.5, -46, 7.125],
							"rotation": [-45, 0, 0],
							"uv": {
								"north": {"uv": [54, 109], "uv_size": [1, 1]},
								"east": {"uv": [109, 54], "uv_size": [1, 1]},
								"south": {"uv": [55, 109], "uv_size": [1, 1]},
								"west": {"uv": [109, 55], "uv_size": [1, 1]},
								"up": {"uv": [56, 109], "uv_size": [1, 1]},
								"down": {"uv": [109, 57], "uv_size": [1, -1]}
							}
						},
						{
							"origin": [-1.875, 56.095, -84.905],
							"size": [1.875, 0.75, 0.75],
							"pivot": [-1.375, 42.25, -101.525],
							"rotation": [-135, 0, 0],
							"uv": {
								"north": {"uv": [107, 89], "uv_size": [2, 1]},
								"east": {"uv": [109, 63], "uv_size": [1, 1]},
								"south": {"uv": [107, 90], "uv_size": [2, 1]},
								"west": {"uv": [64, 109], "uv_size": [1, 1]},
								"up": {"uv": [91, 107], "uv_size": [2, 1]},
								"down": {"uv": [107, 92], "uv_size": [2, -1]}
							}
						},
						{
							"origin": [-1.625, 20.125, -104.18],
							"size": [1.375, 1, 1.375],
							"uv": {
								"north": {"uv": [109, 60], "uv_size": [1, 1]},
								"east": {"uv": [61, 109], "uv_size": [1, 1]},
								"south": {"uv": [109, 61], "uv_size": [1, 1]},
								"west": {"uv": [62, 109], "uv_size": [1, 1]},
								"up": {"uv": [109, 62], "uv_size": [1, 1]},
								"down": {"uv": [63, 110], "uv_size": [1, -1]}
							}
						},
						{
							"origin": [-1.625, -35.75, -135.625],
							"size": [1.375, 1, 1],
							"pivot": [-0.5, -45.75, -52.5],
							"rotation": [-45, 0, 0],
							"uv": {
								"north": {"uv": [57, 109], "uv_size": [1, 1]},
								"east": {"uv": [109, 57], "uv_size": [1, 1]},
								"south": {"uv": [58, 109], "uv_size": [1, 1]},
								"west": {"uv": [59, 109], "uv_size": [1, 1]},
								"up": {"uv": [109, 59], "uv_size": [1, 1]},
								"down": {"uv": [60, 110], "uv_size": [1, -1]}
							}
						},
						{
							"origin": [-3.01, 11.85, 38.02],
							"size": [4.02, 12.95, 0.875],
							"pivot": [0, 8, 1],
							"rotation": [-5, 0, 0],
							"uv": {
								"north": {"uv": [60, 70], "uv_size": [4, 13]},
								"east": {"uv": [65, 91], "uv_size": [1, 13]},
								"south": {"uv": [64, 70], "uv_size": [4, 13]},
								"west": {"uv": [66, 91], "uv_size": [1, 13]},
								"up": {"uv": [102, 49], "uv_size": [4, 1]},
								"down": {"uv": [102, 51], "uv_size": [4, -1]}
							}
						},
						{
							"origin": [-2.885, 25.85, 35.895],
							"size": [3.77, 0.4, 2.5],
							"pivot": [0, 9.5, 0.125],
							"rotation": [-7, 0, 0],
							"uv": {
								"north": {"uv": [104, 28], "uv_size": [4, 1]},
								"east": {"uv": [105, 7], "uv_size": [3, 1]},
								"south": {"uv": [104, 67], "uv_size": [4, 1]},
								"west": {"uv": [12, 105], "uv_size": [3, 1]},
								"up": {"uv": [94, 78], "uv_size": [4, 3]},
								"down": {"uv": [94, 84], "uv_size": [4, -3]}
							}
						},
						{
							"origin": [-2.385, 25.85, 33.395],
							"size": [2.77, 0.4, 2.5],
							"pivot": [0, 9.5, 0.125],
							"rotation": [-7, 0, 0],
							"uv": {
								"north": {"uv": [105, 39], "uv_size": [3, 1]},
								"east": {"uv": [44, 105], "uv_size": [3, 1]},
								"south": {"uv": [105, 52], "uv_size": [3, 1]},
								"west": {"uv": [105, 53], "uv_size": [3, 1]},
								"up": {"uv": [95, 37], "uv_size": [3, 3]},
								"down": {"uv": [95, 57], "uv_size": [3, -3]}
							}
						},
						{
							"origin": [-1.635, 25.975, 34.145],
							"size": [1.145, 0.4, 1.145],
							"pivot": [0, 9.5, 0.125],
							"rotation": [-7, 0, 0],
							"uv": {
								"north": {"uv": [109, 5], "uv_size": [1, 1]},
								"east": {"uv": [6, 109], "uv_size": [1, 1]},
								"south": {"uv": [109, 6], "uv_size": [1, 1]},
								"west": {"uv": [7, 109], "uv_size": [1, 1]},
								"up": {"uv": [109, 7], "uv_size": [1, 1]},
								"down": {"uv": [8, 110], "uv_size": [1, -1]}
							}
						}
					]
				},
				{
					"name": "Sight",
					"parent": "Metal",
					"pivot": [0, 10.25, -14.5],
					"cubes": [
						{
							"origin": [-2.1, 25.5, -38.249],
							"size": [2.25, 1.25, 8.125],
							"uv": {
								"north": {"uv": [106, 1], "uv_size": [2, 1]},
								"east": {"uv": [96, 70], "uv_size": [8, 1]},
								"south": {"uv": [106, 2], "uv_size": [2, 1]},
								"west": {"uv": [96, 88], "uv_size": [8, 1]},
								"up": {"uv": [80, 88], "uv_size": [2, 8]},
								"down": {"uv": [40, 97], "uv_size": [2, -8]}
							}
						},
						{
							"origin": [-2.1, 26.75, -37.499],
							"size": [0.75, 0.5, 0.75],
							"uv": {
								"north": {"uv": [109, 8], "uv_size": [1, 1]},
								"east": {"uv": [9, 109], "uv_size": [1, 1]},
								"south": {"uv": [109, 9], "uv_size": [1, 1]},
								"west": {"uv": [10, 109], "uv_size": [1, 1]},
								"up": {"uv": [109, 10], "uv_size": [1, 1]},
								"down": {"uv": [11, 110], "uv_size": [1, -1]}
							}
						},
						{
							"origin": [-1.85, 26.825, -36.749],
							"size": [0.625, 0.3, 6.125],
							"uv": {
								"north": {"uv": [109, 18], "uv_size": [1, 1]},
								"east": {"uv": [100, 21], "uv_size": [6, 1]},
								"south": {"uv": [19, 109], "uv_size": [1, 1]},
								"west": {"uv": [100, 22], "uv_size": [6, 1]},
								"up": {"uv": [20, 100], "uv_size": [1, 6]},
								"down": {"uv": [21, 106], "uv_size": [1, -6]}
							}
						},
						{
							"origin": [-2.225, 26.825, -30.624],
							"size": [2.5, 0.3, 0.5],
							"uv": {
								"north": {"uv": [105, 54], "uv_size": [3, 1]},
								"east": {"uv": [109, 20], "uv_size": [1, 1]},
								"south": {"uv": [105, 55], "uv_size": [3, 1]},
								"west": {"uv": [21, 109], "uv_size": [1, 1]},
								"up": {"uv": [56, 105], "uv_size": [3, 1]},
								"down": {"uv": [105, 57], "uv_size": [3, -1]}
							}
						},
						{
							"origin": [-2.225, 26.825, -31.124],
							"size": [0.375, 0.3, 0.5],
							"uv": {
								"north": {"uv": [109, 21], "uv_size": [1, 1]},
								"east": {"uv": [22, 109], "uv_size": [1, 1]},
								"south": {"uv": [109, 22], "uv_size": [1, 1]},
								"west": {"uv": [23, 109], "uv_size": [1, 1]},
								"up": {"uv": [109, 23], "uv_size": [1, 1]},
								"down": {"uv": [24, 110], "uv_size": [1, -1]}
							}
						},
						{
							"origin": [-0.1, 26.825, -31.124],
							"size": [0.375, 0.3, 0.5],
							"uv": {
								"north": {"uv": [47, 109], "uv_size": [1, 1]},
								"east": {"uv": [109, 47], "uv_size": [1, 1]},
								"south": {"uv": [48, 109], "uv_size": [1, 1]},
								"west": {"uv": [109, 48], "uv_size": [1, 1]},
								"up": {"uv": [49, 109], "uv_size": [1, 1]},
								"down": {"uv": [109, 50], "uv_size": [1, -1]}
							}
						},
						{
							"origin": [-2.225, 27.125, -31.124],
							"size": [0.5, 0.125, 1],
							"uv": {
								"north": {"uv": [109, 24], "uv_size": [1, 1]},
								"east": {"uv": [25, 109], "uv_size": [1, 1]},
								"south": {"uv": [109, 25], "uv_size": [1, 1]},
								"west": {"uv": [26, 109], "uv_size": [1, 1]},
								"up": {"uv": [109, 26], "uv_size": [1, 1]},
								"down": {"uv": [27, 110], "uv_size": [1, -1]}
							}
						},
						{
							"origin": [-0.225, 27.125, -31.124],
							"size": [0.5, 0.125, 1],
							"uv": {
								"north": {"uv": [109, 27], "uv_size": [1, 1]},
								"east": {"uv": [28, 109], "uv_size": [1, 1]},
								"south": {"uv": [109, 28], "uv_size": [1, 1]},
								"west": {"uv": [29, 109], "uv_size": [1, 1]},
								"up": {"uv": [109, 29], "uv_size": [1, 1]},
								"down": {"uv": [30, 110], "uv_size": [1, -1]}
							}
						},
						{
							"origin": [-0.725, 29.15, -28.185],
							"size": [0.625, 0.25, 0.375],
							"pivot": [0, 10.5, -14.5],
							"rotation": [7.5, 0, 0],
							"uv": {
								"north": {"uv": [109, 30], "uv_size": [1, 1]},
								"east": {"uv": [31, 109], "uv_size": [1, 1]},
								"south": {"uv": [32, 109], "uv_size": [1, 1]},
								"west": {"uv": [33, 109], "uv_size": [1, 1]},
								"up": {"uv": [34, 109], "uv_size": [1, 1]},
								"down": {"uv": [109, 35], "uv_size": [1, -1]}
							}
						},
						{
							"origin": [-1.85, 29.15, -28.185],
							"size": [0.625, 0.25, 0.375],
							"pivot": [0, 10.5, -14.5],
							"rotation": [7.5, 0, 0],
							"uv": {
								"north": {"uv": [35, 109], "uv_size": [1, 1]},
								"east": {"uv": [109, 35], "uv_size": [1, 1]},
								"south": {"uv": [36, 109], "uv_size": [1, 1]},
								"west": {"uv": [109, 36], "uv_size": [1, 1]},
								"up": {"uv": [37, 109], "uv_size": [1, 1]},
								"down": {"uv": [109, 38], "uv_size": [1, -1]}
							}
						},
						{
							"origin": [-1.725, 27.125, -30.499],
							"size": [1.5, 0.125, 0.375],
							"uv": {
								"north": {"uv": [107, 43], "uv_size": [2, 1]},
								"east": {"uv": [38, 109], "uv_size": [1, 1]},
								"south": {"uv": [107, 44], "uv_size": [2, 1]},
								"west": {"uv": [109, 38], "uv_size": [1, 1]},
								"up": {"uv": [45, 107], "uv_size": [2, 1]},
								"down": {"uv": [47, 108], "uv_size": [2, -1]}
							}
						},
						{
							"origin": [-0.725, 26.825, -36.749],
							"size": [0.625, 0.3, 6.125],
							"uv": {
								"north": {"uv": [109, 19], "uv_size": [1, 1]},
								"east": {"uv": [100, 35], "uv_size": [6, 1]},
								"south": {"uv": [20, 109], "uv_size": [1, 1]},
								"west": {"uv": [100, 36], "uv_size": [6, 1]},
								"up": {"uv": [67, 100], "uv_size": [1, 6]},
								"down": {"uv": [68, 106], "uv_size": [1, -6]}
							}
						},
						{
							"origin": [-0.6, 26.75, -37.499],
							"size": [0.75, 0.5, 0.75],
							"uv": {
								"north": {"uv": [109, 12], "uv_size": [1, 1]},
								"east": {"uv": [13, 109], "uv_size": [1, 1]},
								"south": {"uv": [109, 13], "uv_size": [1, 1]},
								"west": {"uv": [14, 109], "uv_size": [1, 1]},
								"up": {"uv": [109, 14], "uv_size": [1, 1]},
								"down": {"uv": [15, 110], "uv_size": [1, -1]}
							}
						},
						{
							"origin": [-0.075, 30.75, -32.749],
							"size": [0.2, 0.5, 1.5],
							"pivot": [0, 10.5, -14.5],
							"rotation": [12.5, 0, 0],
							"uv": {
								"north": {"uv": [39, 109], "uv_size": [1, 1]},
								"east": {"uv": [107, 47], "uv_size": [2, 1]},
								"south": {"uv": [109, 39], "uv_size": [1, 1]},
								"west": {"uv": [49, 107], "uv_size": [2, 1]},
								"up": {"uv": [43, 107], "uv_size": [1, 2]},
								"down": {"uv": [107, 51], "uv_size": [1, -2]}
							}
						},
						{
							"origin": [-0.075, 30.75, -28.624],
							"size": [0.2, 0.5, 1.5],
							"pivot": [0, 10.5, -10.375],
							"rotation": [12.5, 0, 0],
							"uv": {
								"north": {"uv": [40, 109], "uv_size": [1, 1]},
								"east": {"uv": [53, 107], "uv_size": [2, 1]},
								"south": {"uv": [109, 40], "uv_size": [1, 1]},
								"west": {"uv": [57, 107], "uv_size": [2, 1]},
								"up": {"uv": [55, 107], "uv_size": [1, 2]},
								"down": {"uv": [59, 109], "uv_size": [1, -2]}
							}
						},
						{
							"origin": [-0.075, 30.75, -31.499],
							"size": [0.2, 0.5, 1.5],
							"pivot": [0, 10.5, -13.25],
							"rotation": [12.5, 0, 0],
							"uv": {
								"north": {"uv": [41, 109], "uv_size": [1, 1]},
								"east": {"uv": [107, 57], "uv_size": [2, 1]},
								"south": {"uv": [109, 41], "uv_size": [1, 1]},
								"west": {"uv": [60, 107], "uv_size": [2, 1]},
								"up": {"uv": [62, 107], "uv_size": [1, 2]},
								"down": {"uv": [63, 109], "uv_size": [1, -2]}
							}
						},
						{
							"origin": [-0.075, 30.75, -30.124],
							"size": [0.2, 0.5, 1.5],
							"pivot": [0, 10.5, -11.875],
							"rotation": [12.5, 0, 0],
							"uv": {
								"north": {"uv": [42, 109], "uv_size": [1, 1]},
								"east": {"uv": [107, 63], "uv_size": [2, 1]},
								"south": {"uv": [109, 42], "uv_size": [1, 1]},
								"west": {"uv": [64, 107], "uv_size": [2, 1]},
								"up": {"uv": [66, 107], "uv_size": [1, 2]},
								"down": {"uv": [67, 109], "uv_size": [1, -2]}
							}
						},
						{
							"origin": [-2.075, 30.75, -28.624],
							"size": [0.2, 0.5, 1.5],
							"pivot": [-2, 10.5, -10.375],
							"rotation": [12.5, 0, 0],
							"uv": {
								"north": {"uv": [46, 109], "uv_size": [1, 1]},
								"east": {"uv": [107, 80], "uv_size": [2, 1]},
								"south": {"uv": [109, 46], "uv_size": [1, 1]},
								"west": {"uv": [81, 107], "uv_size": [2, 1]},
								"up": {"uv": [107, 81], "uv_size": [1, 2]},
								"down": {"uv": [83, 109], "uv_size": [1, -2]}
							}
						},
						{
							"origin": [-2.075, 30.75, -30.124],
							"size": [0.2, 0.5, 1.5],
							"pivot": [-2, 10.5, -11.875],
							"rotation": [12.5, 0, 0],
							"uv": {
								"north": {"uv": [45, 109], "uv_size": [1, 1]},
								"east": {"uv": [107, 77], "uv_size": [2, 1]},
								"south": {"uv": [109, 45], "uv_size": [1, 1]},
								"west": {"uv": [78, 107], "uv_size": [2, 1]},
								"up": {"uv": [107, 78], "uv_size": [1, 2]},
								"down": {"uv": [80, 109], "uv_size": [1, -2]}
							}
						},
						{
							"origin": [-2.075, 30.75, -31.499],
							"size": [0.2, 0.5, 1.5],
							"pivot": [-2, 10.5, -13.25],
							"rotation": [12.5, 0, 0],
							"uv": {
								"north": {"uv": [44, 109], "uv_size": [1, 1]},
								"east": {"uv": [107, 71], "uv_size": [2, 1]},
								"south": {"uv": [109, 44], "uv_size": [1, 1]},
								"west": {"uv": [107, 72], "uv_size": [2, 1]},
								"up": {"uv": [107, 73], "uv_size": [1, 2]},
								"down": {"uv": [74, 109], "uv_size": [1, -2]}
							}
						},
						{
							"origin": [-2.075, 30.75, -32.749],
							"size": [0.2, 0.5, 1.5],
							"pivot": [-2, 10.5, -14.5],
							"rotation": [12.5, 0, 0],
							"uv": {
								"north": {"uv": [43, 109], "uv_size": [1, 1]},
								"east": {"uv": [68, 107], "uv_size": [2, 1]},
								"south": {"uv": [109, 43], "uv_size": [1, 1]},
								"west": {"uv": [107, 68], "uv_size": [2, 1]},
								"up": {"uv": [107, 69], "uv_size": [1, 2]},
								"down": {"uv": [70, 109], "uv_size": [1, -2]}
							}
						},
						{
							"origin": [-1.35, 26.75, -37.499],
							"size": [0.75, 0.4, 0.75],
							"uv": {
								"north": {"uv": [109, 15], "uv_size": [1, 1]},
								"east": {"uv": [16, 109], "uv_size": [1, 1]},
								"south": {"uv": [109, 16], "uv_size": [1, 1]},
								"west": {"uv": [17, 109], "uv_size": [1, 1]},
								"up": {"uv": [109, 17], "uv_size": [1, 1]},
								"down": {"uv": [18, 110], "uv_size": [1, -1]}
							}
						},
						{
							"origin": [-2.175, 26.875, -37.249],
							"size": [2.375, 0.25, 0.25],
							"uv": {
								"north": {"uv": [107, 30], "uv_size": [2, 1]},
								"east": {"uv": [109, 11], "uv_size": [1, 1]},
								"south": {"uv": [107, 34], "uv_size": [2, 1]},
								"west": {"uv": [12, 109], "uv_size": [1, 1]},
								"up": {"uv": [107, 40], "uv_size": [2, 1]},
								"down": {"uv": [41, 108], "uv_size": [2, -1]}
							}
						}
					]
				},
				{
					"name": "TriggerMag",
					"parent": "Metal",
					"pivot": [0, 0, 11.875],
					"cubes": [
						{
							"origin": [-2.1, 15.375, 19.3],
							"size": [2.2, 0.875, 2.125],
							"pivot": [0, -0.5, 8.875],
							"rotation": [47.5, 0, 0],
							"uv": {
								"north": {"uv": [106, 62], "uv_size": [2, 1]},
								"east": {"uv": [63, 106], "uv_size": [2, 1]},
								"south": {"uv": [65, 106], "uv_size": [2, 1]},
								"west": {"uv": [106, 66], "uv_size": [2, 1]},
								"up": {"uv": [102, 103], "uv_size": [2, 2]},
								"down": {"uv": [104, 3], "uv_size": [2, -2]}
							}
						},
						{
							"origin": [-2, -1.25, 34.425],
							"size": [1.5, 0.7, 3],
							"pivot": [0, -2.5, 11.875],
							"rotation": [110, 0, 0],
							"uv": {
								"north": {"uv": [79, 68], "uv_size": [2, 1]},
								"east": {"uv": [76, 61], "uv_size": [3, 1]},
								"south": {"uv": [6, 105], "uv_size": [2, 1]},
								"west": {"uv": [104, 70], "uv_size": [3, 1]},
								"up": {"uv": [26, 99], "uv_size": [2, 3]},
								"down": {"uv": [36, 102], "uv_size": [2, -3]}
							}
						},
						{
							"origin": [-2, 10.75, 28.55],
							"size": [1.5, 0.7, 1.75],
							"pivot": [0, -2.5, 11.875],
							"rotation": [77.5, 0, 0],
							"uv": {
								"north": {"uv": [106, 59], "uv_size": [2, 1]},
								"east": {"uv": [106, 60], "uv_size": [2, 1]},
								"south": {"uv": [61, 106], "uv_size": [2, 1]},
								"west": {"uv": [106, 61], "uv_size": [2, 1]},
								"up": {"uv": [103, 96], "uv_size": [2, 2]},
								"down": {"uv": [100, 105], "uv_size": [2, -2]}
							}
						},
						{
							"origin": [-2.025, 0.5, 16.775],
							"size": [2.05, 16, 1],
							"pivot": [0, -0.5, -3.125],
							"rotation": [90, 0, 0],
							"uv": {
								"north": {"uv": [20, 79], "uv_size": [2, 16]},
								"east": {"uv": [78, 88], "uv_size": [1, 16]},
								"south": {"uv": [28, 81], "uv_size": [2, 16]},
								"west": {"uv": [79, 88], "uv_size": [1, 16]},
								"up": {"uv": [18, 105], "uv_size": [2, 1]},
								"down": {"uv": [26, 106], "uv_size": [2, -1]}
							}
						},
						{
							"origin": [-2.025, -7.25, 16.775],
							"size": [2.05, 5.875, 1],
							"pivot": [0, -0.5, -3.125],
							"rotation": [90, 0, 0],
							"uv": {
								"north": {"uv": [92, 84], "uv_size": [2, 6]},
								"east": {"uv": [38, 99], "uv_size": [1, 6]},
								"south": {"uv": [92, 90], "uv_size": [2, 6]},
								"west": {"uv": [39, 99], "uv_size": [1, 6]},
								"up": {"uv": [106, 3], "uv_size": [2, 1]},
								"down": {"uv": [4, 107], "uv_size": [2, -1]}
							}
						},
						{
							"origin": [-2.148, 16.875, -8.624],
							"size": [2.298, 3.125, 6],
							"uv": {
								"north": {"uv": [48, 99], "uv_size": [2, 3]},
								"east": {"uv": [88, 51], "uv_size": [6, 3]},
								"south": {"uv": [50, 99], "uv_size": [2, 3]},
								"west": {"uv": [88, 78], "uv_size": [6, 3]},
								"up": {"uv": [36, 93], "uv_size": [2, 6]},
								"down": {"uv": [38, 99], "uv_size": [2, -6]}
							}
						},
						{
							"origin": [-2.15, 17.625, -14.124],
							"size": [2.3, 2.375, 5.5],
							"uv": {
								"north": {"uv": [90, 102], "uv_size": [2, 2]},
								"east": {"uv": [91, 64], "uv_size": [6, 2]},
								"south": {"uv": [102, 91], "uv_size": [2, 2]},
								"west": {"uv": [92, 71], "uv_size": [6, 2]},
								"up": {"uv": [48, 93], "uv_size": [2, 6]},
								"down": {"uv": [50, 99], "uv_size": [2, -6]}
							}
						},
						{
							"origin": [-2.15, 18.375, -16.249],
							"size": [2.3, 1.625, 2.125],
							"uv": {
								"north": {"uv": [96, 102], "uv_size": [2, 2]},
								"east": {"uv": [98, 102], "uv_size": [2, 2]},
								"south": {"uv": [102, 99], "uv_size": [2, 2]},
								"west": {"uv": [102, 101], "uv_size": [2, 2]},
								"up": {"uv": [0, 103], "uv_size": [2, 2]},
								"down": {"uv": [2, 105], "uv_size": [2, -2]}
							}
						},
						{
							"origin": [-2.1825, 37.325, 22.4],
							"size": [2.35, 1, 13.35],
							"pivot": [0, 26.375, 10.475],
							"rotation": [173, 0, 0],
							"uv": {
								"north": {"uv": [30, 106], "uv_size": [2, 1]},
								"east": {"uv": [90, 77], "uv_size": [13, 1]},
								"south": {"uv": [35, 106], "uv_size": [2, 1]},
								"west": {"uv": [91, 18], "uv_size": [13, 1]},
								"up": {"uv": [30, 81], "uv_size": [2, 13]},
								"down": {"uv": [82, 91], "uv_size": [2, -13]}
							}
						},
						{
							"origin": [-2.1825, 35.84, 17.65],
							"size": [2.35, 1, 5.475],
							"pivot": [0, 26, 10.475],
							"rotation": [176.5, 0, 0],
							"uv": {
								"north": {"uv": [57, 106], "uv_size": [2, 1]},
								"east": {"uv": [101, 59], "uv_size": [5, 1]},
								"south": {"uv": [59, 106], "uv_size": [2, 1]},
								"west": {"uv": [101, 60], "uv_size": [5, 1]},
								"up": {"uv": [2, 95], "uv_size": [2, 5]},
								"down": {"uv": [12, 100], "uv_size": [2, -5]}
							}
						},
						{
							"origin": [-2.165, 8.525, 24.45],
							"size": [2.34, 1, 4.625],
							"pivot": [0, 3, 2.1],
							"rotation": [125, 0, 0],
							"uv": {
								"north": {"uv": [106, 5], "uv_size": [2, 1]},
								"east": {"uv": [100, 68], "uv_size": [5, 1]},
								"south": {"uv": [13, 106], "uv_size": [2, 1]},
								"west": {"uv": [69, 100], "uv_size": [5, 1]},
								"up": {"uv": [82, 94], "uv_size": [2, 5]},
								"down": {"uv": [84, 99], "uv_size": [2, -5]}
							}
						},
						{
							"origin": [-2.15, 14.625, 28.475],
							"size": [2.3, 1, 2],
							"pivot": [0, 3.625, 12.475],
							"rotation": [102.5, 0, 0],
							"uv": {
								"north": {"uv": [106, 14], "uv_size": [2, 1]},
								"east": {"uv": [106, 15], "uv_size": [2, 1]},
								"south": {"uv": [16, 106], "uv_size": [2, 1]},
								"west": {"uv": [106, 17], "uv_size": [2, 1]},
								"up": {"uv": [52, 102], "uv_size": [2, 2]},
								"down": {"uv": [82, 104], "uv_size": [2, -2]}
							}
						},
						{
							"origin": [-2.15, 29.925, 34.275],
							"size": [2.3, 1, 1.6],
							"pivot": [0, 18.625, 18.475],
							"rotation": [150, 0, 0],
							"uv": {
								"north": {"uv": [18, 106], "uv_size": [2, 1]},
								"east": {"uv": [106, 18], "uv_size": [2, 1]},
								"south": {"uv": [106, 19], "uv_size": [2, 1]},
								"west": {"uv": [20, 106], "uv_size": [2, 1]},
								"up": {"uv": [84, 102], "uv_size": [2, 2]},
								"down": {"uv": [86, 104], "uv_size": [2, -2]}
							}
						},
						{
							"origin": [-2.15, 45.475, 29.65],
							"size": [2.3, 1, 1.725],
							"pivot": [0, 34.375, 13.475],
							"rotation": [-154, 0, 0],
							"uv": {
								"north": {"uv": [106, 21], "uv_size": [2, 1]},
								"east": {"uv": [106, 22], "uv_size": [2, 1]},
								"south": {"uv": [106, 24], "uv_size": [2, 1]},
								"west": {"uv": [106, 25], "uv_size": [2, 1]},
								"up": {"uv": [88, 102], "uv_size": [2, 2]},
								"down": {"uv": [102, 91], "uv_size": [2, -2]}
							}
						},
						{
							"origin": [-2.15, 6.25, 24.626],
							"size": [2.3, 1, 5.25],
							"pivot": [0, 0.25, 8.875],
							"rotation": [85, 0, 0],
							"uv": {
								"north": {"uv": [26, 106], "uv_size": [2, 1]},
								"east": {"uv": [100, 69], "uv_size": [5, 1]},
								"south": {"uv": [106, 26], "uv_size": [2, 1]},
								"west": {"uv": [100, 84], "uv_size": [5, 1]},
								"up": {"uv": [94, 84], "uv_size": [2, 5]},
								"down": {"uv": [86, 99], "uv_size": [2, -5]}
							}
						},
						{
							"origin": [-2.15, 10.625, 27.876],
							"size": [2.3, 1, 3],
							"pivot": [0, -0.375, 8.875],
							"rotation": [90, 0, 0],
							"uv": {
								"north": {"uv": [106, 27], "uv_size": [2, 1]},
								"east": {"uv": [104, 89], "uv_size": [3, 1]},
								"south": {"uv": [28, 106], "uv_size": [2, 1]},
								"west": {"uv": [104, 90], "uv_size": [3, 1]},
								"up": {"uv": [82, 99], "uv_size": [2, 3]},
								"down": {"uv": [84, 102], "uv_size": [2, -3]}
							}
						}
					]
				},
				{
					"name": "Bolt",
					"parent": "gun",
					"pivot": [-1, 25.8, -6.0375]
				},
				{
					"name": "Bolt1",
					"parent": "Bolt",
					"pivot": [-1, 25.8, -8.475],
					"cubes": [
						{
							"origin": [-2, 24.8, -11.875],
							"size": [2, 2, 9.925],
							"uv": {
								"north": {"uv": [35, 104], "uv_size": [2, 2]},
								"east": {"uv": [85, 73], "uv_size": [10, 2]},
								"south": {"uv": [104, 41], "uv_size": [2, 2]},
								"west": {"uv": [88, 0], "uv_size": [10, 2]},
								"up": {"uv": [8, 88], "uv_size": [2, 10]},
								"down": {"uv": [10, 98], "uv_size": [2, -10]}
							}
						},
						{
							"origin": [-2, 24.8, -13.875],
							"size": [2, 2, 1.425],
							"uv": {
								"north": {"uv": [78, 104], "uv_size": [2, 2]},
								"east": {"uv": [27, 107], "uv_size": [1, 2]},
								"south": {"uv": [82, 104], "uv_size": [2, 2]},
								"west": {"uv": [28, 107], "uv_size": [1, 2]},
								"up": {"uv": [29, 107], "uv_size": [2, 1]},
								"down": {"uv": [107, 30], "uv_size": [2, -1]}
							}
						},
						{
							"origin": [-2.75, 25.05, -11.75],
							"size": [0.75, 1.5, 7.8],
							"uv": {
								"north": {"uv": [75, 106], "uv_size": [1, 2]},
								"east": {"uv": [89, 14], "uv_size": [8, 2]},
								"south": {"uv": [5, 107], "uv_size": [1, 2]},
								"west": {"uv": [64, 89], "uv_size": [8, 2]},
								"up": {"uv": [54, 98], "uv_size": [1, 8]},
								"down": {"uv": [55, 106], "uv_size": [1, -8]}
							}
						},
						{
							"origin": [-2.75, 25.05, -12.625],
							"size": [0.5, 1.5, 0.925],
							"uv": {
								"north": {"uv": [36, 107], "uv_size": [1, 2]},
								"east": {"uv": [37, 107], "uv_size": [1, 2]},
								"south": {"uv": [107, 37], "uv_size": [1, 2]},
								"west": {"uv": [40, 107], "uv_size": [1, 2]},
								"up": {"uv": [109, 4], "uv_size": [1, 1]},
								"down": {"uv": [5, 110], "uv_size": [1, -1]}
							}
						},
						{
							"origin": [-2.75, 25.05, -13.625],
							"size": [0.75, 1.5, 1.05],
							"uv": {
								"north": {"uv": [31, 107], "uv_size": [1, 2]},
								"east": {"uv": [32, 107], "uv_size": [1, 2]},
								"south": {"uv": [34, 107], "uv_size": [1, 2]},
								"west": {"uv": [35, 107], "uv_size": [1, 2]},
								"up": {"uv": [109, 3], "uv_size": [1, 1]},
								"down": {"uv": [4, 110], "uv_size": [1, -1]}
							}
						},
						{
							"origin": [-3, 25.05, -8.625],
							"size": [0.25, 1.5, 4.675],
							"uv": {
								"north": {"uv": [107, 8], "uv_size": [1, 2]},
								"east": {"uv": [95, 21], "uv_size": [5, 2]},
								"south": {"uv": [13, 107], "uv_size": [1, 2]},
								"west": {"uv": [95, 35], "uv_size": [5, 2]},
								"up": {"uv": [70, 101], "uv_size": [1, 5]},
								"down": {"uv": [71, 106], "uv_size": [1, -5]}
							}
						},
						{
							"origin": [-5.625, 25.425, -6.1875],
							"size": [2.625, 0.875, 0.875],
							"uv": {
								"north": {"uv": [104, 92], "uv_size": [3, 1]},
								"east": {"uv": [107, 108], "uv_size": [1, 1]},
								"south": {"uv": [0, 105], "uv_size": [3, 1]},
								"west": {"uv": [108, 107], "uv_size": [1, 1]},
								"up": {"uv": [105, 4], "uv_size": [3, 1]},
								"down": {"uv": [105, 7], "uv_size": [3, -1]}
							}
						},
						{
							"origin": [-7, 24.9875, -6.625],
							"size": [1.75, 1.75, 1.75],
							"uv": {
								"north": {"uv": [42, 104], "uv_size": [2, 2]},
								"east": {"uv": [104, 43], "uv_size": [2, 2]},
								"south": {"uv": [104, 45], "uv_size": [2, 2]},
								"west": {"uv": [47, 104], "uv_size": [2, 2]},
								"up": {"uv": [49, 104], "uv_size": [2, 2]},
								"down": {"uv": [51, 106], "uv_size": [2, -2]}
							}
						},
						{
							"origin": [-3.25, 25.175, -6.375],
							"size": [0.25, 1.25, 1.25],
							"uv": {
								"north": {"uv": [108, 108], "uv_size": [1, 1]},
								"east": {"uv": [0, 109], "uv_size": [1, 1]},
								"south": {"uv": [109, 0], "uv_size": [1, 1]},
								"west": {"uv": [1, 109], "uv_size": [1, 1]},
								"up": {"uv": [109, 1], "uv_size": [1, 1]},
								"down": {"uv": [2, 110], "uv_size": [1, -1]}
							}
						}
					]
				},
				{
					"name": "Bolt2",
					"parent": "Bolt",
					"pivot": [8, 15.34, 10.35],
					"cubes": [
						{
							"origin": [8.25, 28.3, -2.135],
							"size": [1.5, 1.5, 2.842],
							"pivot": [8, 15.34, 10.35],
							"rotation": [0, 0, -45],
							"uv": {
								"north": {"uv": [4, 104], "uv_size": [2, 2]},
								"east": {"uv": [100, 6], "uv_size": [3, 2]},
								"south": {"uv": [8, 104], "uv_size": [2, 2]},
								"west": {"uv": [8, 100], "uv_size": [3, 2]},
								"up": {"uv": [90, 99], "uv_size": [2, 3]},
								"down": {"uv": [2, 103], "uv_size": [2, -3]}
							}
						},
						{
							"origin": [-1.99, 24.8, -12.5],
							"size": [1.99, 1.99, 0.675],
							"uv": {
								"north": {"uv": [65, 104], "uv_size": [2, 2]},
								"east": {"uv": [20, 107], "uv_size": [1, 2]},
								"south": {"uv": [104, 75], "uv_size": [2, 2]},
								"west": {"uv": [21, 107], "uv_size": [1, 2]},
								"up": {"uv": [107, 23], "uv_size": [2, 1]},
								"down": {"uv": [25, 108], "uv_size": [2, -1]}
							}
						},
						{
							"origin": [-1.75, 26.8, -12.5],
							"size": [1.5, 0.25, 0.675],
							"uv": {
								"north": {"uv": [14, 107], "uv_size": [2, 1]},
								"east": {"uv": [109, 2], "uv_size": [1, 1]},
								"south": {"uv": [16, 107], "uv_size": [2, 1]},
								"west": {"uv": [3, 109], "uv_size": [1, 1]},
								"up": {"uv": [107, 16], "uv_size": [2, 1]},
								"down": {"uv": [18, 108], "uv_size": [2, -1]}
							}
						}
					]
				},
				{
					"name": "Bolt3",
					"parent": "Bolt",
					"pivot": [8, 15.34, 10.35],
					"cubes": [
						{
							"origin": [9, 28.3, 1.865],
							"size": [0.75, 1, 1.925],
							"pivot": [8, 15.34, 10.35],
							"rotation": [0, 0, -45],
							"uv": {
								"north": {"uv": [92, 108], "uv_size": [1, 1]},
								"east": {"uv": [67, 106], "uv_size": [2, 1]},
								"south": {"uv": [108, 92], "uv_size": [1, 1]},
								"west": {"uv": [69, 106], "uv_size": [2, 1]},
								"up": {"uv": [71, 106], "uv_size": [1, 2]},
								"down": {"uv": [72, 108], "uv_size": [1, -2]}
							}
						},
						{
							"origin": [8.25, 28.3, 1.865],
							"size": [0.75, 1.5, 1.925],
							"pivot": [8, 15.34, 10.35],
							"rotation": [0, 0, -45],
							"uv": {
								"north": {"uv": [84, 107], "uv_size": [1, 2]},
								"east": {"uv": [84, 104], "uv_size": [2, 2]},
								"south": {"uv": [85, 107], "uv_size": [1, 2]},
								"west": {"uv": [86, 104], "uv_size": [2, 2]},
								"up": {"uv": [86, 107], "uv_size": [1, 2]},
								"down": {"uv": [107, 88], "uv_size": [1, -2]}
							}
						},
						{
							"origin": [8.125, 28.175, 4.615],
							"size": [1.75, 1.75, 0.342],
							"pivot": [8, 15.34, 10.35],
							"rotation": [0, 0, -45],
							"uv": {
								"north": {"uv": [104, 18], "uv_size": [2, 2]},
								"east": {"uv": [73, 106], "uv_size": [1, 2]},
								"south": {"uv": [30, 104], "uv_size": [2, 2]},
								"west": {"uv": [106, 73], "uv_size": [1, 2]},
								"up": {"uv": [106, 75], "uv_size": [2, 1]},
								"down": {"uv": [106, 77], "uv_size": [2, -1]}
							}
						},
						{
							"origin": [8.375, 28.425, 4.74],
							"size": [1.25, 1.25, 0.342],
							"pivot": [8, 15.34, 10.35],
							"rotation": [0, 0, -45],
							"uv": {
								"north": {"uv": [94, 108], "uv_size": [1, 1]},
								"east": {"uv": [108, 94], "uv_size": [1, 1]},
								"south": {"uv": [95, 108], "uv_size": [1, 1]},
								"west": {"uv": [108, 95], "uv_size": [1, 1]},
								"up": {"uv": [96, 108], "uv_size": [1, 1]},
								"down": {"uv": [108, 97], "uv_size": [1, -1]}
							}
						},
						{
							"origin": [8.875, 28.925, 4.99],
							"size": [0.25, 0.25, 0.145],
							"pivot": [8, 15.34, 10.35],
							"rotation": [0, 0, -45],
							"uv": {
								"north": {"uv": [104, 108], "uv_size": [1, 1]},
								"east": {"uv": [108, 104], "uv_size": [1, 1]},
								"south": {"uv": [105, 108], "uv_size": [1, 1]},
								"west": {"uv": [108, 105], "uv_size": [1, 1]},
								"up": {"uv": [106, 108], "uv_size": [1, 1]},
								"down": {"uv": [108, 107], "uv_size": [1, -1]}
							}
						},
						{
							"origin": [8.625, 28.675, 0.615],
							"size": [0.75, 0.75, 4.092],
							"pivot": [8, 15.34, 10.35],
							"rotation": [0, 0, -45],
							"uv": {
								"north": {"uv": [93, 108], "uv_size": [1, 1]},
								"east": {"uv": [103, 57], "uv_size": [4, 1]},
								"south": {"uv": [108, 93], "uv_size": [1, 1]},
								"west": {"uv": [103, 63], "uv_size": [4, 1]},
								"up": {"uv": [23, 104], "uv_size": [1, 4]},
								"down": {"uv": [24, 108], "uv_size": [1, -4]}
							}
						},
						{
							"origin": [-1.75, 25.925, 1.875],
							"size": [1.5, 1.2, 1.05],
							"uv": {
								"north": {"uv": [78, 106], "uv_size": [2, 1]},
								"east": {"uv": [97, 108], "uv_size": [1, 1]},
								"south": {"uv": [82, 106], "uv_size": [2, 1]},
								"west": {"uv": [108, 97], "uv_size": [1, 1]},
								"up": {"uv": [84, 106], "uv_size": [2, 1]},
								"down": {"uv": [106, 85], "uv_size": [2, -1]}
							}
						},
						{
							"origin": [-1.75, 25.925, 2.875],
							"size": [1.5, 0.7, 0.925],
							"uv": {
								"north": {"uv": [88, 106], "uv_size": [2, 1]},
								"east": {"uv": [98, 108], "uv_size": [1, 1]},
								"south": {"uv": [90, 106], "uv_size": [2, 1]},
								"west": {"uv": [108, 98], "uv_size": [1, 1]},
								"up": {"uv": [92, 106], "uv_size": [2, 1]},
								"down": {"uv": [106, 95], "uv_size": [2, -1]}
							}
						},
						{
							"origin": [-1.744, 26.55, 2.875],
							"size": [1.489, 0.325, 0.3],
							"uv": {
								"north": {"uv": [105, 106], "uv_size": [2, 1]},
								"east": {"uv": [100, 108], "uv_size": [1, 1]},
								"south": {"uv": [106, 105], "uv_size": [2, 1]},
								"west": {"uv": [108, 100], "uv_size": [1, 1]},
								"up": {"uv": [1, 107], "uv_size": [2, 1]},
								"down": {"uv": [3, 108], "uv_size": [2, -1]}
							}
						},
						{
							"origin": [-1.749, 22.65, -3.85],
							"size": [1.498, 0.325, 1],
							"pivot": [0, 11.25, 8],
							"rotation": [-27.5, 0, 0],
							"uv": {
								"north": {"uv": [106, 95], "uv_size": [2, 1]},
								"east": {"uv": [99, 108], "uv_size": [1, 1]},
								"south": {"uv": [100, 106], "uv_size": [2, 1]},
								"west": {"uv": [108, 99], "uv_size": [1, 1]},
								"up": {"uv": [102, 106], "uv_size": [2, 1]},
								"down": {"uv": [106, 105], "uv_size": [2, -1]}
							}
						},
						{
							"origin": [-1.75, 26.8, -1.875],
							"size": [1.5, 0.325, 3.8],
							"uv": {
								"north": {"uv": [106, 85], "uv_size": [2, 1]},
								"east": {"uv": [103, 77], "uv_size": [4, 1]},
								"south": {"uv": [86, 106], "uv_size": [2, 1]},
								"west": {"uv": [104, 20], "uv_size": [4, 1]},
								"up": {"uv": [32, 98], "uv_size": [2, 4]},
								"down": {"uv": [52, 102], "uv_size": [2, -4]}
							}
						},
						{
							"origin": [-1.05, 25.3, 5],
							"size": [0.125, 0.825, 0.1],
							"uv": {
								"north": {"uv": [101, 108], "uv_size": [1, 1]},
								"east": {"uv": [108, 101], "uv_size": [1, 1]},
								"south": {"uv": [102, 108], "uv_size": [1, 1]},
								"west": {"uv": [108, 102], "uv_size": [1, 1]},
								"up": {"uv": [103, 108], "uv_size": [1, 1]},
								"down": {"uv": [108, 104], "uv_size": [1, -1]}
							}
						}
					]
				},
				{
					"name": "bullet",
					"parent": "main",
					"pivot": [-0.15, 26.4, -25.7],
					"cubes": [
						{
							"origin": [-1.3, 20.3, -24.7],
							"size": [1, 1, 8],
							"inflate": 0.2,
							"pivot": [-0.15, 21.4, -24.7],
							"rotation": [0, 0, 45],
							"uv": {
								"north": {"uv": [108, 6], "uv_size": [1, 1]},
								"east": {"uv": [95, 57], "uv_size": [8, 1]},
								"south": {"uv": [7, 108], "uv_size": [1, 1]},
								"west": {"uv": [95, 63], "uv_size": [8, 1]},
								"up": {"uv": [92, 96], "uv_size": [1, 8]},
								"down": {"uv": [93, 104], "uv_size": [1, -8]}
							}
						}
					]
				},
				{
					"name": "bullet2",
					"parent": "main",
					"pivot": [-0.15, 26.4, -15.7],
					"cubes": [
						{
							"origin": [-1.3, 23.8, -24.7],
							"size": [1, 1, 8],
							"inflate": 0.2,
							"pivot": [-0.15, 24.9, -24.7],
							"rotation": [0, 0, 45],
							"uv": {
								"north": {"uv": [108, 6], "uv_size": [1, 1]},
								"east": {"uv": [95, 57], "uv_size": [8, 1]},
								"south": {"uv": [7, 108], "uv_size": [1, 1]},
								"west": {"uv": [95, 63], "uv_size": [8, 1]},
								"up": {"uv": [92, 96], "uv_size": [1, 8]},
								"down": {"uv": [93, 104], "uv_size": [1, -8]}
							}
						}
					]
				},
				{
					"name": "rightarm",
					"parent": "main",
					"pivot": [-4.3, 8.8, 21.8],
					"rotation": [-101.81106, -12.40003, -2.46982],
					"cubes": [
						{
							"origin": [-8.3, -8.2, 9.8],
							"size": [8, 24, 8],
							"pivot": [-1.3, -3.2, 18.8],
							"rotation": [0, 0, -22.5],
							"uv": {
								"north": {"uv": [0, 10], "uv_size": [8, 24]},
								"east": {"uv": [8, 10], "uv_size": [8, 24]},
								"south": {"uv": [16, 10], "uv_size": [8, 24]},
								"west": {"uv": [24, 10], "uv_size": [8, 24]},
								"up": {"uv": [62, 18], "uv_size": [8, 8]},
								"down": {"uv": [62, 34], "uv_size": [8, -8]}
							}
						}
					]
				},
				{
					"name": "leftarm",
					"parent": "main",
					"pivot": [10.7, 11.3, -8.6],
					"rotation": [-119.61483, 1.67666, -38.31282],
					"cubes": [
						{
							"origin": [6.7, -12.7, -12.6],
							"size": [8, 24, 8],
							"uv": {
								"north": {"uv": [32, 10], "uv_size": [8, 24]},
								"east": {"uv": [0, 34], "uv_size": [8, 24]},
								"south": {"uv": [8, 34], "uv_size": [8, 24]},
								"west": {"uv": [16, 34], "uv_size": [8, 24]},
								"up": {"uv": [56, 62], "uv_size": [8, 8]},
								"down": {"uv": [64, 70], "uv_size": [8, -8]}
							}
						}
					]
				},
				{
					"name": "muzzleflash",
					"parent": "main",
					"pivot": [-1, 24.975, -124.875],
					"cubes": [
						{
							"origin": [-1.5, 24.475, -125.05],
							"size": [1, 1, 1],
							"inflate": -0.4,
							"uv": {
								"north": {"uv": [47, 76], "uv_size": [1, 1]},
								"east": {"uv": [27, 82], "uv_size": [1, 1]},
								"south": {"uv": [55, 83], "uv_size": [1, 1]},
								"west": {"uv": [71, 84], "uv_size": [1, 1]},
								"up": {"uv": [15, 88], "uv_size": [1, 1]},
								"down": {"uv": [8, 90], "uv_size": [1, -1]}
							}
						}
					]
				},
				{
					"name": "scope",
					"parent": "main",
					"pivot": [-0.975, 27.3, 4.75],
					"cubes": [
						{
							"origin": [-1.475, 26.8, 4.25],
							"size": [1, 1, 1],
							"inflate": -0.4,
							"uv": {
								"north": {"uv": [19, 89], "uv_size": [1, 1]},
								"east": {"uv": [23, 90], "uv_size": [1, 1]},
								"south": {"uv": [91, 30], "uv_size": [1, 1]},
								"west": {"uv": [76, 103], "uv_size": [1, 1]},
								"up": {"uv": [103, 77], "uv_size": [1, 1]},
								"down": {"uv": [78, 104], "uv_size": [1, -1]}
							}
						}
					]
				},
				{
					"name": "_cb_scope2",
					"parent": "main",
					"pivot": [4.1875, 26.375, -9.0625],
					"cubes": [
						{
							"origin": [0.5, 23.9375, -10.3125],
							"size": [1, 1, 1],
							"uv": {
								"north": {"uv": [0, 0], "uv_size": [1, 1]},
								"east": {"uv": [0, 0], "uv_size": [1, 1]},
								"south": {"uv": [0, 0], "uv_size": [1, 1]},
								"west": {"uv": [0, 0], "uv_size": [1, 1]},
								"up": {"uv": [1, 1], "uv_size": [-1, -1]},
								"down": {"uv": [1, 1], "uv_size": [-1, -1]}
							}
						}
					]
				}
			]
		}
	]
}