{
	"format_version": "1.12.0",
	"minecraft:geometry": [
		{
			"description": {
				"identifier": "geometry.unknown",
				"texture_width": 128,
				"texture_height": 128,
				"visible_bounds_width": 13,
				"visible_bounds_height": 4,
				"visible_bounds_offset": [0, 1, 0]
			},
			"bones": [
				{
					"name": "main",
					"pivot": [0, 20, -10.375]
				},
				{
					"name": "gun",
					"parent": "main",
					"pivot": [1, 11, -11.375]
				},
				{
					"name": "Wood",
					"parent": "gun",
					"pivot": [0, 9, -9.375],
					"cubes": [
						{
							"origin": [0.01, 21.6, -10.23],
							"size": [0.98, 4.2, 4.125],
							"pivot": [0, 11, -11.375],
							"rotation": [-15, 0, 0],
							"uv": {
								"north": {"uv": [29, 69], "uv_size": [1, 4]},
								"east": {"uv": [53, 37], "uv_size": [4, 4]},
								"south": {"uv": [60, 70], "uv_size": [1, 4]},
								"west": {"uv": [54, 22], "uv_size": [4, 4]},
								"up": {"uv": [64, 70], "uv_size": [1, 4]},
								"down": {"uv": [6, 75], "uv_size": [1, -4]}
							}
						},
						{
							"origin": [-2.115, 21.595, -8.385],
							"size": [2.23, 4.199, 2.25],
							"pivot": [0, 11, -11.375],
							"rotation": [-15, 0, 0],
							"uv": {
								"north": {"uv": [63, 8], "uv_size": [2, 4]},
								"east": {"uv": [27, 63], "uv_size": [2, 4]},
								"south": {"uv": [38, 63], "uv_size": [2, 4]},
								"west": {"uv": [63, 41], "uv_size": [2, 4]},
								"up": {"uv": [71, 46], "uv_size": [2, 2]},
								"down": {"uv": [71, 50], "uv_size": [2, -2]}
							}
						},
						{
							"origin": [-2.98, 22, -9.605],
							"size": [3.96, 4.2, 2.6],
							"pivot": [0, 11.375, -10.375],
							"rotation": [-29, 0, 0],
							"uv": {
								"north": {"uv": [54, 50], "uv_size": [4, 4]},
								"east": {"uv": [26, 59], "uv_size": [3, 4]},
								"south": {"uv": [54, 54], "uv_size": [4, 4]},
								"west": {"uv": [0, 60], "uv_size": [3, 4]},
								"up": {"uv": [59, 26], "uv_size": [4, 3]},
								"down": {"uv": [3, 63], "uv_size": [4, -3]}
							}
						},
						{
							"origin": [-2.99, 21.6, -10.23],
							"size": [0.98, 4.2, 4.125],
							"pivot": [0, 11, -11.375],
							"rotation": [-15, 0, 0],
							"uv": {
								"north": {"uv": [8, 71], "uv_size": [1, 4]},
								"east": {"uv": [9, 55], "uv_size": [4, 4]},
								"south": {"uv": [71, 50], "uv_size": [1, 4]},
								"west": {"uv": [13, 55], "uv_size": [4, 4]},
								"up": {"uv": [54, 71], "uv_size": [1, 4]},
								"down": {"uv": [55, 75], "uv_size": [1, -4]}
							}
						},
						{
							"origin": [-2.99, 29.225, -13.48],
							"size": [3.98, 4.2, 10.25],
							"pivot": [0, 18.625, -14.5],
							"rotation": [-70, 0, 0],
							"uv": {
								"north": {"uv": [55, 0], "uv_size": [4, 4]},
								"east": {"uv": [42, 0], "uv_size": [10, 4]},
								"south": {"uv": [55, 4], "uv_size": [4, 4]},
								"west": {"uv": [42, 4], "uv_size": [10, 4]},
								"up": {"uv": [42, 8], "uv_size": [4, 10]},
								"down": {"uv": [44, 28], "uv_size": [4, -10]}
							}
						},
						{
							"origin": [-3, 32.475, -8.98],
							"size": [4, 3.95, 1.5],
							"pivot": [0, 18.625, -14.5],
							"rotation": [-90, 0, 0],
							"uv": {
								"north": {"uv": [22, 55], "uv_size": [4, 4]},
								"east": {"uv": [62, 63], "uv_size": [2, 4]},
								"south": {"uv": [26, 55], "uv_size": [4, 4]},
								"west": {"uv": [0, 64], "uv_size": [2, 4]},
								"up": {"uv": [63, 18], "uv_size": [4, 2]},
								"down": {"uv": [63, 28], "uv_size": [4, -2]}
							}
						},
						{
							"origin": [-3.01, 20.225, -11.175],
							"size": [4.02, 2.55, 5.25],
							"pivot": [0, 8, -9.375],
							"rotation": [-18.2, 0, 0],
							"uv": {
								"north": {"uv": [59, 18], "uv_size": [4, 3]},
								"east": {"uv": [54, 26], "uv_size": [5, 3]},
								"south": {"uv": [22, 59], "uv_size": [4, 3]},
								"west": {"uv": [30, 55], "uv_size": [5, 3]},
								"up": {"uv": [0, 53], "uv_size": [4, 5]},
								"down": {"uv": [4, 58], "uv_size": [4, -5]}
							}
						},
						{
							"origin": [-3, 20.6, -8.855],
							"size": [4, 4.675, 2.375],
							"pivot": [0, 11, -11.375],
							"rotation": [-7.5, 0, 0],
							"uv": {
								"north": {"uv": [50, 23], "uv_size": [4, 5]},
								"east": {"uv": [61, 0], "uv_size": [2, 5]},
								"south": {"uv": [52, 41], "uv_size": [4, 5]},
								"west": {"uv": [19, 61], "uv_size": [2, 5]},
								"up": {"uv": [61, 58], "uv_size": [4, 2]},
								"down": {"uv": [62, 53], "uv_size": [4, -2]}
							}
						}
					]
				},
				{
					"name": "bone",
					"parent": "Wood",
					"pivot": [-10.7811, 14.5964, -21.8759],
					"rotation": [1, 0, 0]
				},
				{
					"name": "Metal",
					"parent": "gun",
					"pivot": [0, 8, -9.375],
					"cubes": [
						{
							"origin": [-3, 23.625, -31.375],
							"size": [3, 2.375, 7.125],
							"uv": {
								"north": {"uv": [9, 53], "uv_size": [3, 2]},
								"east": {"uv": [56, 41], "uv_size": [7, 2]},
								"south": {"uv": [65, 16], "uv_size": [3, 2]},
								"west": {"uv": [56, 43], "uv_size": [7, 2]},
								"up": {"uv": [49, 41], "uv_size": [3, 7]},
								"down": {"uv": [49, 55], "uv_size": [3, -7]}
							}
						},
						{
							"origin": [0, 23.625, -31.375],
							"size": [1, 2.375, 7.125],
							"uv": {
								"north": {"uv": [24, 72], "uv_size": [1, 2]},
								"east": {"uv": [57, 37], "uv_size": [7, 2]},
								"south": {"uv": [72, 26], "uv_size": [1, 2]},
								"west": {"uv": [57, 39], "uv_size": [7, 2]},
								"up": {"uv": [11, 65], "uv_size": [1, 7]},
								"down": {"uv": [12, 72], "uv_size": [1, -7]}
							}
						},
						{
							"origin": [-3, 23.625, -24.25],
							"size": [4, 1.375, 11.75],
							"uv": {
								"north": {"uv": [71, 5], "uv_size": [4, 1]},
								"east": {"uv": [59, 21], "uv_size": [12, 1]},
								"south": {"uv": [71, 15], "uv_size": [4, 1]},
								"west": {"uv": [52, 60], "uv_size": [12, 1]},
								"up": {"uv": [40, 24], "uv_size": [4, 12]},
								"down": {"uv": [40, 48], "uv_size": [4, -12]}
							}
						},
						{
							"origin": [0, 25, -14.125],
							"size": [1, 1.25, 1.7],
							"uv": {
								"north": {"uv": [74, 41], "uv_size": [1, 1]},
								"east": {"uv": [14, 72], "uv_size": [2, 1]},
								"south": {"uv": [42, 74], "uv_size": [1, 1]},
								"west": {"uv": [72, 14], "uv_size": [2, 1]},
								"up": {"uv": [35, 55], "uv_size": [1, 2]},
								"down": {"uv": [7, 74], "uv_size": [1, -2]}
							}
						},
						{
							"origin": [0, 24.875, -12.5],
							"size": [1, 0.625, 5.325],
							"uv": {
								"north": {"uv": [13, 75], "uv_size": [1, 1]},
								"east": {"uv": [67, 41], "uv_size": [5, 1]},
								"south": {"uv": [75, 13], "uv_size": [1, 1]},
								"west": {"uv": [67, 42], "uv_size": [5, 1]},
								"up": {"uv": [38, 67], "uv_size": [1, 5]},
								"down": {"uv": [39, 72], "uv_size": [1, -5]}
							}
						},
						{
							"origin": [-3, 24.875, -12.5],
							"size": [1, 0.625, 5.325],
							"uv": {
								"north": {"uv": [14, 75], "uv_size": [1, 1]},
								"east": {"uv": [67, 43], "uv_size": [5, 1]},
								"south": {"uv": [15, 75], "uv_size": [1, 1]},
								"west": {"uv": [67, 63], "uv_size": [5, 1]},
								"up": {"uv": [48, 67], "uv_size": [1, 5]},
								"down": {"uv": [49, 72], "uv_size": [1, -5]}
							}
						},
						{
							"origin": [-2.99, 22.25, -16.125],
							"size": [0.98, 0.53, 1.075],
							"pivot": [-3, 11, -7.625],
							"rotation": [-37.5, 0, 0],
							"uv": {
								"north": {"uv": [75, 43], "uv_size": [1, 1]},
								"east": {"uv": [44, 75], "uv_size": [1, 1]},
								"south": {"uv": [75, 44], "uv_size": [1, 1]},
								"west": {"uv": [45, 75], "uv_size": [1, 1]},
								"up": {"uv": [75, 45], "uv_size": [1, 1]},
								"down": {"uv": [46, 76], "uv_size": [1, -1]}
							}
						},
						{
							"origin": [0.01, 22.25, -16.125],
							"size": [0.98, 0.53, 1.075],
							"pivot": [0, 11, -7.625],
							"rotation": [-37.5, 0, 0],
							"uv": {
								"north": {"uv": [75, 40], "uv_size": [1, 1]},
								"east": {"uv": [41, 75], "uv_size": [1, 1]},
								"south": {"uv": [75, 41], "uv_size": [1, 1]},
								"west": {"uv": [42, 75], "uv_size": [1, 1]},
								"up": {"uv": [75, 42], "uv_size": [1, 1]},
								"down": {"uv": [43, 76], "uv_size": [1, -1]}
							}
						},
						{
							"origin": [0, 25, -24.25],
							"size": [1, 1, 10.2],
							"uv": {
								"north": {"uv": [74, 68], "uv_size": [1, 1]},
								"east": {"uv": [60, 56], "uv_size": [10, 1]},
								"south": {"uv": [74, 69], "uv_size": [1, 1]},
								"west": {"uv": [61, 5], "uv_size": [10, 1]},
								"up": {"uv": [7, 58], "uv_size": [1, 10]},
								"down": {"uv": [29, 69], "uv_size": [1, -10]}
							}
						},
						{
							"origin": [-3, 25, -14.175],
							"size": [1, 1.25, 1.75],
							"uv": {
								"north": {"uv": [49, 74], "uv_size": [1, 1]},
								"east": {"uv": [27, 72], "uv_size": [2, 1]},
								"south": {"uv": [50, 74], "uv_size": [1, 1]},
								"west": {"uv": [72, 29], "uv_size": [2, 1]},
								"up": {"uv": [30, 72], "uv_size": [1, 2]},
								"down": {"uv": [31, 74], "uv_size": [1, -2]}
							}
						},
						{
							"origin": [13.2, 33.1, -31.375],
							"size": [0.7, 1.4, 7.125],
							"pivot": [16, 14, -10.375],
							"rotation": [0, 0, -45],
							"uv": {
								"north": {"uv": [74, 42], "uv_size": [1, 1]},
								"east": {"uv": [63, 20], "uv_size": [7, 1]},
								"south": {"uv": [74, 43], "uv_size": [1, 1]},
								"west": {"uv": [63, 28], "uv_size": [7, 1]},
								"up": {"uv": [2, 64], "uv_size": [1, 7]},
								"down": {"uv": [64, 70], "uv_size": [1, -7]}
							}
						},
						{
							"origin": [13.2, 33.1, -24.25],
							"size": [0.7, 0.9, 3.5],
							"pivot": [16, 14, -10.375],
							"rotation": [0, 0, -45],
							"uv": {
								"north": {"uv": [74, 66], "uv_size": [1, 1]},
								"east": {"uv": [65, 68], "uv_size": [4, 1]},
								"south": {"uv": [74, 67], "uv_size": [1, 1]},
								"west": {"uv": [68, 66], "uv_size": [4, 1]},
								"up": {"uv": [7, 68], "uv_size": [1, 4]},
								"down": {"uv": [43, 72], "uv_size": [1, -4]}
							}
						},
						{
							"origin": [13.2, 33.1, -20.75],
							"size": [0.7, 0.775, 6.625],
							"pivot": [16, 14, -5.75],
							"rotation": [0, 0, -45],
							"uv": {
								"north": {"uv": [75, 8], "uv_size": [1, 1]},
								"east": {"uv": [65, 1], "uv_size": [7, 1]},
								"south": {"uv": [9, 75], "uv_size": [1, 1]},
								"west": {"uv": [65, 2], "uv_size": [7, 1]},
								"up": {"uv": [30, 65], "uv_size": [1, 7]},
								"down": {"uv": [31, 72], "uv_size": [1, -7]}
							}
						},
						{
							"origin": [-2, 26, -31.374],
							"size": [2, 1, 7.125],
							"uv": {
								"north": {"uv": [16, 72], "uv_size": [2, 1]},
								"east": {"uv": [64, 37], "uv_size": [7, 1]},
								"south": {"uv": [72, 17], "uv_size": [2, 1]},
								"west": {"uv": [64, 38], "uv_size": [7, 1]},
								"up": {"uv": [17, 55], "uv_size": [2, 7]},
								"down": {"uv": [48, 62], "uv_size": [2, -7]}
							}
						},
						{
							"origin": [-2.4, 26.125, -13.925],
							"size": [0.25, 1, 1.25],
							"uv": {
								"north": {"uv": [75, 15], "uv_size": [1, 1]},
								"east": {"uv": [16, 75], "uv_size": [1, 1]},
								"south": {"uv": [17, 75], "uv_size": [1, 1]},
								"west": {"uv": [18, 75], "uv_size": [1, 1]},
								"up": {"uv": [19, 75], "uv_size": [1, 1]},
								"down": {"uv": [20, 76], "uv_size": [1, -1]}
							}
						},
						{
							"origin": [-2.4, 26.625, -12.675],
							"size": [0.5, 0.5, 0.25],
							"uv": {
								"north": {"uv": [75, 27], "uv_size": [1, 1]},
								"east": {"uv": [28, 75], "uv_size": [1, 1]},
								"south": {"uv": [75, 28], "uv_size": [1, 1]},
								"west": {"uv": [29, 75], "uv_size": [1, 1]},
								"up": {"uv": [75, 29], "uv_size": [1, 1]},
								"down": {"uv": [31, 76], "uv_size": [1, -1]}
							}
						},
						{
							"origin": [-2.4, 26.625, -14.175],
							"size": [0.5, 0.5, 0.25],
							"uv": {
								"north": {"uv": [75, 31], "uv_size": [1, 1]},
								"east": {"uv": [32, 75], "uv_size": [1, 1]},
								"south": {"uv": [75, 32], "uv_size": [1, 1]},
								"west": {"uv": [33, 75], "uv_size": [1, 1]},
								"up": {"uv": [75, 33], "uv_size": [1, 1]},
								"down": {"uv": [34, 76], "uv_size": [1, -1]}
							}
						},
						{
							"origin": [0.15, 26.125, -13.925],
							"size": [0.25, 1, 1.25],
							"uv": {
								"north": {"uv": [21, 75], "uv_size": [1, 1]},
								"east": {"uv": [23, 75], "uv_size": [1, 1]},
								"south": {"uv": [75, 23], "uv_size": [1, 1]},
								"west": {"uv": [24, 75], "uv_size": [1, 1]},
								"up": {"uv": [75, 24], "uv_size": [1, 1]},
								"down": {"uv": [25, 76], "uv_size": [1, -1]}
							}
						},
						{
							"origin": [-0.1, 26.125, -12.675],
							"size": [0.5, 1, 0.25],
							"uv": {
								"north": {"uv": [75, 34], "uv_size": [1, 1]},
								"east": {"uv": [35, 75], "uv_size": [1, 1]},
								"south": {"uv": [75, 35], "uv_size": [1, 1]},
								"west": {"uv": [36, 75], "uv_size": [1, 1]},
								"up": {"uv": [75, 36], "uv_size": [1, 1]},
								"down": {"uv": [37, 76], "uv_size": [1, -1]}
							}
						},
						{
							"origin": [-0.1, 26.125, -14.175],
							"size": [0.5, 1, 0.25],
							"uv": {
								"north": {"uv": [75, 37], "uv_size": [1, 1]},
								"east": {"uv": [38, 75], "uv_size": [1, 1]},
								"south": {"uv": [75, 38], "uv_size": [1, 1]},
								"west": {"uv": [39, 75], "uv_size": [1, 1]},
								"up": {"uv": [75, 39], "uv_size": [1, 1]},
								"down": {"uv": [40, 76], "uv_size": [1, -1]}
							}
						},
						{
							"origin": [-13.85, 28.13, -31.365],
							"size": [1, 1.4, 7.125],
							"pivot": [-11, 14, -10.375],
							"rotation": [0, 0, 45],
							"uv": {
								"north": {"uv": [44, 74], "uv_size": [1, 1]},
								"east": {"uv": [64, 39], "uv_size": [7, 1]},
								"south": {"uv": [74, 44], "uv_size": [1, 1]},
								"west": {"uv": [64, 40], "uv_size": [7, 1]},
								"up": {"uv": [9, 65], "uv_size": [1, 7]},
								"down": {"uv": [10, 72], "uv_size": [1, -7]}
							}
						},
						{
							"origin": [12.95, 32.35, -39.375],
							"size": [0.7, 1.4, 0.875],
							"pivot": [15.75, 13.25, -23.5],
							"rotation": [0, 0, -45],
							"uv": {
								"north": {"uv": [74, 58], "uv_size": [1, 1]},
								"east": {"uv": [59, 74], "uv_size": [1, 1]},
								"south": {"uv": [74, 59], "uv_size": [1, 1]},
								"west": {"uv": [60, 74], "uv_size": [1, 1]},
								"up": {"uv": [74, 62], "uv_size": [1, 1]},
								"down": {"uv": [63, 75], "uv_size": [1, -1]}
							}
						},
						{
							"origin": [-1.75, 25.25, -39.374],
							"size": [1.5, 1, 0.875],
							"uv": {
								"north": {"uv": [72, 30], "uv_size": [2, 1]},
								"east": {"uv": [74, 57], "uv_size": [1, 1]},
								"south": {"uv": [32, 72], "uv_size": [2, 1]},
								"west": {"uv": [58, 74], "uv_size": [1, 1]},
								"up": {"uv": [34, 72], "uv_size": [2, 1]},
								"down": {"uv": [38, 73], "uv_size": [2, -1]}
							}
						},
						{
							"origin": [-13.6, 27.38, -39.375],
							"size": [1, 1.4, 0.875],
							"pivot": [-10.75, 13.25, -23.5],
							"rotation": [0, 0, 45],
							"uv": {
								"north": {"uv": [74, 52], "uv_size": [1, 1]},
								"east": {"uv": [53, 74], "uv_size": [1, 1]},
								"south": {"uv": [74, 53], "uv_size": [1, 1]},
								"west": {"uv": [74, 54], "uv_size": [1, 1]},
								"up": {"uv": [74, 55], "uv_size": [1, 1]},
								"down": {"uv": [74, 57], "uv_size": [1, -1]}
							}
						},
						{
							"origin": [-2.75, 24.375, -39.375],
							"size": [3.5, 0.875, 0.875],
							"uv": {
								"north": {"uv": [50, 28], "uv_size": [4, 1]},
								"east": {"uv": [51, 74], "uv_size": [1, 1]},
								"south": {"uv": [68, 14], "uv_size": [4, 1]},
								"west": {"uv": [52, 74], "uv_size": [1, 1]},
								"up": {"uv": [68, 58], "uv_size": [4, 1]},
								"down": {"uv": [68, 60], "uv_size": [4, -1]}
							}
						},
						{
							"origin": [12.95, 32.6, -38.5],
							"size": [0.7, 1.4, 7.125],
							"pivot": [15.75, 13.5, -18.5],
							"rotation": [0, 0, -45],
							"uv": {
								"north": {"uv": [74, 64], "uv_size": [1, 1]},
								"east": {"uv": [64, 50], "uv_size": [7, 1]},
								"south": {"uv": [65, 74], "uv_size": [1, 1]},
								"west": {"uv": [64, 60], "uv_size": [7, 1]},
								"up": {"uv": [15, 65], "uv_size": [1, 7]},
								"down": {"uv": [16, 72], "uv_size": [1, -7]}
							}
						},
						{
							"origin": [-1.75, 25.5, -38.499],
							"size": [1.5, 1, 7.125],
							"uv": {
								"north": {"uv": [40, 72], "uv_size": [2, 1]},
								"east": {"uv": [64, 48], "uv_size": [7, 1]},
								"south": {"uv": [72, 41], "uv_size": [2, 1]},
								"west": {"uv": [64, 49], "uv_size": [7, 1]},
								"up": {"uv": [50, 55], "uv_size": [2, 7]},
								"down": {"uv": [38, 63], "uv_size": [2, -7]}
							}
						},
						{
							"origin": [-13.6, 27.63, -38.5],
							"size": [1, 1.4, 7.125],
							"pivot": [-10.75, 13.5, -18.5],
							"rotation": [0, 0, 45],
							"uv": {
								"north": {"uv": [74, 63], "uv_size": [1, 1]},
								"east": {"uv": [64, 46], "uv_size": [7, 1]},
								"south": {"uv": [64, 74], "uv_size": [1, 1]},
								"west": {"uv": [64, 47], "uv_size": [7, 1]},
								"up": {"uv": [13, 65], "uv_size": [1, 7]},
								"down": {"uv": [14, 72], "uv_size": [1, -7]}
							}
						},
						{
							"origin": [-2.75, 24, -38.5],
							"size": [3.5, 1.5, 7.125],
							"uv": {
								"north": {"uv": [62, 53], "uv_size": [4, 2]},
								"east": {"uv": [0, 58], "uv_size": [7, 2]},
								"south": {"uv": [62, 61], "uv_size": [4, 2]},
								"west": {"uv": [58, 22], "uv_size": [7, 2]},
								"up": {"uv": [12, 48], "uv_size": [4, 7]},
								"down": {"uv": [16, 55], "uv_size": [4, -7]}
							}
						},
						{
							"origin": [10.9, 30.85, -14.176],
							"size": [0.7, 1.025, 1.75],
							"pivot": [13.625, 11.75, -1.375],
							"rotation": [0, 0, -35],
							"uv": {
								"north": {"uv": [45, 74], "uv_size": [1, 1]},
								"east": {"uv": [72, 18], "uv_size": [2, 1]},
								"south": {"uv": [74, 46], "uv_size": [1, 1]},
								"west": {"uv": [72, 22], "uv_size": [2, 1]},
								"up": {"uv": [18, 72], "uv_size": [1, 2]},
								"down": {"uv": [72, 25], "uv_size": [1, -2]}
							}
						},
						{
							"origin": [-11.64, 27.13, -14.176],
							"size": [0.75, 1.025, 1.75],
							"pivot": [-8.75, 13, -1.375],
							"rotation": [0, 0, 35],
							"uv": {
								"north": {"uv": [75, 26], "uv_size": [1, 1]},
								"east": {"uv": [73, 12], "uv_size": [2, 1]},
								"south": {"uv": [27, 75], "uv_size": [1, 1]},
								"west": {"uv": [13, 73], "uv_size": [2, 1]},
								"up": {"uv": [53, 72], "uv_size": [1, 2]},
								"down": {"uv": [63, 74], "uv_size": [1, -2]}
							}
						},
						{
							"origin": [10.825, 30.1, -12.551],
							"size": [0.7, 1.4, 4.875],
							"pivot": [13.625, 11, 0.375],
							"rotation": [0, 0, -35],
							"uv": {
								"north": {"uv": [12, 75], "uv_size": [1, 1]},
								"east": {"uv": [67, 26], "uv_size": [5, 1]},
								"south": {"uv": [75, 12], "uv_size": [1, 1]},
								"west": {"uv": [67, 27], "uv_size": [5, 1]},
								"up": {"uv": [27, 67], "uv_size": [1, 5]},
								"down": {"uv": [28, 72], "uv_size": [1, -5]}
							}
						},
						{
							"origin": [-11.6, 26.38, -12.551],
							"size": [0.75, 1.4, 4.875],
							"pivot": [-8.75, 12.25, 0.375],
							"rotation": [0, 0, 35],
							"uv": {
								"north": {"uv": [10, 75], "uv_size": [1, 1]},
								"east": {"uv": [67, 23], "uv_size": [5, 1]},
								"south": {"uv": [11, 75], "uv_size": [1, 1]},
								"west": {"uv": [67, 24], "uv_size": [5, 1]},
								"up": {"uv": [37, 65], "uv_size": [1, 5]},
								"down": {"uv": [24, 72], "uv_size": [1, -5]}
							}
						},
						{
							"origin": [-2, 23.8125, -39.625],
							"size": [2, 2, 15.125],
							"uv": {
								"north": {"uv": [46, 16], "uv_size": [2, 2]},
								"east": {"uv": [46, 12], "uv_size": [15, 2]},
								"south": {"uv": [30, 53], "uv_size": [2, 2]},
								"west": {"uv": [46, 14], "uv_size": [15, 2]},
								"up": {"uv": [44, 46], "uv_size": [2, 15]},
								"down": {"uv": [46, 61], "uv_size": [2, -15]}
							}
						},
						{
							"origin": [-2, 23.8125, -39.75],
							"size": [0.375, 2, 0.125],
							"uv": {
								"north": {"uv": [44, 72], "uv_size": [1, 2]},
								"east": {"uv": [45, 72], "uv_size": [1, 2]},
								"south": {"uv": [48, 72], "uv_size": [1, 2]},
								"west": {"uv": [49, 72], "uv_size": [1, 2]},
								"up": {"uv": [74, 70], "uv_size": [1, 1]},
								"down": {"uv": [74, 72], "uv_size": [1, -1]}
							}
						},
						{
							"origin": [-1.625, 25.4375, -39.75],
							"size": [1.25, 0.375, 0.125],
							"uv": {
								"north": {"uv": [74, 72], "uv_size": [1, 1]},
								"east": {"uv": [73, 74], "uv_size": [1, 1]},
								"south": {"uv": [74, 73], "uv_size": [1, 1]},
								"west": {"uv": [74, 74], "uv_size": [1, 1]},
								"up": {"uv": [75, 0], "uv_size": [1, 1]},
								"down": {"uv": [75, 2], "uv_size": [1, -1]}
							}
						},
						{
							"origin": [-0.375, 23.8125, -39.75],
							"size": [0.375, 2, 0.125],
							"uv": {
								"north": {"uv": [50, 72], "uv_size": [1, 2]},
								"east": {"uv": [72, 50], "uv_size": [1, 2]},
								"south": {"uv": [51, 72], "uv_size": [1, 2]},
								"west": {"uv": [52, 72], "uv_size": [1, 2]},
								"up": {"uv": [75, 2], "uv_size": [1, 1]},
								"down": {"uv": [75, 4], "uv_size": [1, -1]}
							}
						},
						{
							"origin": [-1.625, 23.8125, -39.75],
							"size": [1.25, 0.375, 0.125],
							"uv": {
								"north": {"uv": [75, 4], "uv_size": [1, 1]},
								"east": {"uv": [75, 5], "uv_size": [1, 1]},
								"south": {"uv": [6, 75], "uv_size": [1, 1]},
								"west": {"uv": [75, 6], "uv_size": [1, 1]},
								"up": {"uv": [75, 7], "uv_size": [1, 1]},
								"down": {"uv": [8, 76], "uv_size": [1, -1]}
							}
						},
						{
							"origin": [-2.375, 54.47, -5.53],
							"size": [2.75, 0.75, 0.75],
							"pivot": [-1.375, 40.625, -22.15],
							"rotation": [-135, 0, 0],
							"uv": {
								"north": {"uv": [71, 62], "uv_size": [3, 1]},
								"east": {"uv": [75, 72], "uv_size": [1, 1]},
								"south": {"uv": [65, 71], "uv_size": [3, 1]},
								"west": {"uv": [73, 75], "uv_size": [1, 1]},
								"up": {"uv": [71, 67], "uv_size": [3, 1]},
								"down": {"uv": [68, 72], "uv_size": [3, -1]}
							}
						},
						{
							"origin": [-3, 23.625, -12.5],
							"size": [4, 1.25, 5.5],
							"uv": {
								"north": {"uv": [70, 28], "uv_size": [4, 1]},
								"east": {"uv": [65, 25], "uv_size": [6, 1]},
								"south": {"uv": [71, 0], "uv_size": [4, 1]},
								"west": {"uv": [65, 44], "uv_size": [6, 1]},
								"up": {"uv": [32, 49], "uv_size": [4, 6]},
								"down": {"uv": [49, 41], "uv_size": [4, -6]}
							}
						},
						{
							"origin": [-1.075, 24.2, -37.625],
							"size": [0.2, 3.15, 1.25],
							"uv": {
								"north": {"uv": [25, 104], "uv_size": [1, 3]},
								"east": {"uv": [32, 104], "uv_size": [1, 3]},
								"south": {"uv": [37, 104], "uv_size": [1, 3]},
								"west": {"uv": [53, 104], "uv_size": [1, 3]},
								"up": {"uv": [107, 101], "uv_size": [1, 1]},
								"down": {"uv": [102, 108], "uv_size": [1, -1]}
							}
						}
					]
				},
				{
					"name": "bone3",
					"parent": "Metal",
					"pivot": [-17.75, 36.375, -23.5],
					"rotation": [0, 0, -180],
					"cubes": [
						{
							"origin": [-47.1, 50.505, -39.375],
							"size": [1, 1.4, 0.875],
							"pivot": [-44.25, 36.375, -23.5],
							"rotation": [0, 0, 45],
							"uv": {
								"north": {"uv": [6, 76], "uv_size": [1, 1]},
								"east": {"uv": [76, 6], "uv_size": [1, 1]},
								"south": {"uv": [7, 76], "uv_size": [1, 1]},
								"west": {"uv": [76, 7], "uv_size": [1, 1]},
								"up": {"uv": [8, 76], "uv_size": [1, 1]},
								"down": {"uv": [76, 9], "uv_size": [1, -1]}
							}
						},
						{
							"origin": [-35.25, 48.375, -39.374],
							"size": [1.5, 1, 0.875],
							"uv": {
								"north": {"uv": [74, 16], "uv_size": [2, 1]},
								"east": {"uv": [5, 76], "uv_size": [1, 1]},
								"south": {"uv": [74, 17], "uv_size": [2, 1]},
								"west": {"uv": [76, 5], "uv_size": [1, 1]},
								"up": {"uv": [18, 74], "uv_size": [2, 1]},
								"down": {"uv": [74, 19], "uv_size": [2, -1]}
							}
						},
						{
							"origin": [-20.55, 55.475, -39.375],
							"size": [0.7, 1.4, 0.875],
							"pivot": [-17.75, 36.375, -23.5],
							"rotation": [0, 0, -45],
							"uv": {
								"north": {"uv": [2, 76], "uv_size": [1, 1]},
								"east": {"uv": [76, 2], "uv_size": [1, 1]},
								"south": {"uv": [3, 76], "uv_size": [1, 1]},
								"west": {"uv": [76, 3], "uv_size": [1, 1]},
								"up": {"uv": [4, 76], "uv_size": [1, 1]},
								"down": {"uv": [76, 5], "uv_size": [1, -1]}
							}
						}
					]
				},
				{
					"name": "bone2",
					"parent": "Metal",
					"pivot": [9, 35.25, -10.375],
					"rotation": [0, 0, -180],
					"cubes": [
						{
							"origin": [6.4, 48.63, -38.5],
							"size": [1, 1.4, 7.125],
							"pivot": [9.25, 34.5, -18.5],
							"rotation": [0, 0, 45],
							"uv": {
								"north": {"uv": [1, 76], "uv_size": [1, 1]},
								"east": {"uv": [65, 10], "uv_size": [7, 1]},
								"south": {"uv": [76, 1], "uv_size": [1, 1]},
								"west": {"uv": [65, 11], "uv_size": [7, 1]},
								"up": {"uv": [34, 65], "uv_size": [1, 7]},
								"down": {"uv": [35, 72], "uv_size": [1, -7]}
							}
						},
						{
							"origin": [18.25, 46.5, -38.499],
							"size": [1.5, 1, 7.125],
							"uv": {
								"north": {"uv": [74, 14], "uv_size": [2, 1]},
								"east": {"uv": [65, 8], "uv_size": [7, 1]},
								"south": {"uv": [15, 74], "uv_size": [2, 1]},
								"west": {"uv": [65, 9], "uv_size": [7, 1]},
								"up": {"uv": [34, 58], "uv_size": [2, 7]},
								"down": {"uv": [58, 57], "uv_size": [2, -7]}
							}
						},
						{
							"origin": [32.95, 53.6, -38.5],
							"size": [0.7, 1.4, 7.125],
							"pivot": [35.75, 34.5, -18.5],
							"rotation": [0, 0, -45],
							"uv": {
								"north": {"uv": [0, 76], "uv_size": [1, 1]},
								"east": {"uv": [65, 6], "uv_size": [7, 1]},
								"south": {"uv": [76, 0], "uv_size": [1, 1]},
								"west": {"uv": [65, 7], "uv_size": [7, 1]},
								"up": {"uv": [32, 65], "uv_size": [1, 7]},
								"down": {"uv": [33, 72], "uv_size": [1, -7]}
							}
						},
						{
							"origin": [33.2, 53.975, -31.375],
							"size": [0.7, 1.4, 24.375],
							"pivot": [36, 34.875, -10.375],
							"rotation": [0, 0, -45],
							"uv": {
								"north": {"uv": [75, 74], "uv_size": [1, 1]},
								"east": {"uv": [49, 33], "uv_size": [24, 1]},
								"south": {"uv": [75, 75], "uv_size": [1, 1]},
								"west": {"uv": [49, 34], "uv_size": [24, 1]},
								"up": {"uv": [41, 48], "uv_size": [1, 24]},
								"down": {"uv": [42, 72], "uv_size": [1, -24]}
							}
						},
						{
							"origin": [18, 46.875, -31.374],
							"size": [2, 1, 24.375],
							"uv": {
								"north": {"uv": [74, 11], "uv_size": [2, 1]},
								"east": {"uv": [49, 31], "uv_size": [24, 1]},
								"south": {"uv": [13, 74], "uv_size": [2, 1]},
								"west": {"uv": [49, 32], "uv_size": [24, 1]},
								"up": {"uv": [38, 32], "uv_size": [2, 24]},
								"down": {"uv": [40, 24], "uv_size": [2, -24]}
							}
						},
						{
							"origin": [6.15, 49.005, -31.365],
							"size": [1, 1.4, 24.375],
							"pivot": [9, 34.875, -10.375],
							"rotation": [0, 0, 45],
							"uv": {
								"north": {"uv": [75, 73], "uv_size": [1, 1]},
								"east": {"uv": [48, 29], "uv_size": [24, 1]},
								"south": {"uv": [74, 75], "uv_size": [1, 1]},
								"west": {"uv": [48, 30], "uv_size": [24, 1]},
								"up": {"uv": [48, 31], "uv_size": [1, 24]},
								"down": {"uv": [40, 72], "uv_size": [1, -24]}
							}
						}
					]
				},
				{
					"name": "TriggerMag",
					"parent": "Metal",
					"pivot": [0, 0, 1.5],
					"cubes": [
						{
							"origin": [-2.1, 15.375, 8.925],
							"size": [2.2, 0.875, 2.125],
							"pivot": [0, -0.5, -1.5],
							"rotation": [47.5, 0, 0],
							"uv": {
								"north": {"uv": [25, 73], "uv_size": [2, 1]},
								"east": {"uv": [73, 26], "uv_size": [2, 1]},
								"south": {"uv": [27, 73], "uv_size": [2, 1]},
								"west": {"uv": [73, 27], "uv_size": [2, 1]},
								"up": {"uv": [69, 67], "uv_size": [2, 2]},
								"down": {"uv": [69, 71], "uv_size": [2, -2]}
							}
						},
						{
							"origin": [-2.025, -1.375, 6.4],
							"size": [2.05, 17.875, 1],
							"pivot": [0, -0.5, -13.5],
							"rotation": [90, 0, 0],
							"uv": {
								"north": {"uv": [44, 28], "uv_size": [2, 18]},
								"east": {"uv": [43, 48], "uv_size": [1, 18]},
								"south": {"uv": [46, 28], "uv_size": [2, 18]},
								"west": {"uv": [8, 53], "uv_size": [1, 18]},
								"up": {"uv": [72, 11], "uv_size": [2, 1]},
								"down": {"uv": [12, 73], "uv_size": [2, -1]}
							}
						},
						{
							"origin": [-2.025, -7.25, 6.4],
							"size": [2.05, 5.875, 1],
							"pivot": [0, -0.5, -13.5],
							"rotation": [90, 0, 0],
							"uv": {
								"north": {"uv": [42, 18], "uv_size": [2, 6]},
								"east": {"uv": [19, 55], "uv_size": [1, 6]},
								"south": {"uv": [59, 0], "uv_size": [2, 6]},
								"west": {"uv": [36, 65], "uv_size": [1, 6]},
								"up": {"uv": [42, 72], "uv_size": [2, 1]},
								"down": {"uv": [72, 43], "uv_size": [2, -1]}
							}
						},
						{
							"origin": [-2.148, 16.875, -18.999],
							"size": [2.298, 3.125, 6],
							"uv": {
								"north": {"uv": [65, 22], "uv_size": [2, 3]},
								"east": {"uv": [53, 16], "uv_size": [6, 3]},
								"south": {"uv": [65, 41], "uv_size": [2, 3]},
								"west": {"uv": [53, 19], "uv_size": [6, 3]},
								"up": {"uv": [9, 59], "uv_size": [2, 6]},
								"down": {"uv": [11, 65], "uv_size": [2, -6]}
							}
						},
						{
							"origin": [-2.15, 17.625, -24.499],
							"size": [2.3, 2.25, 5.5],
							"uv": {
								"north": {"uv": [69, 53], "uv_size": [2, 2]},
								"east": {"uv": [59, 6], "uv_size": [6, 2]},
								"south": {"uv": [54, 69], "uv_size": [2, 2]},
								"west": {"uv": [59, 16], "uv_size": [6, 2]},
								"up": {"uv": [13, 59], "uv_size": [2, 6]},
								"down": {"uv": [15, 65], "uv_size": [2, -6]}
							}
						},
						{
							"origin": [-2.15, 19.875, -23.749],
							"size": [2.3, 4.75, 4.75],
							"uv": {
								"north": {"uv": [21, 62], "uv_size": [2, 5]},
								"east": {"uv": [22, 48], "uv_size": [5, 5]},
								"south": {"uv": [23, 62], "uv_size": [2, 5]},
								"west": {"uv": [27, 48], "uv_size": [5, 5]},
								"up": {"uv": [62, 46], "uv_size": [2, 5]},
								"down": {"uv": [48, 67], "uv_size": [2, -5]}
							}
						},
						{
							"origin": [-2.275, 22.375, -30.374],
							"size": [2.55, 2.25, 17.25],
							"uv": {
								"north": {"uv": [66, 53], "uv_size": [3, 2]},
								"east": {"uv": [46, 8], "uv_size": [17, 2]},
								"south": {"uv": [59, 66], "uv_size": [3, 2]},
								"west": {"uv": [46, 10], "uv_size": [17, 2]},
								"up": {"uv": [32, 32], "uv_size": [3, 17]},
								"down": {"uv": [35, 49], "uv_size": [3, -17]}
							}
						},
						{
							"origin": [-2.275, 21.875, -30.374],
							"size": [2.55, 0.5, 1.925],
							"uv": {
								"north": {"uv": [71, 68], "uv_size": [3, 1]},
								"east": {"uv": [74, 19], "uv_size": [2, 1]},
								"south": {"uv": [71, 69], "uv_size": [3, 1]},
								"west": {"uv": [20, 74], "uv_size": [2, 1]},
								"up": {"uv": [67, 18], "uv_size": [3, 2]},
								"down": {"uv": [21, 69], "uv_size": [3, -2]}
							}
						},
						{
							"origin": [-1.4, 20.5, -29.874],
							"size": [0.8, 1.375, 0.8],
							"uv": {
								"north": {"uv": [9, 76], "uv_size": [1, 1]},
								"east": {"uv": [76, 9], "uv_size": [1, 1]},
								"south": {"uv": [10, 76], "uv_size": [1, 1]},
								"west": {"uv": [76, 10], "uv_size": [1, 1]},
								"up": {"uv": [11, 76], "uv_size": [1, 1]},
								"down": {"uv": [76, 12], "uv_size": [1, -1]}
							}
						},
						{
							"origin": [-2.275, 22.375, -13.124],
							"size": [2.55, 2.25, 6.625],
							"uv": {
								"north": {"uv": [66, 61], "uv_size": [3, 2]},
								"east": {"uv": [58, 24], "uv_size": [7, 2]},
								"south": {"uv": [65, 66], "uv_size": [3, 2]},
								"west": {"uv": [54, 58], "uv_size": [7, 2]},
								"up": {"uv": [50, 16], "uv_size": [3, 7]},
								"down": {"uv": [52, 7], "uv_size": [3, -7]}
							}
						},
						{
							"origin": [-1.65, 22.125, -13.124],
							"size": [1.3, 0.25, 2.125],
							"uv": {
								"north": {"uv": [14, 76], "uv_size": [1, 1]},
								"east": {"uv": [74, 22], "uv_size": [2, 1]},
								"south": {"uv": [76, 14], "uv_size": [1, 1]},
								"west": {"uv": [24, 74], "uv_size": [2, 1]},
								"up": {"uv": [22, 74], "uv_size": [1, 2]},
								"down": {"uv": [26, 76], "uv_size": [1, -2]}
							}
						},
						{
							"origin": [-1.4, 22, -12.624],
							"size": [0.8, 0.125, 0.8],
							"uv": {
								"north": {"uv": [16, 76], "uv_size": [1, 1]},
								"east": {"uv": [76, 16], "uv_size": [1, 1]},
								"south": {"uv": [17, 76], "uv_size": [1, 1]},
								"west": {"uv": [76, 17], "uv_size": [1, 1]},
								"up": {"uv": [18, 76], "uv_size": [1, 1]},
								"down": {"uv": [76, 19], "uv_size": [1, -1]}
							}
						},
						{
							"origin": [-1.4, 22.125, -10.999],
							"size": [0.8, 0.25, 2.375],
							"uv": {
								"north": {"uv": [15, 76], "uv_size": [1, 1]},
								"east": {"uv": [74, 25], "uv_size": [2, 1]},
								"south": {"uv": [76, 15], "uv_size": [1, 1]},
								"west": {"uv": [27, 74], "uv_size": [2, 1]},
								"up": {"uv": [74, 28], "uv_size": [1, 2]},
								"down": {"uv": [30, 76], "uv_size": [1, -2]}
							}
						},
						{
							"origin": [-2.275, 21.25, -8.374],
							"size": [2.55, 1.125, 1],
							"uv": {
								"north": {"uv": [71, 70], "uv_size": [3, 1]},
								"east": {"uv": [12, 76], "uv_size": [1, 1]},
								"south": {"uv": [71, 71], "uv_size": [3, 1]},
								"west": {"uv": [76, 12], "uv_size": [1, 1]},
								"up": {"uv": [72, 1], "uv_size": [3, 1]},
								"down": {"uv": [72, 3], "uv_size": [3, -1]}
							}
						},
						{
							"origin": [-2.4, 21.5, -8.124],
							"size": [2.8, 0.5, 0.5],
							"uv": {
								"north": {"uv": [72, 6], "uv_size": [3, 1]},
								"east": {"uv": [13, 76], "uv_size": [1, 1]},
								"south": {"uv": [72, 7], "uv_size": [3, 1]},
								"west": {"uv": [76, 13], "uv_size": [1, 1]},
								"up": {"uv": [72, 8], "uv_size": [3, 1]},
								"down": {"uv": [9, 73], "uv_size": [3, -1]}
							}
						},
						{
							"origin": [-2.148, 20, -18.999],
							"size": [2.298, 4.625, 5.875],
							"uv": {
								"north": {"uv": [60, 61], "uv_size": [2, 5]},
								"east": {"uv": [0, 48], "uv_size": [6, 5]},
								"south": {"uv": [17, 62], "uv_size": [2, 5]},
								"west": {"uv": [6, 48], "uv_size": [6, 5]},
								"up": {"uv": [36, 59], "uv_size": [2, 6]},
								"down": {"uv": [60, 56], "uv_size": [2, -6]}
							}
						},
						{
							"origin": [-2.149, 19.75, -6.41],
							"size": [2.299, 1.875, 1],
							"pivot": [0, 0, -10.5],
							"rotation": [20, 0, 0],
							"uv": {
								"north": {"uv": [56, 71], "uv_size": [2, 2]},
								"east": {"uv": [5, 74], "uv_size": [1, 2]},
								"south": {"uv": [71, 60], "uv_size": [2, 2]},
								"west": {"uv": [7, 74], "uv_size": [1, 2]},
								"up": {"uv": [9, 74], "uv_size": [2, 1]},
								"down": {"uv": [74, 10], "uv_size": [2, -1]}
							}
						},
						{
							"origin": [-2.15, 18.375, -26.999],
							"size": [2.3, 1.5, 2.5],
							"uv": {
								"north": {"uv": [56, 69], "uv_size": [2, 2]},
								"east": {"uv": [65, 58], "uv_size": [3, 2]},
								"south": {"uv": [69, 61], "uv_size": [2, 2]},
								"west": {"uv": [43, 66], "uv_size": [3, 2]},
								"up": {"uv": [19, 66], "uv_size": [2, 3]},
								"down": {"uv": [46, 69], "uv_size": [2, -3]}
							}
						},
						{
							"origin": [-2.15, 19.875, -30.624],
							"size": [2.3, 0.625, 6.875],
							"uv": {
								"north": {"uv": [74, 10], "uv_size": [2, 1]},
								"east": {"uv": [65, 3], "uv_size": [7, 1]},
								"south": {"uv": [11, 74], "uv_size": [2, 1]},
								"west": {"uv": [65, 4], "uv_size": [7, 1]},
								"up": {"uv": [30, 58], "uv_size": [2, 7]},
								"down": {"uv": [32, 65], "uv_size": [2, -7]}
							}
						},
						{
							"origin": [-2.1825, 37.325, 12.025],
							"size": [2.35, 1, 13.35],
							"pivot": [0, 26.375, 0.1],
							"rotation": [173, 0, 0],
							"uv": {
								"north": {"uv": [9, 73], "uv_size": [2, 1]},
								"east": {"uv": [56, 45], "uv_size": [13, 1]},
								"south": {"uv": [11, 73], "uv_size": [2, 1]},
								"west": {"uv": [58, 57], "uv_size": [13, 1]},
								"up": {"uv": [48, 16], "uv_size": [2, 13]},
								"down": {"uv": [20, 61], "uv_size": [2, -13]}
							}
						},
						{
							"origin": [-2.1825, 35.84, 7.275],
							"size": [2.35, 1, 5.475],
							"pivot": [0, 26, 0.1],
							"rotation": [176.5, 0, 0],
							"uv": {
								"north": {"uv": [73, 13], "uv_size": [2, 1]},
								"east": {"uv": [67, 64], "uv_size": [5, 1]},
								"south": {"uv": [15, 73], "uv_size": [2, 1]},
								"west": {"uv": [67, 65], "uv_size": [5, 1]},
								"up": {"uv": [52, 61], "uv_size": [2, 5]},
								"down": {"uv": [54, 66], "uv_size": [2, -5]}
							}
						},
						{
							"origin": [-2.165, 8.525, 14.075],
							"size": [2.34, 1, 2.75],
							"pivot": [0, 3, -8.275],
							"rotation": [125, 0, 0],
							"uv": {
								"north": {"uv": [72, 43], "uv_size": [2, 1]},
								"east": {"uv": [52, 7], "uv_size": [3, 1]},
								"south": {"uv": [72, 52], "uv_size": [2, 1]},
								"west": {"uv": [71, 21], "uv_size": [3, 1]},
								"up": {"uv": [65, 63], "uv_size": [2, 3]},
								"down": {"uv": [66, 15], "uv_size": [2, -3]}
							}
						},
						{
							"origin": [-2.1452, 14.625, 18.1],
							"size": [2.295, 1, 2],
							"pivot": [0, 3.625, 2.1],
							"rotation": [102.5, 0, 0],
							"uv": {
								"north": {"uv": [72, 53], "uv_size": [2, 1]},
								"east": {"uv": [72, 55], "uv_size": [2, 1]},
								"south": {"uv": [72, 56], "uv_size": [2, 1]},
								"west": {"uv": [58, 72], "uv_size": [2, 1]},
								"up": {"uv": [44, 68], "uv_size": [2, 2]},
								"down": {"uv": [52, 70], "uv_size": [2, -2]}
							}
						},
						{
							"origin": [-2.15, 29.925, 23.9],
							"size": [2.3, 1, 1.6],
							"pivot": [0, 18.625, 8.1],
							"rotation": [150, 0, 0],
							"uv": {
								"north": {"uv": [72, 58], "uv_size": [2, 1]},
								"east": {"uv": [72, 59], "uv_size": [2, 1]},
								"south": {"uv": [61, 72], "uv_size": [2, 1]},
								"west": {"uv": [72, 63], "uv_size": [2, 1]},
								"up": {"uv": [59, 68], "uv_size": [2, 2]},
								"down": {"uv": [19, 71], "uv_size": [2, -2]}
							}
						},
						{
							"origin": [-2.15, 45.475, 19.275],
							"size": [2.3, 1, 1.725],
							"pivot": [0, 34.375, 3.1],
							"rotation": [-154, 0, 0],
							"uv": {
								"north": {"uv": [72, 64], "uv_size": [2, 1]},
								"east": {"uv": [65, 72], "uv_size": [2, 1]},
								"south": {"uv": [72, 65], "uv_size": [2, 1]},
								"west": {"uv": [72, 66], "uv_size": [2, 1]},
								"up": {"uv": [21, 69], "uv_size": [2, 2]},
								"down": {"uv": [69, 37], "uv_size": [2, -2]}
							}
						},
						{
							"origin": [-2.1452, 6.25, 14.251],
							"size": [2.295, 1, 5.25],
							"pivot": [0, 0.25, -1.5],
							"rotation": [85, 0, 0],
							"uv": {
								"north": {"uv": [67, 72], "uv_size": [2, 1]},
								"east": {"uv": [66, 15], "uv_size": [5, 1]},
								"south": {"uv": [69, 72], "uv_size": [2, 1]},
								"west": {"uv": [67, 22], "uv_size": [5, 1]},
								"up": {"uv": [44, 61], "uv_size": [2, 5]},
								"down": {"uv": [46, 66], "uv_size": [2, -5]}
							}
						},
						{
							"origin": [-2.141, 10.625, 17.501],
							"size": [2.29, 1, 1.75],
							"pivot": [0, -0.375, -1.5],
							"rotation": [90, 0, 0],
							"uv": {
								"north": {"uv": [71, 72], "uv_size": [2, 1]},
								"east": {"uv": [0, 73], "uv_size": [2, 1]},
								"south": {"uv": [2, 73], "uv_size": [2, 1]},
								"west": {"uv": [4, 73], "uv_size": [2, 1]},
								"up": {"uv": [46, 69], "uv_size": [2, 2]},
								"down": {"uv": [69, 53], "uv_size": [2, -2]}
							}
						}
					]
				},
				{
					"name": "trigger",
					"parent": "TriggerMag",
					"pivot": [0.25, -2.25, 1.25],
					"cubes": [
						{
							"origin": [-1.75, 16.5, 21.925],
							"size": [1.5, 0.7, 2.5],
							"pivot": [0.25, 3.25, 5.25],
							"rotation": [90, 0, 0],
							"uv": {
								"north": {"uv": [74, 20], "uv_size": [2, 1]},
								"east": {"uv": [72, 3], "uv_size": [3, 1]},
								"south": {"uv": [74, 21], "uv_size": [2, 1]},
								"west": {"uv": [72, 4], "uv_size": [3, 1]},
								"up": {"uv": [4, 67], "uv_size": [2, 3]},
								"down": {"uv": [17, 70], "uv_size": [2, -3]}
							}
						},
						{
							"origin": [-1.875, 16.5, 23.175],
							"size": [1.75, 0.7, 1.125],
							"pivot": [0.25, 3.25, 5.125],
							"rotation": [90, 0, 0],
							"uv": {
								"north": {"uv": [74, 30], "uv_size": [2, 1]},
								"east": {"uv": [19, 76], "uv_size": [1, 1]},
								"south": {"uv": [31, 74], "uv_size": [2, 1]},
								"west": {"uv": [76, 19], "uv_size": [1, 1]},
								"up": {"uv": [35, 74], "uv_size": [2, 1]},
								"down": {"uv": [37, 75], "uv_size": [2, -1]}
							}
						},
						{
							"origin": [-1.75, -1, 23.925],
							"size": [1.5, 0.7, 1.75],
							"pivot": [0.25, -2.25, 1.25],
							"rotation": [110, 0, 0],
							"uv": {
								"north": {"uv": [0, 72], "uv_size": [2, 1]},
								"east": {"uv": [4, 72], "uv_size": [2, 1]},
								"south": {"uv": [72, 9], "uv_size": [2, 1]},
								"west": {"uv": [72, 10], "uv_size": [2, 1]},
								"up": {"uv": [0, 68], "uv_size": [2, 2]},
								"down": {"uv": [68, 18], "uv_size": [2, -2]}
							}
						},
						{
							"origin": [-1.75, 11, 17.925],
							"size": [1.5, 0.7, 1.75],
							"pivot": [0.25, -2.25, 1.25],
							"rotation": [77.5, 0, 0],
							"uv": {
								"north": {"uv": [19, 73], "uv_size": [2, 1]},
								"east": {"uv": [21, 73], "uv_size": [2, 1]},
								"south": {"uv": [73, 23], "uv_size": [2, 1]},
								"west": {"uv": [73, 24], "uv_size": [2, 1]},
								"up": {"uv": [65, 69], "uv_size": [2, 2]},
								"down": {"uv": [67, 71], "uv_size": [2, -2]}
							}
						}
					]
				},
				{
					"name": "Bolt",
					"parent": "gun",
					"pivot": [-1, 25.8, -16.4125]
				},
				{
					"name": "Bolt1",
					"parent": "Bolt",
					"pivot": [-1, 25.8, -18.85],
					"cubes": [
						{
							"origin": [-2, 24.8, -22.25],
							"size": [2, 2, 9.925],
							"uv": {
								"north": {"uv": [44, 70], "uv_size": [2, 2]},
								"east": {"uv": [52, 46], "uv_size": [10, 2]},
								"south": {"uv": [50, 70], "uv_size": [2, 2]},
								"west": {"uv": [52, 48], "uv_size": [10, 2]},
								"up": {"uv": [36, 49], "uv_size": [2, 10]},
								"down": {"uv": [52, 60], "uv_size": [2, -10]}
							}
						},
						{
							"origin": [-2, 24.8, -24.25],
							"size": [2, 2, 1.425],
							"uv": {
								"north": {"uv": [36, 71], "uv_size": [2, 2]},
								"east": {"uv": [61, 73], "uv_size": [1, 2]},
								"south": {"uv": [71, 37], "uv_size": [2, 2]},
								"west": {"uv": [62, 73], "uv_size": [1, 2]},
								"up": {"uv": [73, 61], "uv_size": [2, 1]},
								"down": {"uv": [65, 74], "uv_size": [2, -1]}
							}
						},
						{
							"origin": [-2.75, 25.05, -22.125],
							"size": [0.75, 1.5, 7.8],
							"uv": {
								"north": {"uv": [43, 73], "uv_size": [1, 2]},
								"east": {"uv": [22, 53], "uv_size": [8, 2]},
								"south": {"uv": [46, 73], "uv_size": [1, 2]},
								"west": {"uv": [53, 35], "uv_size": [8, 2]},
								"up": {"uv": [6, 63], "uv_size": [1, 8]},
								"down": {"uv": [26, 71], "uv_size": [1, -8]}
							}
						},
						{
							"origin": [-2.75, 25.05, -23],
							"size": [0.5, 1.5, 0.925],
							"uv": {
								"north": {"uv": [71, 73], "uv_size": [1, 2]},
								"east": {"uv": [72, 73], "uv_size": [1, 2]},
								"south": {"uv": [73, 72], "uv_size": [1, 2]},
								"west": {"uv": [0, 74], "uv_size": [1, 2]},
								"up": {"uv": [75, 71], "uv_size": [1, 1]},
								"down": {"uv": [72, 76], "uv_size": [1, -1]}
							}
						},
						{
							"origin": [-2.75, 25.05, -24],
							"size": [0.75, 1.5, 1.05],
							"uv": {
								"north": {"uv": [67, 73], "uv_size": [1, 2]},
								"east": {"uv": [68, 73], "uv_size": [1, 2]},
								"south": {"uv": [69, 73], "uv_size": [1, 2]},
								"west": {"uv": [70, 73], "uv_size": [1, 2]},
								"up": {"uv": [75, 70], "uv_size": [1, 1]},
								"down": {"uv": [71, 76], "uv_size": [1, -1]}
							}
						},
						{
							"origin": [-3, 25.05, -19],
							"size": [0.25, 1.5, 4.675],
							"uv": {
								"north": {"uv": [73, 46], "uv_size": [1, 2]},
								"east": {"uv": [61, 12], "uv_size": [5, 2]},
								"south": {"uv": [47, 73], "uv_size": [1, 2]},
								"west": {"uv": [61, 14], "uv_size": [5, 2]},
								"up": {"uv": [62, 67], "uv_size": [1, 5]},
								"down": {"uv": [63, 72], "uv_size": [1, -5]}
							}
						},
						{
							"origin": [-5.625, 25.425, -16.5],
							"size": [2.625, 0.75, 0.75],
							"uv": {
								"north": {"uv": [71, 25], "uv_size": [3, 1]},
								"east": {"uv": [75, 65], "uv_size": [1, 1]},
								"south": {"uv": [71, 44], "uv_size": [3, 1]},
								"west": {"uv": [66, 75], "uv_size": [1, 1]},
								"up": {"uv": [71, 54], "uv_size": [3, 1]},
								"down": {"uv": [71, 58], "uv_size": [3, -1]}
							}
						},
						{
							"origin": [-6.75, 25.05, -16.875],
							"size": [1.5, 1.5, 1.5],
							"uv": {
								"north": {"uv": [52, 70], "uv_size": [2, 2]},
								"east": {"uv": [70, 55], "uv_size": [2, 2]},
								"south": {"uv": [58, 70], "uv_size": [2, 2]},
								"west": {"uv": [2, 71], "uv_size": [2, 2]},
								"up": {"uv": [19, 71], "uv_size": [2, 2]},
								"down": {"uv": [21, 73], "uv_size": [2, -2]}
							}
						},
						{
							"origin": [-3.25, 25.3, -16.625],
							"size": [0.25, 1, 1],
							"uv": {
								"north": {"uv": [75, 66], "uv_size": [1, 1]},
								"east": {"uv": [67, 75], "uv_size": [1, 1]},
								"south": {"uv": [75, 67], "uv_size": [1, 1]},
								"west": {"uv": [68, 75], "uv_size": [1, 1]},
								"up": {"uv": [75, 68], "uv_size": [1, 1]},
								"down": {"uv": [69, 76], "uv_size": [1, -1]}
							}
						}
					]
				},
				{
					"name": "Bolt2",
					"parent": "Bolt",
					"pivot": [8, 15.34, -0.025],
					"cubes": [
						{
							"origin": [8.25, 28.3, -12.51],
							"size": [1.5, 1.5, 2.842],
							"pivot": [8, 15.34, -0.025],
							"rotation": [0, 0, -45],
							"uv": {
								"north": {"uv": [0, 70], "uv_size": [2, 2]},
								"east": {"uv": [66, 51], "uv_size": [3, 2]},
								"south": {"uv": [4, 70], "uv_size": [2, 2]},
								"west": {"uv": [52, 66], "uv_size": [3, 2]},
								"up": {"uv": [55, 66], "uv_size": [2, 3]},
								"down": {"uv": [57, 69], "uv_size": [2, -3]}
							}
						},
						{
							"origin": [-1.99, 24.8, -22.875],
							"size": [1.99, 1.99, 0.675],
							"uv": {
								"north": {"uv": [25, 71], "uv_size": [2, 2]},
								"east": {"uv": [56, 73], "uv_size": [1, 2]},
								"south": {"uv": [71, 35], "uv_size": [2, 2]},
								"west": {"uv": [57, 73], "uv_size": [1, 2]},
								"up": {"uv": [58, 73], "uv_size": [2, 1]},
								"down": {"uv": [73, 61], "uv_size": [2, -1]}
							}
						},
						{
							"origin": [-1.75, 26.8, -22.875],
							"size": [1.5, 0.25, 0.675],
							"uv": {
								"north": {"uv": [73, 48], "uv_size": [2, 1]},
								"east": {"uv": [75, 69], "uv_size": [1, 1]},
								"south": {"uv": [73, 49], "uv_size": [2, 1]},
								"west": {"uv": [70, 75], "uv_size": [1, 1]},
								"up": {"uv": [73, 50], "uv_size": [2, 1]},
								"down": {"uv": [73, 52], "uv_size": [2, -1]}
							}
						}
					]
				},
				{
					"name": "Bolt3",
					"parent": "Bolt",
					"pivot": [8, 15.34, -0.025],
					"cubes": [
						{
							"origin": [9, 28.3, -8.51],
							"size": [0.75, 1, 1.925],
							"pivot": [8, 15.34, -0.025],
							"rotation": [0, 0, -45],
							"uv": {
								"north": {"uv": [75, 46], "uv_size": [1, 1]},
								"east": {"uv": [73, 32], "uv_size": [2, 1]},
								"south": {"uv": [47, 75], "uv_size": [1, 1]},
								"west": {"uv": [73, 33], "uv_size": [2, 1]},
								"up": {"uv": [17, 73], "uv_size": [1, 2]},
								"down": {"uv": [23, 75], "uv_size": [1, -2]}
							}
						},
						{
							"origin": [8.25, 28.3, -8.51],
							"size": [0.75, 1.5, 1.925],
							"pivot": [8, 15.34, -0.025],
							"rotation": [0, 0, -45],
							"uv": {
								"north": {"uv": [1, 74], "uv_size": [1, 2]},
								"east": {"uv": [71, 39], "uv_size": [2, 2]},
								"south": {"uv": [2, 74], "uv_size": [1, 2]},
								"west": {"uv": [46, 71], "uv_size": [2, 2]},
								"up": {"uv": [3, 74], "uv_size": [1, 2]},
								"down": {"uv": [4, 76], "uv_size": [1, -2]}
							}
						},
						{
							"origin": [8.125, 28.175, -5.76],
							"size": [1.75, 1.75, 0.342],
							"pivot": [8, 15.34, -0.025],
							"rotation": [0, 0, -45],
							"uv": {
								"north": {"uv": [17, 70], "uv_size": [2, 2]},
								"east": {"uv": [29, 73], "uv_size": [1, 2]},
								"south": {"uv": [70, 17], "uv_size": [2, 2]},
								"west": {"uv": [34, 73], "uv_size": [1, 2]},
								"up": {"uv": [73, 34], "uv_size": [2, 1]},
								"down": {"uv": [35, 74], "uv_size": [2, -1]}
							}
						},
						{
							"origin": [8.375, 28.425, -5.635],
							"size": [1.25, 1.25, 0.342],
							"pivot": [8, 15.34, -0.025],
							"rotation": [0, 0, -45],
							"uv": {
								"north": {"uv": [75, 48], "uv_size": [1, 1]},
								"east": {"uv": [49, 75], "uv_size": [1, 1]},
								"south": {"uv": [75, 49], "uv_size": [1, 1]},
								"west": {"uv": [50, 75], "uv_size": [1, 1]},
								"up": {"uv": [75, 50], "uv_size": [1, 1]},
								"down": {"uv": [51, 76], "uv_size": [1, -1]}
							}
						},
						{
							"origin": [8.875, 28.925, -5.385],
							"size": [0.25, 0.25, 0.145],
							"pivot": [8, 15.34, -0.025],
							"rotation": [0, 0, -45],
							"uv": {
								"north": {"uv": [75, 62], "uv_size": [1, 1]},
								"east": {"uv": [63, 75], "uv_size": [1, 1]},
								"south": {"uv": [75, 63], "uv_size": [1, 1]},
								"west": {"uv": [64, 75], "uv_size": [1, 1]},
								"up": {"uv": [75, 64], "uv_size": [1, 1]},
								"down": {"uv": [65, 76], "uv_size": [1, -1]}
							}
						},
						{
							"origin": [8.625, 28.675, -9.76],
							"size": [0.75, 0.75, 4.092],
							"pivot": [8, 15.34, -0.025],
							"rotation": [0, 0, -45],
							"uv": {
								"north": {"uv": [75, 47], "uv_size": [1, 1]},
								"east": {"uv": [69, 45], "uv_size": [4, 1]},
								"south": {"uv": [48, 75], "uv_size": [1, 1]},
								"west": {"uv": [70, 16], "uv_size": [4, 1]},
								"up": {"uv": [61, 68], "uv_size": [1, 4]},
								"down": {"uv": [23, 73], "uv_size": [1, -4]}
							}
						},
						{
							"origin": [-1.75, 25.925, -8.5],
							"size": [1.5, 1.2, 1.05],
							"uv": {
								"north": {"uv": [73, 35], "uv_size": [2, 1]},
								"east": {"uv": [75, 51], "uv_size": [1, 1]},
								"south": {"uv": [73, 36], "uv_size": [2, 1]},
								"west": {"uv": [52, 75], "uv_size": [1, 1]},
								"up": {"uv": [37, 73], "uv_size": [2, 1]},
								"down": {"uv": [73, 38], "uv_size": [2, -1]}
							}
						},
						{
							"origin": [-1.75, 25.925, -7.5],
							"size": [1.5, 0.7, 0.925],
							"uv": {
								"north": {"uv": [73, 39], "uv_size": [2, 1]},
								"east": {"uv": [75, 52], "uv_size": [1, 1]},
								"south": {"uv": [73, 40], "uv_size": [2, 1]},
								"west": {"uv": [53, 75], "uv_size": [1, 1]},
								"up": {"uv": [41, 73], "uv_size": [2, 1]},
								"down": {"uv": [73, 46], "uv_size": [2, -1]}
							}
						},
						{
							"origin": [-1.744, 26.55, -7.5],
							"size": [1.489, 0.325, 0.3],
							"uv": {
								"north": {"uv": [75, 56], "uv_size": [1, 1]},
								"east": {"uv": [57, 75], "uv_size": [1, 1]},
								"south": {"uv": [75, 57], "uv_size": [1, 1]},
								"west": {"uv": [58, 75], "uv_size": [1, 1]},
								"up": {"uv": [75, 58], "uv_size": [1, 1]},
								"down": {"uv": [59, 76], "uv_size": [1, -1]}
							}
						},
						{
							"origin": [-1.749, 22.65, -14.225],
							"size": [1.498, 0.325, 1],
							"pivot": [0, 11.25, -2.375],
							"rotation": [-27.5, 0, 0],
							"uv": {
								"north": {"uv": [75, 53], "uv_size": [1, 1]},
								"east": {"uv": [54, 75], "uv_size": [1, 1]},
								"south": {"uv": [75, 54], "uv_size": [1, 1]},
								"west": {"uv": [55, 75], "uv_size": [1, 1]},
								"up": {"uv": [75, 55], "uv_size": [1, 1]},
								"down": {"uv": [56, 76], "uv_size": [1, -1]}
							}
						},
						{
							"origin": [-1.75, 26.8, -12.25],
							"size": [1.5, 0.325, 3.8],
							"uv": {
								"north": {"uv": [73, 38], "uv_size": [2, 1]},
								"east": {"uv": [70, 19], "uv_size": [4, 1]},
								"south": {"uv": [39, 73], "uv_size": [2, 1]},
								"west": {"uv": [70, 20], "uv_size": [4, 1]},
								"up": {"uv": [63, 1], "uv_size": [2, 4]},
								"down": {"uv": [4, 67], "uv_size": [2, -4]}
							}
						},
						{
							"origin": [-1.05, 25.3, -5.375],
							"size": [0.125, 0.825, 0.1],
							"uv": {
								"north": {"uv": [75, 59], "uv_size": [1, 1]},
								"east": {"uv": [60, 75], "uv_size": [1, 1]},
								"south": {"uv": [75, 60], "uv_size": [1, 1]},
								"west": {"uv": [61, 75], "uv_size": [1, 1]},
								"up": {"uv": [75, 61], "uv_size": [1, 1]},
								"down": {"uv": [62, 76], "uv_size": [1, -1]}
							}
						}
					]
				},
				{
					"name": "bullet",
					"parent": "main",
					"pivot": [-0.15, 26.4, -36.075],
					"cubes": [
						{
							"origin": [-1.3, 20.3, -22.575],
							"size": [1, 1, 8],
							"inflate": 0.2,
							"pivot": [-0.15, 21.4, -22.575],
							"rotation": [0, 0, 45],
							"uv": {
								"north": {"uv": [74, 65], "uv_size": [1, 1]},
								"east": {"uv": [62, 55], "uv_size": [8, 1]},
								"south": {"uv": [66, 74], "uv_size": [1, 1]},
								"west": {"uv": [63, 0], "uv_size": [8, 1]},
								"up": {"uv": [51, 62], "uv_size": [1, 8]},
								"down": {"uv": [3, 71], "uv_size": [1, -8]}
							}
						}
					]
				},
				{
					"name": "bullet2",
					"parent": "main",
					"pivot": [-0.15, 26.4, -26.075],
					"cubes": [
						{
							"origin": [-1.3, 23.8, -35.075],
							"size": [1, 1, 8],
							"inflate": 0.2,
							"pivot": [-0.15, 24.9, -35.075],
							"rotation": [0, 0, 45],
							"uv": {
								"north": {"uv": [74, 65], "uv_size": [1, 1]},
								"east": {"uv": [62, 55], "uv_size": [8, 1]},
								"south": {"uv": [66, 74], "uv_size": [1, 1]},
								"west": {"uv": [63, 0], "uv_size": [8, 1]},
								"up": {"uv": [51, 62], "uv_size": [1, 8]},
								"down": {"uv": [3, 71], "uv_size": [1, -8]}
							}
						}
					]
				},
				{
					"name": "rightarm",
					"parent": "main",
					"pivot": [-4.3, 8.8, 11.425],
					"rotation": [-101.81106, -12.40003, -2.46982],
					"cubes": [
						{
							"origin": [-7.925, -10.075, 2.05],
							"size": [8, 24, 8],
							"pivot": [-0.925, -5.075, 11.05],
							"rotation": [0, 0, -2.5],
							"uv": {
								"north": {"uv": [0, 0], "uv_size": [8, 24]},
								"east": {"uv": [8, 0], "uv_size": [8, 24]},
								"south": {"uv": [16, 0], "uv_size": [8, 24]},
								"west": {"uv": [0, 24], "uv_size": [8, 24]},
								"up": {"uv": [32, 0], "uv_size": [8, 8]},
								"down": {"uv": [32, 16], "uv_size": [8, -8]}
							}
						}
					]
				},
				{
					"name": "leftarm",
					"parent": "main",
					"pivot": [-22.675, 11.425, -22.85],
					"rotation": [-119.61483, 1.67666, -38.31282],
					"cubes": [
						{
							"origin": [-5.425, 35.05, -26.85],
							"size": [8, 24, 8],
							"uv": {
								"north": {"uv": [24, 0], "uv_size": [8, 24]},
								"east": {"uv": [8, 24], "uv_size": [8, 24]},
								"south": {"uv": [16, 24], "uv_size": [8, 24]},
								"west": {"uv": [24, 24], "uv_size": [8, 24]},
								"up": {"uv": [32, 16], "uv_size": [8, 8]},
								"down": {"uv": [32, 32], "uv_size": [8, -8]}
							}
						}
					]
				},
				{
					"name": "muzzleflash",
					"parent": "main",
					"pivot": [-1, 24.85, -39.875],
					"cubes": [
						{
							"origin": [-1.5, 24.35, -40.05],
							"size": [1, 1, 1],
							"inflate": -0.4,
							"uv": {
								"north": {"uv": [53, 22], "uv_size": [1, 1]},
								"east": {"uv": [35, 57], "uv_size": [1, 1]},
								"south": {"uv": [21, 61], "uv_size": [1, 1]},
								"west": {"uv": [54, 68], "uv_size": [1, 1]},
								"up": {"uv": [68, 67], "uv_size": [1, 1]},
								"down": {"uv": [58, 70], "uv_size": [1, -1]}
							}
						}
					]
				},
				{
					"name": "scope",
					"parent": "main",
					"pivot": [-0.975, 27.3, -5.625],
					"cubes": [
						{
							"origin": [-1.475, 26.8, -6.125],
							"size": [1, 1, 1],
							"inflate": -0.4,
							"uv": {
								"north": {"uv": [25, 70], "uv_size": [1, 1]},
								"east": {"uv": [37, 70], "uv_size": [1, 1]},
								"south": {"uv": [33, 74], "uv_size": [1, 1]},
								"west": {"uv": [39, 74], "uv_size": [1, 1]},
								"up": {"uv": [40, 74], "uv_size": [1, 1]},
								"down": {"uv": [41, 75], "uv_size": [1, -1]}
							}
						}
					]
				}
			]
		}
	]
}