{
	"format_version": "1.12.0",
	"minecraft:geometry": [
		{
			"description": {
				"identifier": "geometry.unknown",
				"texture_width": 256,
				"texture_height": 256,
				"visible_bounds_width": 8,
				"visible_bounds_height": 4,
				"visible_bounds_offset": [0, 1, 0]
			},
			"bones": [
				{
					"name": "main",
					"pivot": [0, 20, 0]
				},
				{
					"name": "gun",
					"parent": "main",
					"pivot": [1, 11, -1]
				},
				{
					"name": "Bolt",
					"parent": "gun",
					"pivot": [-10.875, 14.375, 13.125],
					"cubes": [
						{"origin": [-2.875, 24.75, -21.125], "size": [1.375, 1.625, 4.875], "uv": [36, 216]},
						{"origin": [-6.125, 25.125, -12.625], "size": [4.125, 1.125, 0.625], "uv": [24, 216]},
						{"origin": [10.2, 33.67, -21.125], "size": [0.7, 1.4, 4.875], "pivot": [16.125, 14.125, 13.125], "rotation": [0, 0, -45], "uv": [14, 213]},
						{"origin": [-13.725, 28.505, -21.125], "size": [1, 1.4, 4.875], "pivot": [-10.875, 14.375, 13.125], "rotation": [0, 0, 45], "uv": [0, 222]}
					]
				},
				{
					"name": "Metal",
					"parent": "gun",
					"pivot": [0, 8, 1],
					"cubes": [
						{"origin": [-3.01, 25.05, -22], "size": [0.5, 1.25, 13.125], "uv": [183, 241]},
						{"origin": [-3.01, 25.05, -8.875], "size": [0.5, 1.375, 1.125], "uv": [191, 229]},
						{"origin": [-12.73, 19.925, -10.625], "size": [0.5, 1.125, 1.75], "pivot": [0.125, 11.375, 3.875], "rotation": [0, 0, 45], "uv": [191, 228]},
						{"origin": [-12.73, 19.8, -8.875], "size": [0.5, 1.25, 1.125], "pivot": [0.125, 11.375, 3.875], "rotation": [0, 0, 45], "uv": [188, 233]},
						{"origin": [-2, 26.25, -56.999], "size": [2, 1.125, 59], "uv": [0, 0]},
						{"origin": [-1.625, 26.26, -33.874], "size": [1.25, 1.125, 1.25], "uv": [238, 254]},
						{"origin": [-1.625, 26.26, -36.749], "size": [1.25, 1.125, 1.25], "uv": [225, 254]},
						{"origin": [-1.625, 26.26, -39.749], "size": [1.25, 1.125, 1.25], "uv": [219, 254]},
						{"origin": [-1.625, 26.26, -43.124], "size": [1.25, 1.125, 1.25], "uv": [215, 254]},
						{"origin": [-1.625, 26.26, -55.124], "size": [1.25, 1.125, 1.25], "uv": [244, 249]},
						{"origin": [-1.625, 26.26, -51.999], "size": [1.25, 1.125, 1.25], "uv": [251, 249]},
						{"origin": [-1.625, 26.26, -48.999], "size": [1.25, 1.125, 1.25], "uv": [197, 254]},
						{"origin": [-1.625, 26.26, -46.124], "size": [1.25, 1.125, 1.25], "uv": [209, 254]},
						{"origin": [-14.875, 11.26, -55.124], "size": [1.25, 1.125, 1.25], "pivot": [0, 11.375, -1], "rotation": [0, 0, 90], "uv": [217, 216]},
						{"origin": [-14.875, 11.26, -51.999], "size": [1.25, 1.125, 1.25], "pivot": [0, 11.375, -1], "rotation": [0, 0, 90], "uv": [228, 210]},
						{"origin": [-14.875, 11.26, -48.999], "size": [1.25, 1.125, 1.25], "pivot": [0, 11.375, -1], "rotation": [0, 0, 90], "uv": [228, 212]},
						{"origin": [-14.875, 11.26, -46.124], "size": [1.25, 1.125, 1.25], "pivot": [0, 11.375, -1], "rotation": [0, 0, 90], "uv": [225, 225]},
						{"origin": [-14.875, 11.26, -43.124], "size": [1.25, 1.125, 1.25], "pivot": [0, 11.375, -1], "rotation": [0, 0, 90], "uv": [228, 226]},
						{"origin": [-14.875, 11.26, -39.749], "size": [1.25, 1.125, 1.25], "pivot": [0, 11.375, -1], "rotation": [0, 0, 90], "uv": [197, 227]},
						{"origin": [-14.875, 11.26, -36.749], "size": [1.25, 1.125, 1.25], "pivot": [0, 11.375, -1], "rotation": [0, 0, 90], "uv": [219, 228]},
						{"origin": [-14.875, 11.26, -33.874], "size": [1.25, 1.125, 1.25], "pivot": [0, 11.375, -1], "rotation": [0, 0, 90], "uv": [197, 231]},
						{"origin": [-14.875, 8.36, -55.124], "size": [1.25, 1.125, 1.25], "pivot": [0, 11.375, -1], "rotation": [0, 0, 90], "uv": [197, 196]},
						{"origin": [-14.875, 8.36, -51.999], "size": [1.25, 1.125, 1.25], "pivot": [0, 11.375, -1], "rotation": [0, 0, 90], "uv": [207, 199]},
						{"origin": [-14.875, 8.36, -48.999], "size": [1.25, 1.125, 1.25], "pivot": [0, 11.375, -1], "rotation": [0, 0, 90], "uv": [197, 214]},
						{"origin": [-14.875, 8.36, -46.124], "size": [1.25, 1.125, 1.25], "pivot": [0, 11.375, -1], "rotation": [0, 0, 90], "uv": [217, 208]},
						{"origin": [-14.875, 8.36, -43.124], "size": [1.25, 1.125, 1.25], "pivot": [0, 11.375, -1], "rotation": [0, 0, 90], "uv": [217, 210]},
						{"origin": [-14.875, 8.36, -39.749], "size": [1.25, 1.125, 1.25], "pivot": [0, 11.375, -1], "rotation": [0, 0, 90], "uv": [217, 212]},
						{"origin": [-14.875, 8.36, -36.749], "size": [1.25, 1.125, 1.25], "pivot": [0, 11.375, -1], "rotation": [0, 0, 90], "uv": [217, 214]},
						{"origin": [-14.875, 8.36, -33.874], "size": [1.25, 1.125, 1.25], "pivot": [0, 11.375, -1], "rotation": [0, 0, 90], "uv": [197, 216]},
						{"origin": [-11.25, 21.6, -47.874], "size": [1.25, 1.125, 1.25], "pivot": [0, 11.375, -1], "rotation": [0, 0, 45], "uv": [249, 225]},
						{"origin": [-11.25, 21.6, -50.749], "size": [1.25, 1.125, 1.25], "pivot": [0, 11.375, -1], "rotation": [0, 0, 45], "uv": [249, 227]},
						{"origin": [-11.25, 21.6, -53.749], "size": [1.25, 1.125, 1.25], "pivot": [0, 11.375, -1], "rotation": [0, 0, 45], "uv": [249, 229]},
						{"origin": [-11.25, 21.6, -44.874], "size": [1.25, 1.125, 1.25], "pivot": [0, 11.375, -1], "rotation": [0, 0, 45], "uv": [249, 243]},
						{"origin": [-11.25, 21.6, -41.499], "size": [1.25, 1.125, 1.25], "pivot": [0, 11.375, -1], "rotation": [0, 0, 45], "uv": [251, 206]},
						{"origin": [-11.25, 21.6, -38.499], "size": [1.25, 1.125, 1.25], "pivot": [0, 11.375, -1], "rotation": [0, 0, 45], "uv": [251, 233]},
						{"origin": [-11.25, 21.6, -35.624], "size": [1.25, 1.125, 1.25], "pivot": [0, 11.375, -1], "rotation": [0, 0, 45], "uv": [251, 245]},
						{"origin": [-12.76, 19.9, -47.874], "size": [1.25, 1.25, 1.25], "pivot": [0, 11.375, -1], "rotation": [0, 0, 45], "uv": [238, 224]},
						{"origin": [-12.76, 19.9, -44.874], "size": [1.25, 1.25, 1.25], "pivot": [0, 11.375, -1], "rotation": [0, 0, 45], "uv": [238, 226]},
						{"origin": [-12.76, 19.9, -50.749], "size": [1.25, 1.25, 1.25], "pivot": [0, 11.375, -1], "rotation": [0, 0, 45], "uv": [218, 237]},
						{"origin": [-12.76, 19.9, -53.749], "size": [1.25, 1.25, 1.25], "pivot": [0, 11.375, -1], "rotation": [0, 0, 45], "uv": [241, 210]},
						{"origin": [-12.76, 19.9, -41.499], "size": [1.25, 1.25, 1.25], "pivot": [0, 11.375, -1], "rotation": [0, 0, 45], "uv": [241, 212]},
						{"origin": [-12.76, 19.9, -38.499], "size": [1.25, 1.25, 1.25], "pivot": [0, 11.375, -1], "rotation": [0, 0, 45], "uv": [241, 225]},
						{"origin": [-12.76, 19.9, -35.624], "size": [1.25, 1.25, 1.25], "pivot": [0, 11.375, -1], "rotation": [0, 0, 45], "uv": [218, 239]},
						{"origin": [-10, 20.2, -53.749], "size": [1.25, 1.25, 1.25], "pivot": [0, 11.375, -1], "rotation": [0, 0, 45], "uv": [225, 232]},
						{"origin": [-10, 20.2, -50.749], "size": [1.25, 1.25, 1.25], "pivot": [0, 11.375, -1], "rotation": [0, 0, 45], "uv": [197, 233]},
						{"origin": [-10, 20.2, -47.874], "size": [1.25, 1.25, 1.25], "pivot": [0, 11.375, -1], "rotation": [0, 0, 45], "uv": [236, 194]},
						{"origin": [-10, 20.2, -44.874], "size": [1.25, 1.25, 1.25], "pivot": [0, 11.375, -1], "rotation": [0, 0, 45], "uv": [236, 196]},
						{"origin": [-10, 20.2, -41.499], "size": [1.25, 1.25, 1.25], "pivot": [0, 11.375, -1], "rotation": [0, 0, 45], "uv": [236, 198]},
						{"origin": [-10, 20.2, -38.499], "size": [1.25, 1.25, 1.25], "pivot": [0, 11.375, -1], "rotation": [0, 0, 45], "uv": [225, 234]},
						{"origin": [-10, 20.2, -35.624], "size": [1.25, 1.25, 1.25], "pivot": [0, 11.375, -1], "rotation": [0, 0, 45], "uv": [217, 235]},
						{"origin": [-11.5, 18.68, -35.624], "size": [1.25, 1.15, 1.25], "pivot": [0, 11.375, -1], "rotation": [0, 0, 45], "uv": [245, 243]},
						{"origin": [-11.5, 18.68, -38.499], "size": [1.25, 1.15, 1.25], "pivot": [0, 11.375, -1], "rotation": [0, 0, 45], "uv": [248, 198]},
						{"origin": [-11.5, 18.68, -41.499], "size": [1.25, 1.15, 1.25], "pivot": [0, 11.375, -1], "rotation": [0, 0, 45], "uv": [211, 245]},
						{"origin": [-11.5, 18.68, -44.874], "size": [1.25, 1.15, 1.25], "pivot": [0, 11.375, -1], "rotation": [0, 0, 45], "uv": [215, 245]},
						{"origin": [-11.5, 18.68, -47.874], "size": [1.25, 1.15, 1.25], "pivot": [0, 11.375, -1], "rotation": [0, 0, 45], "uv": [219, 245]},
						{"origin": [-11.5, 18.68, -50.749], "size": [1.25, 1.15, 1.25], "pivot": [0, 11.375, -1], "rotation": [0, 0, 45], "uv": [225, 245]},
						{"origin": [-11.5, 18.68, -53.749], "size": [1.25, 1.15, 1.25], "pivot": [0, 11.375, -1], "rotation": [0, 0, 45], "uv": [229, 245]},
						{"origin": [-1.625, 23.74, -51.999], "size": [1.25, 1.125, 1.25], "uv": [251, 247]},
						{"origin": [-1.625, 23.74, -48.999], "size": [1.25, 1.125, 1.25], "uv": [252, 198]},
						{"origin": [-1.625, 23.74, -55.124], "size": [1.25, 1.125, 1.25], "uv": [252, 220]},
						{"origin": [-1.625, 23.74, -46.124], "size": [1.25, 1.125, 1.25], "uv": [252, 222]},
						{"origin": [-1.625, 23.74, -43.124], "size": [1.25, 1.125, 1.25], "uv": [252, 226]},
						{"origin": [-1.625, 23.74, -39.749], "size": [1.25, 1.125, 1.25], "uv": [252, 228]},
						{"origin": [-1.625, 23.74, -36.749], "size": [1.25, 1.125, 1.25], "uv": [252, 230]},
						{"origin": [-1.625, 23.74, -33.874], "size": [1.25, 1.125, 1.25], "uv": [240, 249]},
						{"origin": [-2, 23.75, -56.999], "size": [2, 1.125, 33], "uv": [63, 0]},
						{"origin": [-2.12976, 23.36656, -31.71584], "size": [2.37976, 1.33862, 7.62664], "uv": [230, 31]},
						{"origin": [-2, 21.25, -25.999], "size": [2, 2.5, 2], "uv": [51, 0]},
						{"origin": [13.2, 33.475, -57], "size": [0.7, 1.4, 59], "pivot": [16, 14.375, -1], "rotation": [0, 0, -45], "uv": [138, -59]},
						{"origin": [10.075, 33.67, -25.5], "size": [0.7, 1.4, 1.5], "pivot": [16, 14.125, -1], "rotation": [0, 0, -45], "uv": [254, 80]},
						{"origin": [-0.375, 24.75, -57], "size": [1.375, 1.625, 59], "uv": [61, 61]},
						{"origin": [0, 25.225, -57.01], "size": [0.75, 0.75, 0.375], "uv": [139, 248]},
						{"origin": [-2.75, 25.225, -57.01], "size": [0.75, 0.75, 0.375], "uv": [139, 248]},
						{"origin": [-1.375, 26.425, -57.01], "size": [0.75, 0.75, 0.375], "uv": [139, 248]},
						{"origin": [-14, 29.3, -57.01], "size": [0.75, 0.75, 0.375], "pivot": [-11.5, 14.125, -1], "rotation": [0, 0, 45], "uv": [139, 248]},
						{"origin": [-11, 29.3, -57.01], "size": [0.75, 0.75, 0.375], "pivot": [-11.5, 14.125, -1], "rotation": [0, 0, 45], "uv": [139, 248]},
						{"origin": [-13.125, 29.3, -57.01], "size": [0.75, 0.75, 0.375], "pivot": [-13.625, 14.125, -1], "rotation": [0, 0, 45], "uv": [139, 248]},
						{"origin": [-13.125, 32.3, -57.01], "size": [0.75, 0.75, 0.375], "pivot": [-13.625, 14.125, -1], "rotation": [0, 0, 45], "uv": [139, 248]},
						{"origin": [-1.375, 23.945, -57.01], "size": [0.75, 0.75, 0.375], "uv": [139, 248]},
						{"origin": [-13.85, 28.53, -57], "size": [1, 1.4, 26.25], "pivot": [-11, 14.375, -1], "rotation": [0, 0, 45], "uv": [0, 27]},
						{"origin": [13.2, 33.725, 0.875], "size": [0.7, 1.4, 1.375], "pivot": [16, 14.625, -0.75], "rotation": [0, 0, -45], "uv": [3, 9]},
						{"origin": [-2, 26.5, 0.876], "size": [2, 1.125, 1.375], "uv": [0, 12]},
						{"origin": [-13.85, 28.755, 0.875], "size": [1, 1.4, 1.375], "pivot": [-11, 14.625, -0.75], "rotation": [0, 0, 45], "uv": [63, 2]},
						{"origin": [-11.03, 28.73, -57], "size": [1, 1.4, 33], "pivot": [-11, 14.125, -1], "rotation": [0, 0, 45], "uv": [100, 1]},
						{"origin": [-3, 24.75, -57], "size": [1.375, 1.625, 26.625], "uv": [0, 60]},
						{"origin": [-2.375, 24, -30.375], "size": [1.375, 3, 4.875], "uv": [0, 0]},
						{"origin": [-3, 24.75, -25.5], "size": [1.375, 1.625, 26.375], "uv": [61, 61]},
						{"origin": [-13.85, 28.53, -25.25], "size": [1, 1.4, 26.75], "pivot": [-11, 14.375, -1], "rotation": [0, 0, 45], "uv": [0, 87]},
						{"origin": [10.075, 33.67, -57], "size": [0.7, 1.4, 26.625], "pivot": [16, 14.125, -1], "rotation": [0, 0, -45], "uv": [76, 216]},
						{"origin": [12.23805, 35.17018, -31.71703], "size": [0.83292, 1.66583, 1.37664], "pivot": [19.2881, 11.91396, 3.27687], "rotation": [0, 0, -45], "uv": [201, 3]},
						{"origin": [-3.31964, 24.55645, -30.3404], "size": [1.48735, 1.93356, 0], "uv": [22, 7]},
						{"origin": [-3.31964, 24.55645, -31.71703], "size": [1.48735, 1.93356, 1.37664], "uv": [211, 62]},
						{"origin": [-3.31964, 24.55645, -25.46703], "size": [1.48735, 1.93356, 1.37664], "uv": [189, 0]},
						{"origin": [12.23805, 35.17018, -25.46703], "size": [0.83292, 1.66583, 1.37664], "pivot": [19.2881, 11.91396, 9.52687], "rotation": [0, 0, -45], "uv": [201, 1]},
						{"origin": [12.23805, 35.17018, -30.34203], "size": [0.33292, 1.41583, 4.87664], "pivot": [19.2881, 11.91396, 9.52687], "rotation": [0, 0, -45], "uv": [220, 20]},
						{"origin": [-16.22985, 29.02445, -31.71703], "size": [1.18988, 1.66583, 1.37664], "pivot": [-12.83869, 12.21143, 3.27687], "rotation": [0, 0, 45], "uv": [252, 4]},
						{"origin": [-16.22985, 29.02445, -25.46703], "size": [1.18988, 1.66583, 1.37664], "pivot": [-12.83869, 12.21143, 3.27687], "rotation": [0, 0, 45], "uv": [217, 62]},
						{"origin": [-16.22985, 29.39945, -30.34203], "size": [0.43988, 1.29083, 4.87664], "pivot": [-12.83869, 12.21143, 3.27687], "rotation": [0, 0, 45], "uv": [202, 37]},
						{"origin": [-2.12976, 26.34127, -31.71584], "size": [2.37976, 1.33862, 7.62664], "uv": [37, 44]},
						{"origin": [15.95643, 34.93816, -31.71703], "size": [0.83292, 1.66583, 7.62664], "pivot": [19.2881, 12.21143, 3.27687], "rotation": [0, 0, -45], "uv": [189, 41]},
						{"origin": [-0.04747, 24.55645, -31.71703], "size": [1.48735, 1.93356, 7.62664], "uv": [231, 17]},
						{"origin": [-34.07235, 24.55645, -29.4], "size": [2.11235, 1.93356, 2.25164], "pivot": [-13.125, 8.64179, -0.84813], "rotation": [0, -65, 0], "uv": [7, 49]},
						{"origin": [-33.82235, 24.80645, -29.15], "size": [1.61235, 1.93356, 1.75164], "pivot": [-13.125, 8.64179, -0.84813], "rotation": [0, -65, 0], "uv": [45, 60]},
						{"origin": [-14.54747, 24.55645, -34.96703], "size": [3.86235, 1.93356, 6.75164], "pivot": [-13.125, 8.64179, -0.84813], "rotation": [0, -27.5, 0], "uv": [61, 61]},
						{"origin": [-15.42247, 24.68145, -33.09203], "size": [10.11235, 1.68356, 3.87664], "pivot": [-13.125, 8.64179, -0.84813], "rotation": [0, -27.5, 0], "uv": [31, 12]},
						{"origin": [-12.87439, 29.29217, -31.71703], "size": [1.18988, 1.66583, 7.62664], "pivot": [-12.83869, 11.91396, 3.27687], "rotation": [0, 0, 45], "uv": [217, 68]},
						{"origin": [-1.6875, 24.875, -57.01], "size": [1.375, 1.375, 59], "uv": [0, 60]},
						{"origin": [-3.01, 25, 0.75], "size": [1.25, 1.625, 1.5], "uv": [41, 62]},
						{"origin": [-1.751, 25, 0.75], "size": [1.52, 1.5, 1.5], "uv": [52, 62]},
						{"origin": [-0.24, 25, 0.75], "size": [1.25, 1.625, 1.5], "uv": [63, 0]},
						{"origin": [-3.01, 12.225, 35.02], "size": [4.02, 11.9, 1], "pivot": [0, 8.625, -2], "rotation": [-5, 0, 0], "uv": [246, 58]}
					]
				},
				{
					"name": "bone3",
					"parent": "Metal",
					"pivot": [0, 27, -11.25],
					"rotation": [-87.5, 0, 0],
					"cubes": [
						{"origin": [-1.751, 39.625, -7.75], "size": [1.645, 1, 0.25], "pivot": [0, 27.125, -11.25], "rotation": [12.5, 0, 0], "uv": [254, 95]},
						{"origin": [-1.751, 39.625, -7.5], "size": [1.645, 1, 0.25], "pivot": [0, 27.125, -11.25], "rotation": [12.5, 0, 0], "uv": [213, 5]},
						{"origin": [-1.751, 39.625, -7], "size": [1.645, 1, 0.25], "pivot": [0, 27.125, -11.25], "rotation": [12.5, 0, 0], "uv": [213, 4]},
						{"origin": [-1.751, 39.625, -6.75], "size": [1.645, 1, 0.25], "pivot": [0, 27.125, -11.25], "rotation": [12.5, 0, 0], "uv": [254, 91]},
						{"origin": [-1.751, 39.625, -6.5], "size": [1.645, 1, 0.25], "pivot": [0, 27.125, -11.25], "rotation": [12.5, 0, 0], "uv": [213, 0]},
						{"origin": [-1.751, 39.625, -6.25], "size": [1.645, 1, 0.875], "pivot": [0, 27.125, -11.25], "rotation": [12.5, 0, 0], "uv": [244, 89]},
						{"origin": [-1.751, 39.625, -7.25], "size": [1.645, 1, 0.25], "pivot": [0, 27.125, -11.25], "rotation": [12.5, 0, 0], "uv": [254, 92]},
						{"origin": [-1.626, 40.3539, -8.78319], "size": [1.395, 1.125, 1.25], "uv": [252, 61]},
						{"origin": [-2.635, 40.3539, -8.78319], "size": [1, 1, 1.25], "uv": [191, 62]},
						{"origin": [-0.24, 40.3539, -8.78319], "size": [0.875, 1, 1.25], "uv": [196, 11]}
					]
				},
				{
					"name": "bone4",
					"parent": "bone3",
					"pivot": [0, 27.5, -12.875],
					"rotation": [-7.5, 0, 0],
					"cubes": [
						{"origin": [-13.58483, 44.89517, -11], "size": [1, 1.4, 1.125], "pivot": [-11, 30.5, -12.875], "rotation": [0, 0, 45], "uv": [203, 62]},
						{"origin": [-2.635, 41.75, -11], "size": [1, 0.75, 1.25], "pivot": [0, 27.5, -13], "rotation": [0, 0, 0], "uv": [198, 0]},
						{"origin": [-1.626, 41.75, -11], "size": [1.395, 0.875, 1.25], "pivot": [0, 27.5, -13], "rotation": [0, 0, 0], "uv": [198, 1]},
						{"origin": [-0.24, 41.75, -11], "size": [0.875, 0.75, 1.25], "pivot": [0, 27.5, -13], "rotation": [0, 0, 0], "uv": [191, 0]},
						{"origin": [12.93483, 49.86517, -11], "size": [0.7, 1.4, 1.125], "pivot": [16, 30.5, -12.875], "rotation": [0, 0, -45], "uv": [203, 0]},
						{"origin": [-1.675, 42.375, -10.999], "size": [1.275, 1.125, 1.125], "pivot": [0, 27.5, -12.875], "rotation": [0, 0, 0], "uv": [209, 62]}
					]
				},
				{
					"name": "Sight",
					"parent": "Metal",
					"pivot": [0, 10.5311, -11.7509],
					"cubes": [
						{"origin": [-0.715, 27.5, -11.1], "size": [0.675, 0.9, 0.3], "uv": [241, 3]},
						{"origin": [-1.365, 27.5, -11.08], "size": [0.675, 0.75, 0.27], "uv": [241, 3]},
						{"origin": [-1.96, 27.5, -11.1], "size": [0.675, 0.9, 0.3], "uv": [241, 3]},
						{"origin": [-1.9602, 27.2, -16.15], "size": [1.9602, 0.6, 5.475], "uv": [213, 30]},
						{"origin": [-1.15, 27.5, -56.83], "size": [0.3, 1, 0.895], "uv": [241, 3]},
						{"origin": [-1.9602, 27.2, -56.9], "size": [1.9602, 0.35, 1.1], "uv": [246, 6]}
					]
				},
				{
					"name": "Trigger",
					"parent": "Metal",
					"pivot": [0, 0.25, 7.75],
					"cubes": [
						{"origin": [-2, 48.1, 11.75], "size": [2, 1, 1.5], "pivot": [0, 37.25, -4.65], "rotation": [-102.5, 0, 0], "uv": [0, 31]},
						{"origin": [-2, 4.625, 26.55], "size": [2, 2, 1], "pivot": [0, 0.625, 7.75], "rotation": [85, 0, 0], "uv": [0, 28]},
						{"origin": [-2, 6.25, 25.751], "size": [2, 1, 3], "pivot": [0, 0.25, 7.75], "rotation": [85, 0, 0], "uv": [63, 49]},
						{"origin": [-2, 46.35, 28.65], "size": [2, 1, 1.6], "pivot": [0, 35.25, 12.35], "rotation": [-154, 0, 0], "uv": [28, 29]},
						{"origin": [-2, 30.55, 33.15], "size": [2, 1, 1.6], "pivot": [0, 19.25, 17.35], "rotation": [150, 0, 0], "uv": [28, 27]},
						{"origin": [-2, 7.45, 33.02], "size": [2, 4, 1], "pivot": [0, -3.75, 12.75], "rotation": [90, 0, 0], "uv": [0, 7]},
						{"origin": [-2, 15.25, 27.35], "size": [2, 1, 2], "pivot": [0, 4.25, 11.35], "rotation": [102.5, 0, 0], "uv": [49, 28]},
						{"origin": [-2, 11.25, 26.751], "size": [2, 1, 3], "pivot": [0, 0.25, 7.75], "rotation": [90, 0, 0], "uv": [0, 49]},
						{"origin": [-1.5, 9.75, 30.05], "size": [1.5, 0.7, 3], "pivot": [0, -1.75, 10.75], "rotation": [85, 0, 0], "uv": [240, 47]},
						{"origin": [-2, 12.25, 27.525], "size": [2, 7.75, 1.125], "pivot": [0, 0.25, 7.75], "rotation": [90, 0, 0], "uv": [51, 16]}
					]
				},
				{
					"name": "Wood",
					"parent": "gun",
					"pivot": [0, 8, 1],
					"cubes": [
						{"origin": [-3, 23.225, 12.825], "size": [4.01, 2.8, 19.375], "pivot": [0, 8.625, -2], "rotation": [-22.5, 0, 0], "uv": [61, 88]},
						{
							"origin": [-3.01, 24.5, -24],
							"size": [4.02, 0.5, 12],
							"uv": {
								"north": {"uv": [120, 98], "uv_size": [4, 1]},
								"east": {"uv": [109, 105], "uv_size": [12, 1]},
								"south": {"uv": [120, 109], "uv_size": [4, 1]},
								"west": {"uv": [110, 7], "uv_size": [12, 1]},
								"up": {"uv": [21, 71], "uv_size": [4, 12]},
								"down": {"uv": [26, 83], "uv_size": [4, -12]}
							}
						},
						{
							"origin": [-3.01, 24.5, -12],
							"size": [4.02, 0.5, 14],
							"uv": {
								"north": {"uv": [90, 120], "uv_size": [4, 1]},
								"east": {"uv": [106, 100], "uv_size": [14, 1]},
								"south": {"uv": [120, 96], "uv_size": [4, 1]},
								"west": {"uv": [107, 20], "uv_size": [14, 1]},
								"up": {"uv": [47, 60], "uv_size": [4, 14]},
								"down": {"uv": [6, 78], "uv_size": [4, -14]}
							}
						},
						{"origin": [-3, 23, 2], "size": [4, 2, 2], "uv": [13, 37]},
						{"origin": [-3.01, 20.25, -24], "size": [4.02, 1.875, 28], "uv": [0, 120]},
						{"origin": [-3.01, 22.125, -24], "size": [4.02, 2.375, 4.25], "uv": [40, 72]},
						{"origin": [-3.01, 22.125, -5.125], "size": [4.02, 2.375, 7.75], "uv": [0, 28]},
						{"origin": [-2.76, 22.125, -21.75], "size": [3.52, 2.375, 25.75], "uv": [0, 0]},
						{"origin": [-3.0199, 20.6, 1.02], "size": [3.9999, 4.8, 2], "pivot": [0, 11, -1], "rotation": [-7.5, 0, 0], "uv": [15, 28]},
						{"origin": [-3.01, 20.6, 3.02], "size": [4.02, 3.8, 5], "pivot": [0, 11, -1], "rotation": [-7.5, 0, 0], "uv": [28, 60]},
						{"origin": [-2.98, 22.85, 1.645], "size": [3.95, 4.2, 6.125], "pivot": [0, 11, -1], "rotation": [-32.5, 0, 0], "uv": [39, 0]},
						{"origin": [-2.98, 16.225, 12.77], "size": [3.95, 4.2, 7.125], "uv": [28, 27]},
						{"origin": [-2.97, 16.225, 23.02], "size": [3.95, 6.8, 7], "pivot": [0, 8.625, -2], "rotation": [-5, 0, 0], "uv": [0, 7]},
						{"origin": [-2.97, 14.225, 30.02], "size": [3.95, 8.8, 5], "pivot": [0, 8.625, -2], "rotation": [-5, 0, 0], "uv": [28, 38]},
						{"origin": [-2.97, 28.125, -0.2], "size": [3.95, 4.8, 2], "pivot": [0, 9.625, -2], "rotation": [-52.5, 0, 0], "uv": [48, 43]},
						{"origin": [-2.99, 22.225, 16.4], "size": [3.99, 1.8, 19.2], "pivot": [0, 8.625, -2], "rotation": [-5, 0, 0], "uv": [90, 39]},
						{"origin": [-2.99, 21.6, 0.02], "size": [3.98, 4.2, 20], "pivot": [0, 11, -1], "rotation": [-15, 0, 0], "uv": [63, 34]},
						{"origin": [-2.96, 18.225, 17.02], "size": [3.93, 4.8, 6], "pivot": [0, 8.625, -2], "rotation": [-5, 0, 0], "uv": [0, 60]}
					]
				},
				{
					"name": "magazine",
					"parent": "main",
					"pivot": [0.5, 6.75, -10.25]
				},
				{
					"name": "bone2",
					"parent": "magazine",
					"pivot": [-12.625, 8.64179, -1.59813],
					"cubes": [
						{"origin": [-5.29747, 24.68145, -32.96703], "size": [6.86235, 1.68356, 3.62664], "pivot": [-13.125, 8.64179, -0.84813], "rotation": [0, -27.5, 0], "uv": [39, 39]},
						{"origin": [21.20253, 24.68145, 0.78297], "size": [9.48735, 1.68356, 1.00164], "pivot": [-12.625, 8.64179, -1.59813], "rotation": [0, 32.5, 0], "uv": [39, 10]},
						{"origin": [27.45253, -8.06855, 1.65797], "size": [1.11235, 1.18356, 1.00164], "pivot": [-12.625, 12.89179, -1.59813], "rotation": [-25.15933, 21.2842, -52.30222], "uv": [53, 60]},
						{"origin": [23.82753, -8.06855, 1.65797], "size": [1.11235, 1.18356, 1.00164], "pivot": [-12.625, 12.89179, -1.59813], "rotation": [-25.15933, 21.2842, -52.30222], "uv": [49, 60]},
						{"origin": [23.45253, -8.44355, 1.65797], "size": [5.48735, 1.93356, 0.75164], "pivot": [-12.625, 12.89179, -1.59813], "rotation": [-25.15933, 21.2842, -52.30222], "uv": [167, 83]},
						{"origin": [13.32753, -20.31855, 1.65797], "size": [7.36235, 1.43356, 0.62664], "pivot": [-12.625, 12.89179, -1.59813], "rotation": [-30.90686, 10.58927, -72.93512], "uv": [167, 82]},
						{"origin": [-13.42247, 24.80645, -32.84203], "size": [20.36235, 1.43356, 3.37664], "pivot": [-13.125, 8.64179, -0.84813], "rotation": [0, -27.5, 0], "uv": [0, 55]},
						{"origin": [22.20253, 24.68145, -3.59203], "size": [8.48735, 1.68356, 4.50164], "pivot": [-12.625, 8.64179, -1.59813], "rotation": [0, 32.5, 0], "uv": [0, 20]},
						{"origin": [-2.475, 25.275, -32.825], "size": [0.7, 0.7, 2.75], "inflate": 0.2, "pivot": [-8.15, 34.65, -23.7], "rotation": [-0.52053, -27.49546, 1.12735], "uv": [66, 226]}
					]
				},
				{
					"name": "bone",
					"parent": "magazine",
					"pivot": [26.91131, 11.96143, 10.27687],
					"rotation": [0, 32.5, 0],
					"cubes": [
						{"origin": [76.37829, 47.48128, -23.12848], "size": [1.68249, 3.36498, 5.65581], "pivot": [82.51445, 2.16709, 38.13677], "rotation": [0, 0, -45], "uv": [14, 43]},
						{"origin": [44.29637, 27.10402, -23.12848], "size": [3.00445, 3.90578, 5.65581], "uv": [30, 87]},
						{"origin": [18.14004, 37.26399, -23.12848], "size": [2.40356, 3.36498, 5.65581], "pivot": [17.61834, 1.5662, 38.13677], "rotation": [0, 0, 45], "uv": [61, 68]},
						{"origin": [40.09014, 24.70046, -23.12608], "size": [4.80712, 6.204, 5.65581], "uv": [0, 37]},
						{"origin": [40.09014, 27.07546, -23.12608], "size": [4.68212, 3.829, 5.65581], "pivot": [44.0575, -5.64448, 38.13677], "rotation": [0, 0, 0], "uv": [31, 16]},
						{"origin": [37.68658, 27.10402, -23.12848], "size": [3.00445, 3.90578, 5.65581], "uv": [63, 41]},
						{"origin": [68.86716, 47.94997, -23.12848], "size": [1.68249, 3.36498, 5.65581], "pivot": [82.51445, 1.5662, 38.13677], "rotation": [0, 0, -45], "uv": [70, 71]},
						{"origin": [40.09014, 30.70936, -23.12608], "size": [4.80712, 2.704, 5.65581], "uv": [63, 34]},
						{"origin": [11.41644, 36.77, -23.12848], "size": [2.40356, 3.36498, 5.65581], "pivot": [17.61834, 2.16709, 38.13677], "rotation": [0, 0, 45], "uv": [0, 70]}
					]
				},
				{
					"name": "bullet",
					"parent": "magazine",
					"pivot": [-0.15, 34.65, -15.7]
				},
				{
					"name": "rightarm",
					"parent": "main",
					"pivot": [-17.425, 13.55, 22.3],
					"rotation": [-114.02581, -44.5858, 6.53376],
					"cubes": [
						{"origin": [-20.63016, -13.94279, 18.38476], "size": [8, 24, 8], "pivot": [-14.425, 1.55, 19.3], "rotation": [3.53146, -4.1085, 0.78247], "uv": [224, 142]}
					]
				},
				{
					"name": "leftarm",
					"parent": "main",
					"pivot": [10.7, 11.3, -8.6],
					"rotation": [-119.61483, 1.67666, -38.31282],
					"cubes": [
						{"origin": [14.45, -8.075, -16.725], "size": [8, 24, 8], "pivot": [13.7, -0.7, -11.6], "rotation": [0, -30, 0], "uv": [187, 142]}
					]
				},
				{
					"name": "muzzleflash",
					"parent": "main",
					"pivot": [-1, 25.6, -57.5],
					"cubes": [
						{
							"origin": [-1.5, 25.1, -57.8],
							"size": [1, 1, 1],
							"inflate": -0.4,
							"uv": {
								"north": {"uv": [195.04762, 487.61905], "uv_size": [6.96599, 6.96599]},
								"east": {"uv": [188.08163, 487.61905], "uv_size": [6.96599, 6.96599]},
								"south": {"uv": [208.97959, 487.61905], "uv_size": [6.96599, 6.96599]},
								"west": {"uv": [202.01361, 487.61905], "uv_size": [6.96599, 6.96599]},
								"up": {"uv": [195.04762, 480.65306], "uv_size": [6.96599, 6.96599]},
								"down": {"uv": [202.01361, 487.61905], "uv_size": [6.96599, -6.96599]}
							}
						}
					]
				},
				{
					"name": "scope",
					"parent": "main",
					"pivot": [-1, 28.425, -2.75],
					"cubes": [
						{
							"origin": [-1.5, 27.925, -3.25],
							"size": [1, 1, 1],
							"inflate": -0.4,
							"uv": {
								"north": {"uv": [195.04762, 487.61905], "uv_size": [6.96599, 6.96599]},
								"east": {"uv": [188.08163, 487.61905], "uv_size": [6.96599, 6.96599]},
								"south": {"uv": [208.97959, 487.61905], "uv_size": [6.96599, 6.96599]},
								"west": {"uv": [202.01361, 487.61905], "uv_size": [6.96599, 6.96599]},
								"up": {"uv": [195.04762, 480.65306], "uv_size": [6.96599, 6.96599]},
								"down": {"uv": [202.01361, 487.61905], "uv_size": [6.96599, -6.96599]}
							}
						}
					]
				},
				{
					"name": "bullet2",
					"parent": "main",
					"pivot": [-0.15, 43.4, -15.7],
					"cubes": [
						{"origin": [-1.35, 25.025, -29.325], "size": [0.7, 0.7, 2.75], "inflate": 0.2, "uv": [66, 226]}
					]
				}
			]
		}
	]
}