{
	"format_version": "1.12.0",
	"minecraft:geometry": [
		{
			"description": {
				"identifier": "geometry.unknown",
				"texture_width": 64,
				"texture_height": 64,
				"visible_bounds_width": 4,
				"visible_bounds_height": 4.5,
				"visible_bounds_offset": [0, 1.75, 0]
			},
			"bones": [
				{
					"name": "Main",
					"pivot": [0, 0, 0]
				},
				{
					"name": "structure",
					"parent": "Main",
					"pivot": [0.5, 25.375, -14.625],
					"cubes": [
						{
							"origin": [0.6825, 26.6375, -16.5525],
							"size": [0.8125, 1.3125, 0.3408],
							"uv": {
								"north": {"uv": [37, 44], "uv_size": [1, 1]},
								"east": {"uv": [44, 37], "uv_size": [1, 1]},
								"south": {"uv": [38, 44], "uv_size": [1, 1]},
								"west": {"uv": [44, 38], "uv_size": [1, 1]},
								"up": {"uv": [39, 44], "uv_size": [1, 1]},
								"down": {"uv": [44, 40], "uv_size": [1, -1]}
							}
						},
						{
							"origin": [1.125, 26.5625, -16.562],
							"size": [0.5, 1.125, 9.3408],
							"pivot": [1.375, 26.3125, -11.8921],
							"rotation": [0, 0, -47.5],
							"uv": {
								"north": {"uv": [40, 44], "uv_size": [1, 1]},
								"east": {"uv": [33, 22], "uv_size": [9, 1]},
								"south": {"uv": [44, 40], "uv_size": [1, 1]},
								"west": {"uv": [35, 6], "uv_size": [9, 1]},
								"up": {"uv": [22, 35], "uv_size": [1, 9]},
								"down": {"uv": [23, 44], "uv_size": [1, -9]}
							}
						},
						{
							"origin": [0.115, 27.03, -16.5528],
							"size": [0.51, 1.33, 9.335],
							"pivot": [0.375, 26.15625, -11.8921],
							"rotation": [0, 0, 5],
							"uv": {
								"north": {"uv": [41, 44], "uv_size": [1, 1]},
								"east": {"uv": [35, 7], "uv_size": [9, 1]},
								"south": {"uv": [44, 41], "uv_size": [1, 1]},
								"west": {"uv": [35, 8], "uv_size": [9, 1]},
								"up": {"uv": [24, 35], "uv_size": [1, 9]},
								"down": {"uv": [31, 44], "uv_size": [1, -9]}
							}
						},
						{
							"origin": [0.3125, 27.9375, -16.5625],
							"size": [2.125, 0.4375, 9.3408],
							"uv": {
								"north": {"uv": [42, 22], "uv_size": [2, 1]},
								"east": {"uv": [35, 10], "uv_size": [9, 1]},
								"south": {"uv": [42, 26], "uv_size": [2, 1]},
								"west": {"uv": [35, 11], "uv_size": [9, 1]},
								"up": {"uv": [6, 27], "uv_size": [2, 9]},
								"down": {"uv": [27, 21], "uv_size": [2, -9]}
							}
						},
						{
							"origin": [2.5625, 27.3125, -33.9375],
							"size": [3, 3, 38.5908],
							"uv": {
								"north": {"uv": [30, 20], "uv_size": [3, 3]},
								"east": {"uv": [0, 0], "uv_size": [39, 3]},
								"south": {"uv": [25, 30], "uv_size": [3, 3]},
								"west": {"uv": [0, 3], "uv_size": [39, 3]},
								"up": {"uv": [0, 6], "uv_size": [3, 39]},
								"down": {"uv": [3, 45], "uv_size": [3, -39]}
							}
						},
						{
							"origin": [2.375, 27.125, -35.9375],
							"size": [3.375, 3.375, 2.0283],
							"uv": {
								"north": {"uv": [28, 30], "uv_size": [3, 3]},
								"east": {"uv": [25, 36], "uv_size": [2, 3]},
								"south": {"uv": [14, 31], "uv_size": [3, 3]},
								"west": {"uv": [27, 36], "uv_size": [2, 3]},
								"up": {"uv": [36, 20], "uv_size": [3, 2]},
								"down": {"uv": [34, 38], "uv_size": [3, -2]}
							}
						},
						{
							"origin": [5.25, 27.125, -36.4375],
							"size": [0.5, 3.375, 0.5283],
							"uv": {
								"north": {"uv": [15, 17], "uv_size": [1, 3]},
								"east": {"uv": [26, 18], "uv_size": [1, 3]},
								"south": {"uv": [17, 39], "uv_size": [1, 3]},
								"west": {"uv": [40, 16], "uv_size": [1, 3]},
								"up": {"uv": [29, 42], "uv_size": [1, 1]},
								"down": {"uv": [16, 44], "uv_size": [1, -1]}
							}
						},
						{
							"origin": [2.375, 27.125, -36.4375],
							"size": [0.5, 3.375, 0.5283],
							"uv": {
								"north": {"uv": [20, 40], "uv_size": [1, 3]},
								"east": {"uv": [21, 40], "uv_size": [1, 3]},
								"south": {"uv": [40, 24], "uv_size": [1, 3]},
								"west": {"uv": [25, 40], "uv_size": [1, 3]},
								"up": {"uv": [25, 43], "uv_size": [1, 1]},
								"down": {"uv": [43, 32], "uv_size": [1, -1]}
							}
						},
						{
							"origin": [2.875, 27.125, -36.4375],
							"size": [2.375, 0.5, 0.5283],
							"uv": {
								"north": {"uv": [9, 21], "uv_size": [2, 1]},
								"east": {"uv": [43, 32], "uv_size": [1, 1]},
								"south": {"uv": [41, 17], "uv_size": [2, 1]},
								"west": {"uv": [43, 33], "uv_size": [1, 1]},
								"up": {"uv": [41, 18], "uv_size": [2, 1]},
								"down": {"uv": [26, 42], "uv_size": [2, -1]}
							}
						},
						{
							"origin": [2.875, 30, -36.4375],
							"size": [2.375, 0.5, 0.5283],
							"uv": {
								"north": {"uv": [28, 41], "uv_size": [2, 1]},
								"east": {"uv": [34, 43], "uv_size": [1, 1]},
								"south": {"uv": [37, 41], "uv_size": [2, 1]},
								"west": {"uv": [43, 34], "uv_size": [1, 1]},
								"up": {"uv": [39, 41], "uv_size": [2, 1]},
								"down": {"uv": [41, 40], "uv_size": [2, -1]}
							}
						},
						{
							"origin": [2.375, 27.5625, -21.4375],
							"size": [3.375, 2.9375, 3.7783],
							"uv": {
								"north": {"uv": [17, 31], "uv_size": [3, 3]},
								"east": {"uv": [11, 17], "uv_size": [4, 3]},
								"south": {"uv": [31, 26], "uv_size": [3, 3]},
								"west": {"uv": [26, 21], "uv_size": [4, 3]},
								"up": {"uv": [8, 28], "uv_size": [3, 4]},
								"down": {"uv": [11, 32], "uv_size": [3, -4]}
							}
						},
						{
							"origin": [3.125, 27.5625, -30],
							"size": [1.875, 2.9375, 3.7783],
							"uv": {
								"north": {"uv": [29, 36], "uv_size": [2, 3]},
								"east": {"uv": [29, 14], "uv_size": [4, 3]},
								"south": {"uv": [37, 36], "uv_size": [2, 3]},
								"west": {"uv": [29, 17], "uv_size": [4, 3]},
								"up": {"uv": [18, 22], "uv_size": [2, 4]},
								"down": {"uv": [6, 40], "uv_size": [2, -4]}
							}
						},
						{
							"origin": [3.125, 30.5, -29.8125],
							"size": [1.875, 0.75, 0.7158],
							"uv": {
								"north": {"uv": [37, 42], "uv_size": [2, 1]},
								"east": {"uv": [45, 10], "uv_size": [1, 1]},
								"south": {"uv": [39, 42], "uv_size": [2, 1]},
								"west": {"uv": [11, 45], "uv_size": [1, 1]},
								"up": {"uv": [42, 41], "uv_size": [2, 1]},
								"down": {"uv": [42, 43], "uv_size": [2, -1]}
							}
						},
						{
							"origin": [3.125, 30.5, -29.125],
							"size": [1.875, 0.5625, 2.0908],
							"uv": {
								"north": {"uv": [43, 23], "uv_size": [2, 1]},
								"east": {"uv": [43, 24], "uv_size": [2, 1]},
								"south": {"uv": [43, 25], "uv_size": [2, 1]},
								"west": {"uv": [43, 27], "uv_size": [2, 1]},
								"up": {"uv": [29, 39], "uv_size": [2, 2]},
								"down": {"uv": [6, 42], "uv_size": [2, -2]}
							}
						},
						{
							"origin": [3, 31.0625, -29.125],
							"size": [2.125, 0.4375, 2.0908],
							"uv": {
								"north": {"uv": [43, 28], "uv_size": [2, 1]},
								"east": {"uv": [29, 43], "uv_size": [2, 1]},
								"south": {"uv": [43, 29], "uv_size": [2, 1]},
								"west": {"uv": [43, 30], "uv_size": [2, 1]},
								"up": {"uv": [40, 12], "uv_size": [2, 2]},
								"down": {"uv": [40, 16], "uv_size": [2, -2]}
							}
						},
						{
							"origin": [3.6875, 31.5, -28.4375],
							"size": [0.75, 0.0625, 0.7158],
							"pivot": [4.0625, 31.71875, -28.0796],
							"rotation": [0, -45, 0],
							"uv": {
								"north": {"uv": [45, 20], "uv_size": [1, 1]},
								"east": {"uv": [21, 45], "uv_size": [1, 1]},
								"south": {"uv": [45, 21], "uv_size": [1, 1]},
								"west": {"uv": [22, 45], "uv_size": [1, 1]},
								"up": {"uv": [45, 22], "uv_size": [1, 1]},
								"down": {"uv": [23, 46], "uv_size": [1, -1]}
							}
						},
						{
							"origin": [3.13, 30.39, -29.91],
							"size": [1.865, 0.78, 0.2158],
							"pivot": [4.0625, 30.8125, -29.54835],
							"rotation": [-13.5, 0, 0],
							"uv": {
								"north": {"uv": [43, 15], "uv_size": [2, 1]},
								"east": {"uv": [45, 12], "uv_size": [1, 1]},
								"south": {"uv": [43, 17], "uv_size": [2, 1]},
								"west": {"uv": [13, 45], "uv_size": [1, 1]},
								"up": {"uv": [18, 43], "uv_size": [2, 1]},
								"down": {"uv": [43, 19], "uv_size": [2, -1]}
							}
						},
						{
							"origin": [3.13, 30.45013, -26.5256],
							"size": [1.865, 0.78, 0.2158],
							"pivot": [4.0625, 30.84013, -26.42768],
							"rotation": [13.5, 0, 0],
							"uv": {
								"north": {"uv": [43, 19], "uv_size": [2, 1]},
								"east": {"uv": [45, 13], "uv_size": [1, 1]},
								"south": {"uv": [20, 43], "uv_size": [2, 1]},
								"west": {"uv": [14, 45], "uv_size": [1, 1]},
								"up": {"uv": [43, 20], "uv_size": [2, 1]},
								"down": {"uv": [43, 22], "uv_size": [2, -1]}
							}
						},
						{
							"origin": [3.125, 30.5, -27.0625],
							"size": [1.875, 0.75, 0.6533],
							"uv": {
								"north": {"uv": [43, 5], "uv_size": [2, 1]},
								"east": {"uv": [45, 11], "uv_size": [1, 1]},
								"south": {"uv": [43, 12], "uv_size": [2, 1]},
								"west": {"uv": [12, 45], "uv_size": [1, 1]},
								"up": {"uv": [43, 13], "uv_size": [2, 1]},
								"down": {"uv": [43, 15], "uv_size": [2, -1]}
							}
						},
						{
							"origin": [2.3125, 28, -30.625],
							"size": [3.5, 1.625, 1.625],
							"uv": {
								"north": {"uv": [36, 12], "uv_size": [4, 2]},
								"east": {"uv": [12, 32], "uv_size": [2, 2]},
								"south": {"uv": [36, 14], "uv_size": [4, 2]},
								"west": {"uv": [32, 24], "uv_size": [2, 2]},
								"up": {"uv": [36, 16], "uv_size": [4, 2]},
								"down": {"uv": [36, 20], "uv_size": [4, -2]}
							}
						},
						{
							"origin": [1.875, 28.5, -30.125],
							"size": [4.4375, 0.625, 0.625],
							"uv": {
								"north": {"uv": [40, 1], "uv_size": [4, 1]},
								"east": {"uv": [45, 9], "uv_size": [1, 1]},
								"south": {"uv": [40, 2], "uv_size": [4, 1]},
								"west": {"uv": [10, 45], "uv_size": [1, 1]},
								"up": {"uv": [40, 3], "uv_size": [4, 1]},
								"down": {"uv": [40, 5], "uv_size": [4, -1]}
							}
						},
						{
							"origin": [3.75, 30.5625, -26.3125],
							"size": [0.625, 0.5, 0.625],
							"pivot": [4.0625, 30.78125, -25.6875],
							"rotation": [-90, 0, 0],
							"uv": {
								"north": {"uv": [45, 6], "uv_size": [1, 1]},
								"east": {"uv": [7, 45], "uv_size": [1, 1]},
								"south": {"uv": [45, 7], "uv_size": [1, 1]},
								"west": {"uv": [8, 45], "uv_size": [1, 1]},
								"up": {"uv": [45, 8], "uv_size": [1, 1]},
								"down": {"uv": [9, 46], "uv_size": [1, -1]}
							}
						},
						{
							"origin": [3.9375, 29.9375, -26.125],
							"size": [0.25, 0.625, 0.25],
							"pivot": [4.0625, 30.78125, -25.6875],
							"rotation": [-90, 0, 0],
							"uv": {
								"north": {"uv": [45, 17], "uv_size": [1, 1]},
								"east": {"uv": [18, 45], "uv_size": [1, 1]},
								"south": {"uv": [45, 18], "uv_size": [1, 1]},
								"west": {"uv": [19, 45], "uv_size": [1, 1]},
								"up": {"uv": [45, 19], "uv_size": [1, 1]},
								"down": {"uv": [20, 46], "uv_size": [1, -1]}
							}
						},
						{
							"origin": [3.75, 30.4375, -19.8125],
							"size": [0.625, 0.6875, 0.625],
							"uv": {
								"north": {"uv": [45, 14], "uv_size": [1, 1]},
								"east": {"uv": [15, 45], "uv_size": [1, 1]},
								"south": {"uv": [45, 15], "uv_size": [1, 1]},
								"west": {"uv": [16, 45], "uv_size": [1, 1]},
								"up": {"uv": [45, 16], "uv_size": [1, 1]},
								"down": {"uv": [17, 46], "uv_size": [1, -1]}
							}
						},
						{
							"origin": [2.4375, 27.1875, -10.8125],
							"size": [3.25, 3.25, 3.5908],
							"uv": {
								"north": {"uv": [31, 29], "uv_size": [3, 3]},
								"east": {"uv": [14, 28], "uv_size": [4, 3]},
								"south": {"uv": [32, 6], "uv_size": [3, 3]},
								"west": {"uv": [18, 28], "uv_size": [4, 3]},
								"up": {"uv": [22, 28], "uv_size": [3, 4]},
								"down": {"uv": [29, 14], "uv_size": [3, -4]}
							}
						},
						{
							"origin": [1.5, 26.1875, -16.5625],
							"size": [0.5, 1.75, 9.4658],
							"uv": {
								"north": {"uv": [42, 14], "uv_size": [1, 2]},
								"east": {"uv": [23, 24], "uv_size": [9, 2]},
								"south": {"uv": [17, 42], "uv_size": [1, 2]},
								"west": {"uv": [18, 26], "uv_size": [9, 2]},
								"up": {"uv": [18, 34], "uv_size": [1, 9]},
								"down": {"uv": [19, 43], "uv_size": [1, -9]}
							}
						},
						{
							"origin": [1.375, 27.6875, -17.4375],
							"size": [0.1875, 0.5, 0.5],
							"pivot": [1.40625, 25.71875, -16.48585],
							"rotation": [0, 90, 0],
							"uv": {
								"north": {"uv": [45, 0], "uv_size": [1, 1]},
								"east": {"uv": [1, 45], "uv_size": [1, 1]},
								"south": {"uv": [45, 1], "uv_size": [1, 1]},
								"west": {"uv": [2, 45], "uv_size": [1, 1]},
								"up": {"uv": [45, 2], "uv_size": [1, 1]},
								"down": {"uv": [3, 46], "uv_size": [1, -1]}
							}
						},
						{
							"origin": [1.375, 27.6875, -16.125],
							"size": [0.1875, 0.5, 0.5],
							"pivot": [1.40625, 25.71875, -16.48585],
							"rotation": [0, 90, 0],
							"uv": {
								"north": {"uv": [45, 3], "uv_size": [1, 1]},
								"east": {"uv": [4, 45], "uv_size": [1, 1]},
								"south": {"uv": [45, 4], "uv_size": [1, 1]},
								"west": {"uv": [5, 45], "uv_size": [1, 1]},
								"up": {"uv": [45, 5], "uv_size": [1, 1]},
								"down": {"uv": [6, 46], "uv_size": [1, -1]}
							}
						},
						{
							"origin": [1.5, 26.1875, -7.125],
							"size": [0.5, 2.1875, 1.9658],
							"uv": {
								"north": {"uv": [42, 24], "uv_size": [1, 2]},
								"east": {"uv": [21, 18], "uv_size": [2, 2]},
								"south": {"uv": [26, 42], "uv_size": [1, 2]},
								"west": {"uv": [25, 28], "uv_size": [2, 2]},
								"up": {"uv": [27, 42], "uv_size": [1, 2]},
								"down": {"uv": [28, 44], "uv_size": [1, -2]}
							}
						},
						{
							"origin": [1.125, 24.0625, -16.125],
							"size": [0.5625, 0.8125, 0.7783],
							"uv": {
								"north": {"uv": [35, 43], "uv_size": [1, 1]},
								"east": {"uv": [43, 35], "uv_size": [1, 1]},
								"south": {"uv": [36, 43], "uv_size": [1, 1]},
								"west": {"uv": [43, 36], "uv_size": [1, 1]},
								"up": {"uv": [37, 43], "uv_size": [1, 1]},
								"down": {"uv": [43, 38], "uv_size": [1, -1]}
							}
						},
						{
							"origin": [1.375, 26.6875, -17.125],
							"size": [0.1875, 0.5, 0.5],
							"pivot": [1.40625, 25.71875, -16.48585],
							"rotation": [0, 90, 0],
							"uv": {
								"north": {"uv": [34, 44], "uv_size": [1, 1]},
								"east": {"uv": [44, 34], "uv_size": [1, 1]},
								"south": {"uv": [35, 44], "uv_size": [1, 1]},
								"west": {"uv": [44, 35], "uv_size": [1, 1]},
								"up": {"uv": [36, 44], "uv_size": [1, 1]},
								"down": {"uv": [44, 37], "uv_size": [1, -1]}
							}
						},
						{
							"origin": [1.125, 24.0625, -8.875],
							"size": [0.5625, 0.8125, 0.7783],
							"uv": {
								"north": {"uv": [38, 43], "uv_size": [1, 1]},
								"east": {"uv": [43, 38], "uv_size": [1, 1]},
								"south": {"uv": [39, 43], "uv_size": [1, 1]},
								"west": {"uv": [43, 39], "uv_size": [1, 1]},
								"up": {"uv": [40, 43], "uv_size": [1, 1]},
								"down": {"uv": [43, 41], "uv_size": [1, -1]}
							}
						},
						{
							"origin": [1.125, 24.0625, -12.4375],
							"size": [0.5625, 0.8125, 0.7783],
							"uv": {
								"north": {"uv": [41, 43], "uv_size": [1, 1]},
								"east": {"uv": [42, 43], "uv_size": [1, 1]},
								"south": {"uv": [43, 43], "uv_size": [1, 1]},
								"west": {"uv": [44, 0], "uv_size": [1, 1]},
								"up": {"uv": [44, 1], "uv_size": [1, 1]},
								"down": {"uv": [44, 3], "uv_size": [1, -1]}
							}
						},
						{
							"origin": [1.125, 24.0625, -14.3125],
							"size": [0.5625, 0.8125, 0.7783],
							"uv": {
								"north": {"uv": [44, 3], "uv_size": [1, 1]},
								"east": {"uv": [44, 4], "uv_size": [1, 1]},
								"south": {"uv": [6, 44], "uv_size": [1, 1]},
								"west": {"uv": [44, 6], "uv_size": [1, 1]},
								"up": {"uv": [7, 44], "uv_size": [1, 1]},
								"down": {"uv": [44, 8], "uv_size": [1, -1]}
							}
						},
						{
							"origin": [1.125, 24.0625, -10.625],
							"size": [0.5625, 0.8125, 0.7783],
							"uv": {
								"north": {"uv": [8, 44], "uv_size": [1, 1]},
								"east": {"uv": [44, 8], "uv_size": [1, 1]},
								"south": {"uv": [9, 44], "uv_size": [1, 1]},
								"west": {"uv": [44, 9], "uv_size": [1, 1]},
								"up": {"uv": [10, 44], "uv_size": [1, 1]},
								"down": {"uv": [44, 11], "uv_size": [1, -1]}
							}
						},
						{
							"origin": [1.625, 24.6875, -16.562],
							"size": [0.5, 2.25, 9.3408],
							"pivot": [1.875, 25.5625, -11.8921],
							"rotation": [0, 0, 52.5],
							"uv": {
								"north": {"uv": [30, 41], "uv_size": [1, 2]},
								"east": {"uv": [19, 6], "uv_size": [9, 2]},
								"south": {"uv": [41, 41], "uv_size": [1, 2]},
								"west": {"uv": [19, 8], "uv_size": [9, 2]},
								"up": {"uv": [20, 31], "uv_size": [1, 9]},
								"down": {"uv": [21, 40], "uv_size": [1, -9]}
							}
						},
						{
							"origin": [1.375, 25.5625, -16.6875],
							"size": [0.1875, 0.5, 0.5],
							"pivot": [1.40625, 25.71875, -16.48585],
							"rotation": [0, 90, 0],
							"uv": {
								"north": {"uv": [42, 44], "uv_size": [1, 1]},
								"east": {"uv": [44, 42], "uv_size": [1, 1]},
								"south": {"uv": [43, 44], "uv_size": [1, 1]},
								"west": {"uv": [44, 43], "uv_size": [1, 1]},
								"up": {"uv": [44, 44], "uv_size": [1, 1]},
								"down": {"uv": [0, 46], "uv_size": [1, -1]}
							}
						},
						{
							"origin": [1.625, 26.9375, -16.5625],
							"size": [0.375, 1.8125, 9.3408],
							"pivot": [1.875, 25.5625, -11.8921],
							"rotation": [0, 0, 52.5],
							"uv": {
								"north": {"uv": [6, 42], "uv_size": [1, 2]},
								"east": {"uv": [20, 10], "uv_size": [9, 2]},
								"south": {"uv": [7, 42], "uv_size": [1, 2]},
								"west": {"uv": [11, 20], "uv_size": [9, 2]},
								"up": {"uv": [8, 32], "uv_size": [1, 9]},
								"down": {"uv": [9, 41], "uv_size": [1, -9]}
							}
						},
						{
							"origin": [2.745, 26.2, -16.5615],
							"size": [0.375, 0.3125, 9.3408],
							"uv": {
								"north": {"uv": [11, 44], "uv_size": [1, 1]},
								"east": {"uv": [30, 23], "uv_size": [9, 1]},
								"south": {"uv": [44, 11], "uv_size": [1, 1]},
								"west": {"uv": [32, 9], "uv_size": [9, 1]},
								"up": {"uv": [10, 32], "uv_size": [1, 9]},
								"down": {"uv": [11, 41], "uv_size": [1, -9]}
							}
						},
						{
							"origin": [1.495, 26.0125, -16.5525],
							"size": [1.0625, 1.9375, 0.3408],
							"uv": {
								"north": {"uv": [8, 42], "uv_size": [1, 2]},
								"east": {"uv": [9, 42], "uv_size": [1, 2]},
								"south": {"uv": [10, 42], "uv_size": [1, 2]},
								"west": {"uv": [42, 12], "uv_size": [1, 2]},
								"up": {"uv": [12, 44], "uv_size": [1, 1]},
								"down": {"uv": [13, 45], "uv_size": [1, -1]}
							}
						},
						{
							"origin": [2.5575, 26.3875, -16.5525],
							"size": [0.5625, 0.8125, 0.3408],
							"uv": {
								"north": {"uv": [14, 44], "uv_size": [1, 1]},
								"east": {"uv": [15, 44], "uv_size": [1, 1]},
								"south": {"uv": [16, 44], "uv_size": [1, 1]},
								"west": {"uv": [44, 16], "uv_size": [1, 1]},
								"up": {"uv": [17, 44], "uv_size": [1, 1]},
								"down": {"uv": [18, 45], "uv_size": [1, -1]}
							}
						},
						{
							"origin": [3.12, 26.825, -16.5525],
							"size": [0.5625, 0.375, 0.3408],
							"uv": {
								"north": {"uv": [19, 44], "uv_size": [1, 1]},
								"east": {"uv": [20, 44], "uv_size": [1, 1]},
								"south": {"uv": [21, 44], "uv_size": [1, 1]},
								"west": {"uv": [22, 44], "uv_size": [1, 1]},
								"up": {"uv": [44, 22], "uv_size": [1, 1]},
								"down": {"uv": [23, 45], "uv_size": [1, -1]}
							}
						},
						{
							"origin": [1.495, 25.5125, -16.5525],
							"size": [0.5625, 0.5, 0.3408],
							"uv": {
								"north": {"uv": [24, 44], "uv_size": [1, 1]},
								"east": {"uv": [25, 44], "uv_size": [1, 1]},
								"south": {"uv": [26, 44], "uv_size": [1, 1]},
								"west": {"uv": [44, 26], "uv_size": [1, 1]},
								"up": {"uv": [27, 44], "uv_size": [1, 1]},
								"down": {"uv": [28, 45], "uv_size": [1, -1]}
							}
						},
						{
							"origin": [2.4375, 27.1875, -13.875],
							"size": [2.625, 2.1875, 3.0908],
							"uv": {
								"north": {"uv": [12, 37], "uv_size": [3, 2]},
								"east": {"uv": [15, 37], "uv_size": [3, 2]},
								"south": {"uv": [37, 24], "uv_size": [3, 2]},
								"west": {"uv": [37, 26], "uv_size": [3, 2]},
								"up": {"uv": [32, 10], "uv_size": [3, 3]},
								"down": {"uv": [22, 35], "uv_size": [3, -3]}
							}
						},
						{
							"origin": [2.4375, 27.1875, -16.5625],
							"size": [3.25, 3.25, 2.7158],
							"uv": {
								"north": {"uv": [31, 32], "uv_size": [3, 3]},
								"east": {"uv": [33, 13], "uv_size": [3, 3]},
								"south": {"uv": [33, 16], "uv_size": [3, 3]},
								"west": {"uv": [33, 19], "uv_size": [3, 3]},
								"up": {"uv": [25, 33], "uv_size": [3, 3]},
								"down": {"uv": [28, 36], "uv_size": [3, -3]}
							}
						},
						{
							"origin": [2.375, 27.125, -6.875],
							"size": [3.375, 3.375, 2.5283],
							"uv": {
								"north": {"uv": [12, 34], "uv_size": [3, 3]},
								"east": {"uv": [15, 34], "uv_size": [3, 3]},
								"south": {"uv": [34, 24], "uv_size": [3, 3]},
								"west": {"uv": [34, 27], "uv_size": [3, 3]},
								"up": {"uv": [34, 30], "uv_size": [3, 3]},
								"down": {"uv": [34, 36], "uv_size": [3, -3]}
							}
						},
						{
							"origin": [2.4375, 29.9375, -4.375],
							"size": [3.1875, 0.6875, 5.5908],
							"pivot": [4.0625, 28.8125, -2.42335],
							"rotation": [6, 0, 0],
							"uv": {
								"north": {"uv": [40, 19], "uv_size": [3, 1]},
								"east": {"uv": [37, 28], "uv_size": [6, 1]},
								"south": {"uv": [26, 40], "uv_size": [3, 1]},
								"west": {"uv": [37, 29], "uv_size": [6, 1]},
								"up": {"uv": [20, 20], "uv_size": [3, 6]},
								"down": {"uv": [6, 27], "uv_size": [3, -6]}
							}
						},
						{
							"origin": [2.375, 29.9375, -4.375],
							"size": [3.25, 0.625, 5.5908],
							"pivot": [4, 28.8125, -2.42335],
							"rotation": [6, 0, -90],
							"uv": {
								"north": {"uv": [40, 27], "uv_size": [3, 1]},
								"east": {"uv": [37, 30], "uv_size": [6, 1]},
								"south": {"uv": [37, 40], "uv_size": [3, 1]},
								"west": {"uv": [37, 31], "uv_size": [6, 1]},
								"up": {"uv": [21, 12], "uv_size": [3, 6]},
								"down": {"uv": [9, 28], "uv_size": [3, -6]}
							}
						},
						{
							"origin": [5.375, 29.9375, -4.4375],
							"size": [3.25, 0.625, 5.6533],
							"pivot": [7, 28.8125, -2.42335],
							"rotation": [-6, 0, -90],
							"uv": {
								"north": {"uv": [40, 40], "uv_size": [3, 1]},
								"east": {"uv": [37, 32], "uv_size": [6, 1]},
								"south": {"uv": [8, 41], "uv_size": [3, 1]},
								"west": {"uv": [37, 33], "uv_size": [6, 1]},
								"up": {"uv": [12, 22], "uv_size": [3, 6]},
								"down": {"uv": [15, 28], "uv_size": [3, -6]}
							}
						},
						{
							"origin": [2.4375, 27, -4.5],
							"size": [3.1875, 0.6875, 5.5908],
							"pivot": [4.0625, 25.875, -2.54835],
							"rotation": [-6, 0, 0],
							"uv": {
								"north": {"uv": [41, 9], "uv_size": [3, 1]},
								"east": {"uv": [37, 34], "uv_size": [6, 1]},
								"south": {"uv": [41, 16], "uv_size": [3, 1]},
								"west": {"uv": [37, 35], "uv_size": [6, 1]},
								"up": {"uv": [23, 18], "uv_size": [3, 6]},
								"down": {"uv": [24, 18], "uv_size": [3, -6]}
							}
						},
						{
							"origin": [5.8125, 26.5625, 4.5625],
							"size": [0.5, 4.5, 0.7783],
							"uv": {
								"north": {"uv": [34, 38], "uv_size": [1, 5]},
								"east": {"uv": [35, 38], "uv_size": [1, 5]},
								"south": {"uv": [36, 38], "uv_size": [1, 5]},
								"west": {"uv": [39, 0], "uv_size": [1, 5]},
								"up": {"uv": [29, 44], "uv_size": [1, 1]},
								"down": {"uv": [30, 45], "uv_size": [1, -1]}
							}
						},
						{
							"origin": [1.8125, 26.5625, 4.5625],
							"size": [0.5, 4.5, 0.7783],
							"uv": {
								"north": {"uv": [12, 39], "uv_size": [1, 5]},
								"east": {"uv": [13, 39], "uv_size": [1, 5]},
								"south": {"uv": [14, 39], "uv_size": [1, 5]},
								"west": {"uv": [15, 39], "uv_size": [1, 5]},
								"up": {"uv": [31, 44], "uv_size": [1, 1]},
								"down": {"uv": [44, 32], "uv_size": [1, -1]}
							}
						},
						{
							"origin": [2.3125, 30.5625, 4.5625],
							"size": [3.5, 0.5, 0.7783],
							"uv": {
								"north": {"uv": [39, 5], "uv_size": [4, 1]},
								"east": {"uv": [32, 44], "uv_size": [1, 1]},
								"south": {"uv": [39, 20], "uv_size": [4, 1]},
								"west": {"uv": [44, 32], "uv_size": [1, 1]},
								"up": {"uv": [39, 21], "uv_size": [4, 1]},
								"down": {"uv": [39, 24], "uv_size": [4, -1]}
							}
						},
						{
							"origin": [2.3125, 26.5625, 4.5625],
							"size": [3.5, 0.5, 0.7783],
							"uv": {
								"north": {"uv": [25, 39], "uv_size": [4, 1]},
								"east": {"uv": [33, 44], "uv_size": [1, 1]},
								"south": {"uv": [39, 36], "uv_size": [4, 1]},
								"west": {"uv": [44, 33], "uv_size": [1, 1]},
								"up": {"uv": [37, 39], "uv_size": [4, 1]},
								"down": {"uv": [39, 38], "uv_size": [4, -1]}
							}
						},
						{
							"origin": [1.8125, 26.5625, 0.8125],
							"size": [4.5, 4.5, 3.7783],
							"uv": {
								"north": {"uv": [6, 12], "uv_size": [5, 5]},
								"east": {"uv": [15, 6], "uv_size": [4, 5]},
								"south": {"uv": [11, 12], "uv_size": [5, 5]},
								"west": {"uv": [16, 11], "uv_size": [4, 5]},
								"up": {"uv": [16, 16], "uv_size": [5, 4]},
								"down": {"uv": [6, 21], "uv_size": [5, -4]}
							}
						},
						{
							"origin": [1, 23.9375, -16.5625],
							"size": [0.5, 2.75, 9.3408],
							"uv": {
								"north": {"uv": [11, 41], "uv_size": [1, 3]},
								"east": {"uv": [6, 6], "uv_size": [9, 3]},
								"south": {"uv": [41, 24], "uv_size": [1, 3]},
								"west": {"uv": [6, 9], "uv_size": [9, 3]},
								"up": {"uv": [32, 35], "uv_size": [1, 9]},
								"down": {"uv": [33, 44], "uv_size": [1, -9]}
							}
						}
					]
				},
				{
					"name": "scope",
					"parent": "Main",
					"pivot": [4.06, 28.8, 7.4875],
					"cubes": [
						{
							"origin": [3.56, 28.3, 6.9875],
							"size": [1, 1, 1],
							"inflate": -0.4,
							"uv": {
								"north": {"uv": [75, 22], "uv_size": [1, 1]},
								"east": {"uv": [75, 23], "uv_size": [1, 1]},
								"south": {"uv": [75, 25], "uv_size": [1, 1]},
								"west": {"uv": [26, 75], "uv_size": [1, 1]},
								"up": {"uv": [75, 26], "uv_size": [1, 1]},
								"down": {"uv": [27, 76], "uv_size": [1, -1]}
							}
						}
					]
				},
				{
					"name": "scopepip",
					"parent": "Main",
					"pivot": [4.0625, 28.8125, 4.70165],
					"cubes": [
						{
							"origin": [2.3125, 27.0625, 4.5625],
							"size": [3.5, 3.5, 0.2783],
							"uv": {
								"north": {"uv": [27, 26], "uv_size": [4, 4]},
								"east": {"uv": [20, 12], "uv_size": [1, 4]},
								"south": {"uv": [28, 6], "uv_size": [4, 4]},
								"west": {"uv": [16, 39], "uv_size": [1, 4]},
								"up": {"uv": [39, 38], "uv_size": [4, 1]},
								"down": {"uv": [40, 1], "uv_size": [4, -1]}
							}
						}
					]
				},
				{
					"name": "_ca_scope3",
					"parent": "Main",
					"pivot": [1.5, 26.375, -14.5],
					"cubes": [
						{
							"origin": [0.4375, 25.125, -15.5],
							"size": [1, 1, 1],
							"uv": {
								"north": {"uv": [15, 11], "uv_size": [1, 1]},
								"east": {"uv": [19, 10], "uv_size": [1, 1]},
								"south": {"uv": [8, 27], "uv_size": [1, 1]},
								"west": {"uv": [29, 20], "uv_size": [1, 1]},
								"up": {"uv": [32, 13], "uv_size": [1, 1]},
								"down": {"uv": [35, 13], "uv_size": [1, -1]}
							}
						}
					]
				}
			]
		}
	]
}