{
	"format_version": "1.12.0",
	"minecraft:geometry": [
		{
			"description": {
				"identifier": "geometry.unknown",
				"texture_width": 256,
				"texture_height": 256,
				"visible_bounds_width": 26,
				"visible_bounds_height": 6,
				"visible_bounds_offset": [0, 2, 0]
			},
			"bones": [
				{
					"name": "main",
					"pivot": [0, 20, 0]
				},
				{
					"name": "gun",
					"parent": "main",
					"pivot": [1, 11, -1]
				},
				{
					"name": "Wood",
					"parent": "gun",
					"pivot": [0, 9, 1],
					"cubes": [
						{
							"origin": [-3.01, 12.225, 40.77],
							"size": [4.02, 13.525, 1],
							"pivot": [0, 7.25, 3.75],
							"rotation": [-5, 0, 0],
							"uv": {
								"north": {"uv": [62, 94], "uv_size": [4, 14]},
								"east": {"uv": [61, 118], "uv_size": [1, 14]},
								"south": {"uv": [96, 36], "uv_size": [4, 14]},
								"west": {"uv": [104, 119], "uv_size": [1, 14]},
								"up": {"uv": [10, 130], "uv_size": [4, 1]},
								"down": {"uv": [14, 131], "uv_size": [4, -1]}
							}
						},
						{
							"origin": [-3, 20.75, -76.5],
							"size": [4, 4.25, 22.625],
							"uv": {
								"north": {"uv": [66, 120], "uv_size": [4, 4]},
								"east": {"uv": [80, 78], "uv_size": [23, 4]},
								"south": {"uv": [80, 120], "uv_size": [4, 4]},
								"west": {"uv": [81, 52], "uv_size": [23, 4]},
								"up": {"uv": [71, 82], "uv_size": [4, 23]},
								"down": {"uv": [80, 105], "uv_size": [4, -23]}
							}
						},
						{
							"origin": [-3, 24, -54],
							"size": [4, 1, 36],
							"uv": {
								"north": {"uv": [80, 129], "uv_size": [4, 1]},
								"east": {"uv": [104, 52], "uv_size": [36, 1]},
								"south": {"uv": [90, 129], "uv_size": [4, 1]},
								"west": {"uv": [104, 53], "uv_size": [36, 1]},
								"up": {"uv": [38, 54], "uv_size": [4, 36]},
								"down": {"uv": [42, 90], "uv_size": [4, -36]}
							}
						},
						{
							"origin": [-3, 19.875, -54],
							"size": [4, 2.125, 36],
							"uv": {
								"north": {"uv": [109, 126], "uv_size": [4, 2]},
								"east": {"uv": [81, 64], "uv_size": [36, 2]},
								"south": {"uv": [113, 126], "uv_size": [4, 2]},
								"west": {"uv": [81, 66], "uv_size": [36, 2]},
								"up": {"uv": [55, 22], "uv_size": [4, 36]},
								"down": {"uv": [55, 94], "uv_size": [4, -36]}
							}
						},
						{
							"origin": [-3, 22, -54],
							"size": [4, 2, 36],
							"uv": {
								"north": {"uv": [127, 3], "uv_size": [4, 2]},
								"east": {"uv": [81, 68], "uv_size": [36, 2]},
								"south": {"uv": [127, 5], "uv_size": [4, 2]},
								"west": {"uv": [81, 70], "uv_size": [36, 2]},
								"up": {"uv": [59, 22], "uv_size": [4, 36]},
								"down": {"uv": [59, 94], "uv_size": [4, -36]}
							}
						},
						{
							"origin": [-2.998, 19.425, -76.625],
							"size": [3.99, 2, 23.425],
							"pivot": [2, 10.875, -36],
							"rotation": [-1.3, 0, 0],
							"uv": {
								"north": {"uv": [126, 44], "uv_size": [4, 2]},
								"east": {"uv": [95, 4], "uv_size": [23, 2]},
								"south": {"uv": [126, 69], "uv_size": [4, 2]},
								"west": {"uv": [96, 50], "uv_size": [23, 2]},
								"up": {"uv": [76, 78], "uv_size": [4, 23]},
								"down": {"uv": [46, 103], "uv_size": [4, -23]}
							}
						},
						{
							"origin": [-2.998, 18.425, -54],
							"size": [3.99, 1, 66.925],
							"pivot": [2, 9.875, -1],
							"rotation": [-1.5, 0, 0],
							"uv": {
								"north": {"uv": [129, 113], "uv_size": [4, 1]},
								"east": {"uv": [90, 12], "uv_size": [67, 1]},
								"south": {"uv": [118, 129], "uv_size": [4, 1]},
								"west": {"uv": [90, 13], "uv_size": [67, 1]},
								"up": {"uv": [6, 6], "uv_size": [4, 67]},
								"down": {"uv": [10, 73], "uv_size": [4, -67]}
							}
						},
						{
							"origin": [-3, 18.875, -18],
							"size": [4, 4.125, 31.5],
							"uv": {
								"north": {"uv": [120, 56], "uv_size": [4, 4]},
								"east": {"uv": [63, 22], "uv_size": [32, 4]},
								"south": {"uv": [120, 60], "uv_size": [4, 4]},
								"west": {"uv": [63, 26], "uv_size": [32, 4]},
								"up": {"uv": [63, 30], "uv_size": [4, 32]},
								"down": {"uv": [63, 94], "uv_size": [4, -32]}
							}
						},
						{
							"origin": [-3, 23, -2],
							"size": [4, 2, 6],
							"uv": {
								"north": {"uv": [125, 116], "uv_size": [4, 2]},
								"east": {"uv": [122, 54], "uv_size": [6, 2]},
								"south": {"uv": [3, 126], "uv_size": [4, 2]},
								"west": {"uv": [122, 100], "uv_size": [6, 2]},
								"up": {"uv": [69, 114], "uv_size": [4, 6]},
								"down": {"uv": [80, 120], "uv_size": [4, -6]}
							}
						},
						{
							"origin": [-3, 23, -12],
							"size": [4, 2, 10],
							"uv": {
								"north": {"uv": [14, 126], "uv_size": [4, 2]},
								"east": {"uv": [113, 34], "uv_size": [10, 2]},
								"south": {"uv": [126, 26], "uv_size": [4, 2]},
								"west": {"uv": [115, 116], "uv_size": [10, 2]},
								"up": {"uv": [10, 97], "uv_size": [4, 10]},
								"down": {"uv": [54, 112], "uv_size": [4, -10]}
							}
						},
						{
							"origin": [-3, 23, -18],
							"size": [4, 2, 6],
							"uv": {
								"north": {"uv": [126, 28], "uv_size": [4, 2]},
								"east": {"uv": [123, 34], "uv_size": [6, 2]},
								"south": {"uv": [126, 30], "uv_size": [4, 2]},
								"west": {"uv": [123, 90], "uv_size": [6, 2]},
								"up": {"uv": [107, 114], "uv_size": [4, 6]},
								"down": {"uv": [32, 121], "uv_size": [4, -6]}
							}
						},
						{
							"origin": [-0.115, 22.475, 1.395],
							"size": [1.105, 2.825, 8.875],
							"pivot": [0, 10.5, 0.875],
							"rotation": [-10, 0, 0],
							"uv": {
								"north": {"uv": [50, 89], "uv_size": [1, 3]},
								"east": {"uv": [108, 44], "uv_size": [9, 3]},
								"south": {"uv": [45, 115], "uv_size": [1, 3]},
								"west": {"uv": [112, 19], "uv_size": [9, 3]},
								"up": {"uv": [50, 80], "uv_size": [1, 9]},
								"down": {"uv": [5, 110], "uv_size": [1, -9]}
							}
						},
						{
							"origin": [-2.115, 22.474, 8.145],
							"size": [2.23, 2.825, 2.125],
							"pivot": [0, 10.5, 0.875],
							"rotation": [-10, 0, 0],
							"uv": {
								"north": {"uv": [69, 111], "uv_size": [2, 3]},
								"east": {"uv": [128, 92], "uv_size": [2, 3]},
								"south": {"uv": [94, 128], "uv_size": [2, 3]},
								"west": {"uv": [105, 128], "uv_size": [2, 3]},
								"up": {"uv": [2, 131], "uv_size": [2, 2]},
								"down": {"uv": [14, 133], "uv_size": [2, -2]}
							}
						},
						{
							"origin": [-2.99, 22.475, 1.395],
							"size": [1.105, 2.825, 8.875],
							"pivot": [0, 10.5, 0.875],
							"rotation": [-10, 0, 0],
							"uv": {
								"north": {"uv": [22, 132], "uv_size": [1, 3]},
								"east": {"uv": [112, 22], "uv_size": [9, 3]},
								"south": {"uv": [23, 132], "uv_size": [1, 3]},
								"west": {"uv": [112, 25], "uv_size": [9, 3]},
								"up": {"uv": [77, 123], "uv_size": [1, 9]},
								"down": {"uv": [69, 133], "uv_size": [1, -9]}
							}
						},
						{
							"origin": [-3, 20.225, 8.325],
							"size": [4.01, 3.3, 30.5],
							"pivot": [0, 7.25, 3.75],
							"rotation": [-17.5, 0, 0],
							"uv": {
								"north": {"uv": [14, 123], "uv_size": [4, 3]},
								"east": {"uv": [76, 72], "uv_size": [31, 3]},
								"south": {"uv": [45, 123], "uv_size": [4, 3]},
								"west": {"uv": [76, 75], "uv_size": [31, 3]},
								"up": {"uv": [67, 30], "uv_size": [4, 31]},
								"down": {"uv": [67, 92], "uv_size": [4, -31]}
							}
						},
						{
							"origin": [-2.875, 37.85, 1.325],
							"size": [3.635, 1.05, 4],
							"pivot": [0, 25.625, -5],
							"rotation": [-92.5, 0, 0],
							"uv": {
								"north": {"uv": [130, 26], "uv_size": [4, 1]},
								"east": {"uv": [130, 27], "uv_size": [4, 1]},
								"south": {"uv": [130, 28], "uv_size": [4, 1]},
								"west": {"uv": [130, 29], "uv_size": [4, 1]},
								"up": {"uv": [121, 19], "uv_size": [4, 4]},
								"down": {"uv": [22, 125], "uv_size": [4, -4]}
							}
						},
						{
							"origin": [-2.87, 34.225, 8.45],
							"size": [3.6, 1.05, 3.25],
							"pivot": [0, 25.625, -5],
							"rotation": [-75, 0, 0],
							"uv": {
								"north": {"uv": [131, 10], "uv_size": [4, 1]},
								"east": {"uv": [132, 45], "uv_size": [3, 1]},
								"south": {"uv": [16, 131], "uv_size": [4, 1]},
								"west": {"uv": [132, 47], "uv_size": [3, 1]},
								"up": {"uv": [124, 72], "uv_size": [4, 3]},
								"down": {"uv": [124, 78], "uv_size": [4, -3]}
							}
						},
						{
							"origin": [-2.875, 39.35, 7.325],
							"size": [3.635, 1.05, 3.75],
							"pivot": [0, 25.625, -5],
							"rotation": [-95, 0, 0],
							"uv": {
								"north": {"uv": [131, 18], "uv_size": [4, 1]},
								"east": {"uv": [131, 19], "uv_size": [4, 1]},
								"south": {"uv": [20, 131], "uv_size": [4, 1]},
								"west": {"uv": [131, 20], "uv_size": [4, 1]},
								"up": {"uv": [40, 121], "uv_size": [4, 4]},
								"down": {"uv": [84, 125], "uv_size": [4, -4]}
							}
						},
						{
							"origin": [-2.875, 42.975, -0.3],
							"size": [3.635, 1.05, 2.625],
							"pivot": [0, 25.625, -5],
							"rotation": [-97.5, 0, 0],
							"uv": {
								"north": {"uv": [131, 21], "uv_size": [4, 1]},
								"east": {"uv": [52, 132], "uv_size": [3, 1]},
								"south": {"uv": [131, 59], "uv_size": [4, 1]},
								"west": {"uv": [132, 68], "uv_size": [3, 1]},
								"up": {"uv": [80, 124], "uv_size": [4, 3]},
								"down": {"uv": [124, 84], "uv_size": [4, -3]}
							}
						},
						{
							"origin": [-2.87, 38.8, 12.125],
							"size": [3.6, 4.55, 1],
							"pivot": [0, 25.625, -5],
							"rotation": [-90, 0, 0],
							"uv": {
								"north": {"uv": [4, 118], "uv_size": [4, 5]},
								"east": {"uv": [38, 129], "uv_size": [1, 5]},
								"south": {"uv": [118, 4], "uv_size": [4, 5]},
								"west": {"uv": [39, 129], "uv_size": [1, 5]},
								"up": {"uv": [131, 62], "uv_size": [4, 1]},
								"down": {"uv": [131, 82], "uv_size": [4, -1]}
							}
						},
						{
							"origin": [-2.82, 38.3, 2.375],
							"size": [3.5, 4.55, 6.25],
							"pivot": [0, 25.625, -5],
							"rotation": [-90, 0, 0],
							"uv": {
								"north": {"uv": [14, 118], "uv_size": [4, 5]},
								"east": {"uv": [111, 111], "uv_size": [6, 5]},
								"south": {"uv": [118, 14], "uv_size": [4, 5]},
								"west": {"uv": [112, 14], "uv_size": [6, 5]},
								"up": {"uv": [94, 115], "uv_size": [4, 6]},
								"down": {"uv": [0, 122], "uv_size": [4, -6]}
							}
						},
						{
							"origin": [-2.82, 38.3, 8.625],
							"size": [3.5, 4.925, 3.75],
							"pivot": [0, 25.625, -5],
							"rotation": [-90, 0, 0],
							"uv": {
								"north": {"uv": [118, 28], "uv_size": [4, 5]},
								"east": {"uv": [45, 118], "uv_size": [4, 5]},
								"south": {"uv": [57, 118], "uv_size": [4, 5]},
								"west": {"uv": [115, 118], "uv_size": [4, 5]},
								"up": {"uv": [121, 92], "uv_size": [4, 4]},
								"down": {"uv": [94, 125], "uv_size": [4, -4]}
							}
						},
						{
							"origin": [-2.875, 25.35, 19.375],
							"size": [3.635, 1.3, 1],
							"pivot": [0, 25.625, -5],
							"rotation": [-45, 0, 0],
							"uv": {
								"north": {"uv": [131, 82], "uv_size": [4, 1]},
								"east": {"uv": [128, 135], "uv_size": [1, 1]},
								"south": {"uv": [131, 83], "uv_size": [4, 1]},
								"west": {"uv": [129, 135], "uv_size": [1, 1]},
								"up": {"uv": [131, 84], "uv_size": [4, 1]},
								"down": {"uv": [131, 87], "uv_size": [4, -1]}
							}
						},
						{
							"origin": [-2.875, 3.475, -8.5],
							"size": [3.635, 1.3, 1],
							"pivot": [0, 25.625, -5],
							"rotation": [45, 0, 0],
							"uv": {
								"north": {"uv": [131, 87], "uv_size": [4, 1]},
								"east": {"uv": [135, 129], "uv_size": [1, 1]},
								"south": {"uv": [131, 88], "uv_size": [4, 1]},
								"west": {"uv": [135, 130], "uv_size": [1, 1]},
								"up": {"uv": [131, 89], "uv_size": [4, 1]},
								"down": {"uv": [131, 112], "uv_size": [4, -1]}
							}
						},
						{
							"origin": [-2.87, 39.975, 7.075],
							"size": [3.6, 1.05, 8.125],
							"pivot": [0, 25.625, -5],
							"rotation": [-80, 0, 0],
							"uv": {
								"north": {"uv": [131, 60], "uv_size": [4, 1]},
								"east": {"uv": [32, 128], "uv_size": [8, 1]},
								"south": {"uv": [131, 61], "uv_size": [4, 1]},
								"west": {"uv": [128, 36], "uv_size": [8, 1]},
								"up": {"uv": [62, 108], "uv_size": [4, 8]},
								"down": {"uv": [108, 100], "uv_size": [4, -8]}
							}
						},
						{
							"origin": [-2.96, 17.225, 22.77],
							"size": [3.93, 5.55, 6],
							"pivot": [0, 7.25, 3.75],
							"rotation": [-5, 0, 0],
							"uv": {
								"north": {"uv": [46, 112], "uv_size": [4, 6]},
								"east": {"uv": [84, 104], "uv_size": [6, 6]},
								"south": {"uv": [58, 112], "uv_size": [4, 6]},
								"west": {"uv": [95, 104], "uv_size": [6, 6]},
								"up": {"uv": [101, 113], "uv_size": [4, 6]},
								"down": {"uv": [114, 12], "uv_size": [4, -6]}
							}
						},
						{
							"origin": [-2.96, 19.225, 12.52],
							"size": [3.93, 3.55, 10.25],
							"pivot": [0, 7.25, 3.75],
							"rotation": [-5, 0, 0],
							"uv": {
								"north": {"uv": [107, 120], "uv_size": [4, 4]},
								"east": {"uv": [102, 14], "uv_size": [10, 4]},
								"south": {"uv": [18, 121], "uv_size": [4, 4]},
								"west": {"uv": [102, 18], "uv_size": [10, 4]},
								"up": {"uv": [58, 102], "uv_size": [4, 10]},
								"down": {"uv": [102, 92], "uv_size": [4, -10]}
							}
						},
						{
							"origin": [-2.97, 15.225, 28.77],
							"size": [3.95, 7.55, 7],
							"pivot": [0, 7.25, 3.75],
							"rotation": [-5, 0, 0],
							"uv": {
								"north": {"uv": [32, 107], "uv_size": [4, 8]},
								"east": {"uv": [95, 82], "uv_size": [7, 8]},
								"south": {"uv": [107, 106], "uv_size": [4, 8]},
								"west": {"uv": [95, 90], "uv_size": [7, 8]},
								"up": {"uv": [5, 111], "uv_size": [4, 7]},
								"down": {"uv": [14, 118], "uv_size": [4, -7]}
							}
						},
						{
							"origin": [-2.97, 13.475, 35.77],
							"size": [3.95, 9.3, 5],
							"pivot": [0, 7.25, 3.75],
							"rotation": [-5, 0, 0],
							"uv": {
								"north": {"uv": [71, 105], "uv_size": [4, 9]},
								"east": {"uv": [0, 101], "uv_size": [5, 9]},
								"south": {"uv": [80, 105], "uv_size": [4, 9]},
								"west": {"uv": [75, 101], "uv_size": [5, 9]},
								"up": {"uv": [84, 116], "uv_size": [4, 5]},
								"down": {"uv": [111, 121], "uv_size": [4, -5]}
							}
						},
						{
							"origin": [-2.99, 23.1, 19.4],
							"size": [3.99, 3.05, 22.075],
							"pivot": [0, 9.5, -1.875],
							"rotation": [-5, 0, 0],
							"uv": {
								"north": {"uv": [122, 27], "uv_size": [4, 3]},
								"east": {"uv": [91, 30], "uv_size": [22, 3]},
								"south": {"uv": [122, 30], "uv_size": [4, 3]},
								"west": {"uv": [91, 33], "uv_size": [22, 3]},
								"up": {"uv": [84, 82], "uv_size": [4, 22]},
								"down": {"uv": [88, 104], "uv_size": [4, -22]}
							}
						},
						{
							"origin": [-3.0199, 20.6, 1.145],
							"size": [3.9999, 4.8, 1.875],
							"pivot": [0, 11, -1],
							"rotation": [-7.5, 0, 0],
							"uv": {
								"north": {"uv": [117, 36], "uv_size": [4, 5]},
								"east": {"uv": [92, 124], "uv_size": [2, 5]},
								"south": {"uv": [53, 117], "uv_size": [4, 5]},
								"west": {"uv": [118, 124], "uv_size": [2, 5]},
								"up": {"uv": [126, 114], "uv_size": [4, 2]},
								"down": {"uv": [125, 128], "uv_size": [4, -2]}
							}
						},
						{
							"origin": [-2.1449, 19.1, 4.645],
							"size": [2.2499, 4.8, 5.875],
							"uv": {
								"north": {"uv": [18, 125], "uv_size": [2, 5]},
								"east": {"uv": [94, 110], "uv_size": [6, 5]},
								"south": {"uv": [125, 18], "uv_size": [2, 5]},
								"west": {"uv": [111, 106], "uv_size": [6, 5]},
								"up": {"uv": [12, 124], "uv_size": [2, 6]},
								"down": {"uv": [30, 130], "uv_size": [2, -6]}
							}
						},
						{
							"origin": [-2.97, 33.375, -11.45],
							"size": [3.95, 8.55, 2.875],
							"pivot": [0, 15.5, -5],
							"rotation": [-85, 0, 0],
							"uv": {
								"north": {"uv": [46, 103], "uv_size": [4, 9]},
								"east": {"uv": [50, 111], "uv_size": [3, 9]},
								"south": {"uv": [101, 104], "uv_size": [4, 9]},
								"west": {"uv": [66, 111], "uv_size": [3, 9]},
								"up": {"uv": [122, 78], "uv_size": [4, 3]},
								"down": {"uv": [3, 126], "uv_size": [4, -3]}
							}
						},
						{
							"origin": [-4.615, 21.29, 1.395],
							"size": [0.855, 5.62, 7.5],
							"pivot": [0, 12.625, -8.375],
							"rotation": [-10, 5, -0.3],
							"uv": {
								"north": {"uv": [66, 128], "uv_size": [1, 6]},
								"east": {"uv": [95, 98], "uv_size": [8, 6]},
								"south": {"uv": [67, 128], "uv_size": [1, 6]},
								"west": {"uv": [100, 36], "uv_size": [8, 6]},
								"up": {"uv": [97, 125], "uv_size": [1, 8]},
								"down": {"uv": [103, 133], "uv_size": [1, -8]}
							}
						},
						{
							"origin": [-4.49, 18.665, 2.27],
							"size": [1.73, 1.12, 7.375],
							"pivot": [0.125, 10, -7.625],
							"rotation": [-1.5, 5, -0.3],
							"uv": {
								"north": {"uv": [133, 63], "uv_size": [2, 1]},
								"east": {"uv": [128, 56], "uv_size": [7, 1]},
								"south": {"uv": [71, 133], "uv_size": [2, 1]},
								"west": {"uv": [128, 57], "uv_size": [7, 1]},
								"up": {"uv": [54, 122], "uv_size": [2, 7]},
								"down": {"uv": [90, 129], "uv_size": [2, -7]}
							}
						},
						{
							"origin": [0.82, 18.665, 2.895],
							"size": [1.73, 1.12, 7.375],
							"pivot": [5.375, 10, -7],
							"rotation": [-1.5, -5, -0.3],
							"uv": {
								"north": {"uv": [75, 133], "uv_size": [2, 1]},
								"east": {"uv": [128, 58], "uv_size": [7, 1]},
								"south": {"uv": [78, 133], "uv_size": [2, 1]},
								"west": {"uv": [128, 72], "uv_size": [7, 1]},
								"up": {"uv": [122, 106], "uv_size": [2, 7]},
								"down": {"uv": [122, 125], "uv_size": [2, -7]}
							}
						},
						{
							"origin": [1.51, 21.29, 1.52],
							"size": [1.105, 5.62, 7.625],
							"pivot": [0, 12.625, -8.375],
							"rotation": [-10, -5, 0.3],
							"uv": {
								"north": {"uv": [68, 128], "uv_size": [1, 6]},
								"east": {"uv": [100, 42], "uv_size": [8, 6]},
								"south": {"uv": [70, 128], "uv_size": [1, 6]},
								"west": {"uv": [30, 101], "uv_size": [8, 6]},
								"up": {"uv": [117, 126], "uv_size": [1, 8]},
								"down": {"uv": [124, 134], "uv_size": [1, -8]}
							}
						},
						{
							"origin": [-3.655, 23.925, -0.23],
							"size": [5.27, 0.675, 4.375],
							"uv": {
								"north": {"uv": [129, 16], "uv_size": [5, 1]},
								"east": {"uv": [18, 130], "uv_size": [4, 1]},
								"south": {"uv": [129, 17], "uv_size": [5, 1]},
								"west": {"uv": [22, 130], "uv_size": [4, 1]},
								"up": {"uv": [18, 117], "uv_size": [5, 4]},
								"down": {"uv": [23, 121], "uv_size": [5, -4]}
							}
						},
						{
							"origin": [-3.655, 24.55, -2.105],
							"size": [5.27, 1.05, 5.5],
							"uv": {
								"north": {"uv": [129, 64], "uv_size": [5, 1]},
								"east": {"uv": [128, 77], "uv_size": [6, 1]},
								"south": {"uv": [129, 65], "uv_size": [5, 1]},
								"west": {"uv": [128, 85], "uv_size": [6, 1]},
								"up": {"uv": [75, 110], "uv_size": [5, 6]},
								"down": {"uv": [84, 116], "uv_size": [5, -6]}
							}
						},
						{
							"origin": [-3.655, 24.55, 3.395],
							"size": [0.645, 0.425, 0.75],
							"uv": {
								"north": {"uv": [76, 135], "uv_size": [1, 1]},
								"east": {"uv": [135, 76], "uv_size": [1, 1]},
								"south": {"uv": [77, 135], "uv_size": [1, 1]},
								"west": {"uv": [78, 135], "uv_size": [1, 1]},
								"up": {"uv": [135, 78], "uv_size": [1, 1]},
								"down": {"uv": [135, 80], "uv_size": [1, -1]}
							}
						},
						{
							"origin": [-3.635, 24.175, -36.98],
							"size": [5.27, 0.8, 36.75],
							"uv": {
								"north": {"uv": [129, 35], "uv_size": [5, 1]},
								"east": {"uv": [103, 102], "uv_size": [37, 1]},
								"south": {"uv": [52, 129], "uv_size": [5, 1]},
								"west": {"uv": [103, 103], "uv_size": [37, 1]},
								"up": {"uv": [46, 6], "uv_size": [5, 37]},
								"down": {"uv": [46, 80], "uv_size": [5, -37]}
							}
						},
						{
							"origin": [-3.67, 18.975, -1.355],
							"size": [5.29, 5.675, 3],
							"pivot": [0, 11.5, -1.125],
							"rotation": [-10, 0, 0],
							"uv": {
								"north": {"uv": [91, 36], "uv_size": [5, 6]},
								"east": {"uv": [101, 119], "uv_size": [3, 6]},
								"south": {"uv": [36, 109], "uv_size": [5, 6]},
								"west": {"uv": [119, 118], "uv_size": [3, 6]},
								"up": {"uv": [122, 3], "uv_size": [5, 3]},
								"down": {"uv": [122, 9], "uv_size": [5, -3]}
							}
						},
						{
							"origin": [-3.69, 18.475, -17.355],
							"size": [5.32, 6.05, 20],
							"pivot": [0, 11, -0.125],
							"rotation": [-1.5, 0, 0],
							"uv": {
								"north": {"uv": [41, 109], "uv_size": [5, 6]},
								"east": {"uv": [71, 30], "uv_size": [20, 6]},
								"south": {"uv": [0, 110], "uv_size": [5, 6]},
								"west": {"uv": [71, 36], "uv_size": [20, 6]},
								"up": {"uv": [71, 42], "uv_size": [5, 20]},
								"down": {"uv": [71, 82], "uv_size": [5, -20]}
							}
						},
						{
							"origin": [-3.615, 18.475, -37.355],
							"size": [5.225, 5.425, 20],
							"pivot": [0, 11, -0.125],
							"rotation": [-1.5, 0, 0],
							"uv": {
								"north": {"uv": [112, 36], "uv_size": [5, 5]},
								"east": {"uv": [76, 42], "uv_size": [20, 5]},
								"south": {"uv": [53, 112], "uv_size": [5, 5]},
								"west": {"uv": [76, 47], "uv_size": [20, 5]},
								"up": {"uv": [6, 73], "uv_size": [5, 20]},
								"down": {"uv": [76, 72], "uv_size": [5, -20]}
							}
						},
						{
							"origin": [-3.94, 18.475, -76.605],
							"size": [4.195, 3.55, 39.375],
							"pivot": [0, 11, -0.125],
							"rotation": [-1.5, -0.5, 0],
							"uv": {
								"north": {"uv": [121, 23], "uv_size": [4, 4]},
								"east": {"uv": [51, 6], "uv_size": [39, 4]},
								"south": {"uv": [32, 121], "uv_size": [4, 4]},
								"west": {"uv": [51, 10], "uv_size": [39, 4]},
								"up": {"uv": [51, 14], "uv_size": [4, 39]},
								"down": {"uv": [51, 92], "uv_size": [4, -39]}
							}
						},
						{
							"origin": [-3.94, 21.975, -55.73],
							"size": [4.195, 1.55, 18.5],
							"pivot": [0, 14.5, -0.125],
							"rotation": [-1.5, -0.5, 0],
							"uv": {
								"north": {"uv": [127, 18], "uv_size": [4, 2]},
								"east": {"uv": [100, 48], "uv_size": [19, 2]},
								"south": {"uv": [127, 20], "uv_size": [4, 2]},
								"west": {"uv": [103, 78], "uv_size": [19, 2]},
								"up": {"uv": [38, 90], "uv_size": [4, 19]},
								"down": {"uv": [42, 109], "uv_size": [4, -19]}
							}
						},
						{
							"origin": [-3.9425, 23.475, -76.355],
							"size": [4.195, 1.52, 39.375],
							"pivot": [0, 14.5, -0.125],
							"rotation": [0, -0.5, 0],
							"uv": {
								"north": {"uv": [80, 127], "uv_size": [4, 2]},
								"east": {"uv": [81, 56], "uv_size": [39, 2]},
								"south": {"uv": [0, 128], "uv_size": [4, 2]},
								"west": {"uv": [81, 58], "uv_size": [39, 2]},
								"up": {"uv": [22, 54], "uv_size": [4, 39]},
								"down": {"uv": [26, 93], "uv_size": [4, -39]}
							}
						},
						{
							"origin": [-2.265, 23.475, -76.355],
							"size": [4.195, 1.52, 39.375],
							"pivot": [0, 14.5, -0.125],
							"rotation": [0, 0.5, 0],
							"uv": {
								"north": {"uv": [14, 128], "uv_size": [4, 2]},
								"east": {"uv": [81, 60], "uv_size": [39, 2]},
								"south": {"uv": [20, 128], "uv_size": [4, 2]},
								"west": {"uv": [81, 62], "uv_size": [39, 2]},
								"up": {"uv": [30, 54], "uv_size": [4, 39]},
								"down": {"uv": [34, 93], "uv_size": [4, -39]}
							}
						},
						{
							"origin": [-2.02, 21.975, -55.73],
							"size": [3.945, 1.55, 18.5],
							"pivot": [0.625, 14.5, -0.125],
							"rotation": [-1.5, 0.5, 0],
							"uv": {
								"north": {"uv": [127, 59], "uv_size": [4, 2]},
								"east": {"uv": [103, 80], "uv_size": [19, 2]},
								"south": {"uv": [127, 61], "uv_size": [4, 2]},
								"west": {"uv": [103, 100], "uv_size": [19, 2]},
								"up": {"uv": [50, 92], "uv_size": [4, 19]},
								"down": {"uv": [67, 111], "uv_size": [4, -19]}
							}
						},
						{
							"origin": [-2.02, 18.475, -76.605],
							"size": [3.945, 3.55, 39.375],
							"pivot": [0.625, 11, -0.125],
							"rotation": [-1.5, 0.5, 0],
							"uv": {
								"north": {"uv": [36, 121], "uv_size": [4, 4]},
								"east": {"uv": [55, 14], "uv_size": [39, 4]},
								"south": {"uv": [121, 36], "uv_size": [4, 4]},
								"west": {"uv": [55, 18], "uv_size": [39, 4]},
								"up": {"uv": [14, 54], "uv_size": [4, 39]},
								"down": {"uv": [18, 93], "uv_size": [4, -39]}
							}
						}
					]
				},
				{
					"name": "bone",
					"parent": "Wood",
					"pivot": [-10.7811, 14.5964, -11.5009],
					"rotation": [1, 0, 0]
				},
				{
					"name": "Metal",
					"parent": "gun",
					"pivot": [0, 8, 1],
					"cubes": [
						{
							"origin": [0.375, 25, -20.375],
							"size": [1.25, 1.375, 24.7],
							"uv": {
								"north": {"uv": [75, 100], "uv_size": [1, 1]},
								"east": {"uv": [108, 47], "uv_size": [24, 1]},
								"south": {"uv": [5, 110], "uv_size": [1, 1]},
								"west": {"uv": [112, 41], "uv_size": [24, 1]},
								"up": {"uv": [9, 111], "uv_size": [1, 24]},
								"down": {"uv": [73, 138], "uv_size": [1, -24]}
							}
						},
						{
							"origin": [0.375, 24.5, -3.875],
							"size": [1.25, 0.5, 8.2],
							"uv": {
								"north": {"uv": [75, 135], "uv_size": [1, 1]},
								"east": {"uv": [128, 24], "uv_size": [8, 1]},
								"south": {"uv": [135, 75], "uv_size": [1, 1]},
								"west": {"uv": [128, 25], "uv_size": [8, 1]},
								"up": {"uv": [4, 128], "uv_size": [1, 8]},
								"down": {"uv": [5, 136], "uv_size": [1, -8]}
							}
						},
						{
							"origin": [1.375, 24.75, 0],
							"size": [0.5, 1.375, 3.825],
							"uv": {
								"north": {"uv": [56, 122], "uv_size": [1, 1]},
								"east": {"uv": [129, 129], "uv_size": [4, 1]},
								"south": {"uv": [118, 123], "uv_size": [1, 1]},
								"west": {"uv": [0, 130], "uv_size": [4, 1]},
								"up": {"uv": [59, 129], "uv_size": [1, 4]},
								"down": {"uv": [72, 133], "uv_size": [1, -4]}
							}
						},
						{
							"origin": [-3.625, 25, -2.675],
							"size": [1.375, 1.375, 6.5],
							"uv": {
								"north": {"uv": [53, 111], "uv_size": [1, 1]},
								"east": {"uv": [128, 54], "uv_size": [7, 1]},
								"south": {"uv": [57, 117], "uv_size": [1, 1]},
								"west": {"uv": [128, 55], "uv_size": [7, 1]},
								"up": {"uv": [41, 128], "uv_size": [1, 7]},
								"down": {"uv": [42, 135], "uv_size": [1, -7]}
							}
						},
						{
							"origin": [13.575, 33.475, -20.176],
							"size": [0.95, 2.265, 24.5],
							"pivot": [16.625, 14.375, 9],
							"rotation": [0, 0, -45],
							"uv": {
								"north": {"uv": [4, 116], "uv_size": [1, 2]},
								"east": {"uv": [95, 0], "uv_size": [25, 2]},
								"south": {"uv": [52, 120], "uv_size": [1, 2]},
								"west": {"uv": [95, 2], "uv_size": [25, 2]},
								"up": {"uv": [89, 110], "uv_size": [1, 25]},
								"down": {"uv": [100, 135], "uv_size": [1, -25]}
							}
						},
						{
							"origin": [-2.03, 27, -2.675],
							"size": [2.06, 1, 6.5],
							"uv": {
								"north": {"uv": [24, 133], "uv_size": [2, 1]},
								"east": {"uv": [128, 37], "uv_size": [7, 1]},
								"south": {"uv": [30, 133], "uv_size": [2, 1]},
								"west": {"uv": [128, 38], "uv_size": [7, 1]},
								"up": {"uv": [26, 121], "uv_size": [2, 7]},
								"down": {"uv": [52, 129], "uv_size": [2, -7]}
							}
						},
						{
							"origin": [-0.655, 27, 3.825],
							"size": [0.685, 1, 0.5],
							"uv": {
								"north": {"uv": [54, 136], "uv_size": [1, 1]},
								"east": {"uv": [136, 54], "uv_size": [1, 1]},
								"south": {"uv": [55, 136], "uv_size": [1, 1]},
								"west": {"uv": [136, 55], "uv_size": [1, 1]},
								"up": {"uv": [56, 136], "uv_size": [1, 1]},
								"down": {"uv": [136, 57], "uv_size": [1, -1]}
							}
						},
						{
							"origin": [-4.57, 26.99, 5.666],
							"size": [0.81, 1, 0.5],
							"pivot": [0, 12, 9],
							"rotation": [0, -45, 0],
							"uv": {
								"north": {"uv": [57, 136], "uv_size": [1, 1]},
								"east": {"uv": [136, 57], "uv_size": [1, 1]},
								"south": {"uv": [58, 136], "uv_size": [1, 1]},
								"west": {"uv": [136, 58], "uv_size": [1, 1]},
								"up": {"uv": [59, 136], "uv_size": [1, 1]},
								"down": {"uv": [136, 60], "uv_size": [1, -1]}
							}
						},
						{
							"origin": [-1.78, 27, -20.175],
							"size": [1.81, 1, 17.5],
							"uv": {
								"north": {"uv": [135, 4], "uv_size": [2, 1]},
								"east": {"uv": [118, 11], "uv_size": [18, 1]},
								"south": {"uv": [135, 5], "uv_size": [2, 1]},
								"west": {"uv": [119, 48], "uv_size": [18, 1]},
								"up": {"uv": [105, 106], "uv_size": [2, 18]},
								"down": {"uv": [10, 125], "uv_size": [2, -18]}
							}
						},
						{
							"origin": [-14.475, 28.505, -2.676],
							"size": [1.375, 2.29, 6.5],
							"pivot": [-11.625, 14.375, 9],
							"rotation": [0, 0, 45],
							"uv": {
								"north": {"uv": [54, 92], "uv_size": [1, 2]},
								"east": {"uv": [122, 14], "uv_size": [7, 2]},
								"south": {"uv": [112, 28], "uv_size": [1, 2]},
								"west": {"uv": [122, 16], "uv_size": [7, 2]},
								"up": {"uv": [6, 128], "uv_size": [1, 7]},
								"down": {"uv": [40, 135], "uv_size": [1, -7]}
							}
						},
						{
							"origin": [-14.475, 28.505, -37.426],
							"size": [1, 2.29, 17.25],
							"pivot": [-11.625, 14.375, -9.875],
							"rotation": [0, 0, 45],
							"uv": {
								"north": {"uv": [61, 133], "uv_size": [1, 2]},
								"east": {"uv": [107, 74], "uv_size": [17, 2]},
								"south": {"uv": [69, 133], "uv_size": [1, 2]},
								"west": {"uv": [107, 76], "uv_size": [17, 2]},
								"up": {"uv": [8, 118], "uv_size": [1, 17]},
								"down": {"uv": [49, 135], "uv_size": [1, -17]}
							}
						},
						{
							"origin": [-3.625, 25, -37.425],
							"size": [1, 1.375, 17.25],
							"uv": {
								"north": {"uv": [26, 135], "uv_size": [1, 1]},
								"east": {"uv": [120, 1], "uv_size": [17, 1]},
								"south": {"uv": [27, 135], "uv_size": [1, 1]},
								"west": {"uv": [120, 2], "uv_size": [17, 1]},
								"up": {"uv": [28, 117], "uv_size": [1, 17]},
								"down": {"uv": [29, 134], "uv_size": [1, -17]}
							}
						},
						{
							"origin": [-2.03, 27, -37.425],
							"size": [2.06, 1, 17.25],
							"uv": {
								"north": {"uv": [80, 133], "uv_size": [2, 1]},
								"east": {"uv": [119, 51], "uv_size": [17, 1]},
								"south": {"uv": [90, 133], "uv_size": [2, 1]},
								"west": {"uv": [120, 0], "uv_size": [17, 1]},
								"up": {"uv": [12, 107], "uv_size": [2, 17]},
								"down": {"uv": [30, 124], "uv_size": [2, -17]}
							}
						},
						{
							"origin": [13.825, 33.475, -37.426],
							"size": [0.7, 2.265, 17.25],
							"pivot": [16.625, 14.375, -9.875],
							"rotation": [0, 0, -45],
							"uv": {
								"north": {"uv": [47, 133], "uv_size": [1, 2]},
								"east": {"uv": [106, 90], "uv_size": [17, 2]},
								"south": {"uv": [54, 133], "uv_size": [1, 2]},
								"west": {"uv": [107, 72], "uv_size": [17, 2]},
								"up": {"uv": [79, 116], "uv_size": [1, 17]},
								"down": {"uv": [88, 133], "uv_size": [1, -17]}
							}
						},
						{
							"origin": [0.625, 25, -37.375],
							"size": [1, 1.375, 17.2],
							"uv": {
								"north": {"uv": [24, 135], "uv_size": [1, 1]},
								"east": {"uv": [119, 49], "uv_size": [17, 1]},
								"south": {"uv": [25, 135], "uv_size": [1, 1]},
								"west": {"uv": [119, 50], "uv_size": [17, 1]},
								"up": {"uv": [66, 94], "uv_size": [1, 17]},
								"down": {"uv": [78, 133], "uv_size": [1, -17]}
							}
						},
						{
							"origin": [-14.475, 28.63, -55.176],
							"size": [1, 1.525, 17.75],
							"pivot": [-11.625, 13.75, -27.125],
							"rotation": [0, 0, 45],
							"uv": {
								"north": {"uv": [39, 134], "uv_size": [1, 2]},
								"east": {"uv": [106, 86], "uv_size": [18, 2]},
								"south": {"uv": [48, 134], "uv_size": [1, 2]},
								"west": {"uv": [106, 88], "uv_size": [18, 2]},
								"up": {"uv": [99, 115], "uv_size": [1, 18]},
								"down": {"uv": [65, 134], "uv_size": [1, -18]}
							}
						},
						{
							"origin": [-2, 26.375, -55.175],
							"size": [2, 1, 17.75],
							"uv": {
								"north": {"uv": [37, 134], "uv_size": [2, 1]},
								"east": {"uv": [117, 46], "uv_size": [18, 1]},
								"south": {"uv": [134, 40], "uv_size": [2, 1]},
								"west": {"uv": [117, 71], "uv_size": [18, 1]},
								"up": {"uv": [90, 104], "uv_size": [2, 18]},
								"down": {"uv": [92, 124], "uv_size": [2, -18]}
							}
						},
						{
							"origin": [13.825, 33.6, -55.176],
							"size": [0.7, 1.525, 17.75],
							"pivot": [16.625, 13.75, -27.125],
							"rotation": [0, 0, -45],
							"uv": {
								"north": {"uv": [35, 134], "uv_size": [1, 2]},
								"east": {"uv": [106, 82], "uv_size": [18, 2]},
								"south": {"uv": [36, 134], "uv_size": [1, 2]},
								"west": {"uv": [106, 84], "uv_size": [18, 2]},
								"up": {"uv": [75, 82], "uv_size": [1, 18]},
								"down": {"uv": [98, 133], "uv_size": [1, -18]}
							}
						},
						{
							"origin": [-3.125, 24.375, -55.125],
							"size": [4.25, 1.875, 17.7],
							"uv": {
								"north": {"uv": [127, 7], "uv_size": [4, 2]},
								"east": {"uv": [104, 54], "uv_size": [18, 2]},
								"south": {"uv": [127, 9], "uv_size": [4, 2]},
								"west": {"uv": [105, 104], "uv_size": [18, 2]},
								"up": {"uv": [6, 93], "uv_size": [4, 18]},
								"down": {"uv": [14, 111], "uv_size": [4, -18]}
							}
						},
						{
							"origin": [-2.5, 26.375, -74.8],
							"size": [3, 0.875, 3.875],
							"uv": {
								"north": {"uv": [131, 128], "uv_size": [3, 1]},
								"east": {"uv": [130, 94], "uv_size": [4, 1]},
								"south": {"uv": [131, 130], "uv_size": [3, 1]},
								"west": {"uv": [130, 96], "uv_size": [4, 1]},
								"up": {"uv": [124, 59], "uv_size": [3, 4]},
								"down": {"uv": [66, 128], "uv_size": [3, -4]}
							}
						},
						{
							"origin": [-3.4, 20.15, -74.875],
							"size": [4.875, 5, 3.95],
							"uv": {
								"north": {"uv": [112, 92], "uv_size": [5, 5]},
								"east": {"uv": [117, 64], "uv_size": [4, 5]},
								"south": {"uv": [113, 28], "uv_size": [5, 5]},
								"west": {"uv": [117, 92], "uv_size": [4, 5]},
								"up": {"uv": [117, 106], "uv_size": [5, 4]},
								"down": {"uv": [117, 114], "uv_size": [5, -4]}
							}
						},
						{
							"origin": [-0.09671, 24.64848, -74.801],
							"size": [0.95, 2.525, 3.875],
							"pivot": [0.37829, 25.97348, -72.8635],
							"rotation": [0, 0, -15],
							"uv": {
								"north": {"uv": [106, 131], "uv_size": [1, 3]},
								"east": {"uv": [114, 123], "uv_size": [4, 3]},
								"south": {"uv": [111, 131], "uv_size": [1, 3]},
								"west": {"uv": [124, 56], "uv_size": [4, 3]},
								"up": {"uv": [115, 130], "uv_size": [1, 4]},
								"down": {"uv": [118, 134], "uv_size": [1, -4]}
							}
						},
						{
							"origin": [-2.84671, 24.64848, -74.801],
							"size": [0.95, 2.525, 3.875],
							"pivot": [-2.37171, 25.97348, -72.8635],
							"rotation": [0, 0, 15],
							"uv": {
								"north": {"uv": [26, 132], "uv_size": [1, 3]},
								"east": {"uv": [124, 84], "uv_size": [4, 3]},
								"south": {"uv": [27, 132], "uv_size": [1, 3]},
								"west": {"uv": [124, 87], "uv_size": [4, 3]},
								"up": {"uv": [121, 130], "uv_size": [1, 4]},
								"down": {"uv": [62, 135], "uv_size": [1, -4]}
							}
						},
						{
							"origin": [13.825, 33.475, -39.801],
							"size": [0.7, 1.9, 2.375],
							"pivot": [16.625, 14, -27.125],
							"rotation": [0, 0, -45],
							"uv": {
								"north": {"uv": [60, 134], "uv_size": [1, 2]},
								"east": {"uv": [109, 130], "uv_size": [2, 2]},
								"south": {"uv": [65, 134], "uv_size": [1, 2]},
								"west": {"uv": [113, 130], "uv_size": [2, 2]},
								"up": {"uv": [134, 65], "uv_size": [1, 2]},
								"down": {"uv": [66, 136], "uv_size": [1, -2]}
							}
						},
						{
							"origin": [-3.375, 24.625, -39.75],
							"size": [4.75, 1.625, 2.325],
							"uv": {
								"north": {"uv": [124, 110], "uv_size": [5, 2]},
								"east": {"uv": [107, 130], "uv_size": [2, 2]},
								"south": {"uv": [124, 112], "uv_size": [5, 2]},
								"west": {"uv": [130, 108], "uv_size": [2, 2]},
								"up": {"uv": [124, 118], "uv_size": [5, 2]},
								"down": {"uv": [124, 122], "uv_size": [5, -2]}
							}
						},
						{
							"origin": [-2, 26.625, -39.8],
							"size": [2, 1, 2.375],
							"uv": {
								"north": {"uv": [56, 134], "uv_size": [2, 1]},
								"east": {"uv": [58, 134], "uv_size": [2, 1]},
								"south": {"uv": [63, 134], "uv_size": [2, 1]},
								"west": {"uv": [134, 64], "uv_size": [2, 1]},
								"up": {"uv": [130, 92], "uv_size": [2, 2]},
								"down": {"uv": [130, 108], "uv_size": [2, -2]}
							}
						},
						{
							"origin": [-14.475, 28.505, -39.801],
							"size": [1, 1.9, 2.375],
							"pivot": [-11.625, 14, -27.125],
							"rotation": [0, 0, 45],
							"uv": {
								"north": {"uv": [51, 134], "uv_size": [1, 2]},
								"east": {"uv": [90, 130], "uv_size": [2, 2]},
								"south": {"uv": [52, 134], "uv_size": [1, 2]},
								"west": {"uv": [92, 130], "uv_size": [2, 2]},
								"up": {"uv": [53, 134], "uv_size": [1, 2]},
								"down": {"uv": [55, 136], "uv_size": [1, -2]}
							}
						},
						{
							"origin": [-14.475, 28.755, -29.051],
							"size": [1, 2.275, 8.5],
							"pivot": [-11.625, 14.625, -10.25],
							"rotation": [0, 0, 45],
							"uv": {
								"north": {"uv": [92, 133], "uv_size": [1, 2]},
								"east": {"uv": [117, 114], "uv_size": [9, 2]},
								"south": {"uv": [96, 133], "uv_size": [1, 2]},
								"west": {"uv": [118, 9], "uv_size": [9, 2]},
								"up": {"uv": [60, 123], "uv_size": [1, 9]},
								"down": {"uv": [64, 132], "uv_size": [1, -9]}
							}
						},
						{
							"origin": [-3.625, 26.375, -29.05],
							"size": [5.25, 0.25, 8.5],
							"uv": {
								"north": {"uv": [32, 129], "uv_size": [5, 1]},
								"east": {"uv": [126, 32], "uv_size": [8, 1]},
								"south": {"uv": [129, 34], "uv_size": [5, 1]},
								"west": {"uv": [126, 80], "uv_size": [8, 1]},
								"up": {"uv": [103, 22], "uv_size": [5, 8]},
								"down": {"uv": [103, 100], "uv_size": [5, -8]}
							}
						},
						{
							"origin": [-2.875, 25, -28.925],
							"size": [4, 2, 8.5],
							"uv": {
								"north": {"uv": [128, 22], "uv_size": [4, 2]},
								"east": {"uv": [121, 64], "uv_size": [8, 2]},
								"south": {"uv": [24, 128], "uv_size": [4, 2]},
								"west": {"uv": [121, 66], "uv_size": [8, 2]},
								"up": {"uv": [108, 22], "uv_size": [4, 8]},
								"down": {"uv": [108, 44], "uv_size": [4, -8]}
							}
						},
						{
							"origin": [-2, 24.875, -25.54],
							"size": [2.375, 1.875, 5.125],
							"uv": {
								"north": {"uv": [130, 114], "uv_size": [2, 2]},
								"east": {"uv": [124, 122], "uv_size": [5, 2]},
								"south": {"uv": [119, 130], "uv_size": [2, 2]},
								"west": {"uv": [124, 124], "uv_size": [5, 2]},
								"up": {"uv": [120, 124], "uv_size": [2, 5]},
								"down": {"uv": [10, 130], "uv_size": [2, -5]}
							}
						},
						{
							"origin": [-2, 27.25, -29.05],
							"size": [2, 1, 8.5],
							"uv": {
								"north": {"uv": [94, 133], "uv_size": [2, 1]},
								"east": {"uv": [125, 39], "uv_size": [8, 1]},
								"south": {"uv": [133, 95], "uv_size": [2, 1]},
								"west": {"uv": [125, 95], "uv_size": [8, 1]},
								"up": {"uv": [50, 120], "uv_size": [2, 8]},
								"down": {"uv": [70, 128], "uv_size": [2, -8]}
							}
						},
						{
							"origin": [13.825, 33.725, -29.051],
							"size": [0.7, 2.275, 8.5],
							"pivot": [16.625, 14.625, -10.25],
							"rotation": [0, 0, -45],
							"uv": {
								"north": {"uv": [82, 133], "uv_size": [1, 2]},
								"east": {"uv": [117, 44], "uv_size": [9, 2]},
								"south": {"uv": [88, 133], "uv_size": [1, 2]},
								"west": {"uv": [117, 69], "uv_size": [9, 2]},
								"up": {"uv": [72, 120], "uv_size": [1, 9]},
								"down": {"uv": [7, 132], "uv_size": [1, -9]}
							}
						},
						{
							"origin": [-1.49, 25.66743, -147.7848],
							"size": [0.95, 2.2, 2.063],
							"uv": {
								"north": {"uv": [114, 121], "uv_size": [1, 2]},
								"east": {"uv": [129, 118], "uv_size": [2, 2]},
								"south": {"uv": [48, 132], "uv_size": [1, 2]},
								"west": {"uv": [129, 120], "uv_size": [2, 2]},
								"up": {"uv": [55, 132], "uv_size": [1, 2]},
								"down": {"uv": [64, 134], "uv_size": [1, -2]}
							}
						},
						{
							"origin": [-1.075, 25.875, -147.75],
							"size": [0.2, 3.15, 1.25],
							"uv": {
								"north": {"uv": [63, 131], "uv_size": [1, 3]},
								"east": {"uv": [101, 131], "uv_size": [1, 3]},
								"south": {"uv": [102, 131], "uv_size": [1, 3]},
								"west": {"uv": [105, 131], "uv_size": [1, 3]},
								"up": {"uv": [121, 27], "uv_size": [1, 1]},
								"down": {"uv": [3, 123], "uv_size": [1, -1]}
							}
						},
						{
							"origin": [-2.5, 23.875, -149.625],
							"size": [3, 3, 95],
							"uv": {
								"north": {"uv": [20, 125], "uv_size": [3, 3]},
								"east": {"uv": [0, 0], "uv_size": [95, 3]},
								"south": {"uv": [23, 125], "uv_size": [3, 3]},
								"west": {"uv": [0, 3], "uv_size": [95, 3]},
								"up": {"uv": [0, 6], "uv_size": [3, 95]},
								"down": {"uv": [3, 101], "uv_size": [3, -95]}
							}
						},
						{
							"origin": [-2.625, 23.75, -148],
							"size": [3.25, 3.25, 2.5],
							"uv": {
								"north": {"uv": [125, 23], "uv_size": [3, 3]},
								"east": {"uv": [32, 125], "uv_size": [3, 3]},
								"south": {"uv": [35, 125], "uv_size": [3, 3]},
								"west": {"uv": [125, 36], "uv_size": [3, 3]},
								"up": {"uv": [38, 125], "uv_size": [3, 3]},
								"down": {"uv": [41, 128], "uv_size": [3, -3]}
							}
						},
						{
							"origin": [-2.5, 23.875, -149.75],
							"size": [0.625, 2.375, 0.125],
							"uv": {
								"north": {"uv": [77, 132], "uv_size": [1, 2]},
								"east": {"uv": [83, 132], "uv_size": [1, 2]},
								"south": {"uv": [93, 132], "uv_size": [1, 2]},
								"west": {"uv": [110, 132], "uv_size": [1, 2]},
								"up": {"uv": [125, 26], "uv_size": [1, 1]},
								"down": {"uv": [127, 23], "uv_size": [1, -1]}
							}
						},
						{
							"origin": [-2.5, 26.25, -149.75],
							"size": [3, 0.625, 0.125],
							"uv": {
								"north": {"uv": [131, 119], "uv_size": [3, 1]},
								"east": {"uv": [135, 20], "uv_size": [1, 1]},
								"south": {"uv": [131, 120], "uv_size": [3, 1]},
								"west": {"uv": [135, 21], "uv_size": [1, 1]},
								"up": {"uv": [131, 121], "uv_size": [3, 1]},
								"down": {"uv": [131, 123], "uv_size": [3, -1]}
							}
						},
						{
							"origin": [-0.125, 23.875, -149.75],
							"size": [0.625, 2.375, 0.125],
							"uv": {
								"north": {"uv": [127, 132], "uv_size": [1, 2]},
								"east": {"uv": [12, 133], "uv_size": [1, 2]},
								"south": {"uv": [45, 133], "uv_size": [1, 2]},
								"west": {"uv": [46, 133], "uv_size": [1, 2]},
								"up": {"uv": [22, 135], "uv_size": [1, 1]},
								"down": {"uv": [135, 23], "uv_size": [1, -1]}
							}
						},
						{
							"origin": [-1.875, 23.875, -149.75],
							"size": [1.75, 0.625, 0.125],
							"uv": {
								"north": {"uv": [133, 39], "uv_size": [2, 1]},
								"east": {"uv": [23, 135], "uv_size": [1, 1]},
								"south": {"uv": [52, 133], "uv_size": [2, 1]},
								"west": {"uv": [135, 23], "uv_size": [1, 1]},
								"up": {"uv": [57, 133], "uv_size": [2, 1]},
								"down": {"uv": [59, 134], "uv_size": [2, -1]}
							}
						},
						{
							"origin": [-3.5, 53.095, -52.525],
							"size": [5.125, 0.925, 0.925],
							"pivot": [-4.5, 42.125, -69.025],
							"rotation": [-135, 0, 0],
							"uv": {
								"north": {"uv": [129, 66], "uv_size": [5, 1]},
								"east": {"uv": [135, 131], "uv_size": [1, 1]},
								"south": {"uv": [129, 67], "uv_size": [5, 1]},
								"west": {"uv": [132, 135], "uv_size": [1, 1]},
								"up": {"uv": [129, 90], "uv_size": [5, 1]},
								"down": {"uv": [129, 92], "uv_size": [5, -1]}
							}
						},
						{
							"origin": [-2, -5, 37.8],
							"size": [1.5, 0.7, 2.375],
							"pivot": [0, -4.375, 14.5],
							"rotation": [115, 0, 0],
							"uv": {
								"north": {"uv": [134, 132], "uv_size": [2, 1]},
								"east": {"uv": [133, 134], "uv_size": [2, 1]},
								"south": {"uv": [134, 133], "uv_size": [2, 1]},
								"west": {"uv": [135, 3], "uv_size": [2, 1]},
								"up": {"uv": [24, 131], "uv_size": [2, 2]},
								"down": {"uv": [57, 133], "uv_size": [2, -2]}
							}
						},
						{
							"origin": [-4, 53.095, -0.4],
							"size": [6, 0.675, 0.675],
							"pivot": [-4.5, 42.125, -16.9],
							"rotation": [-135, 0, 0],
							"uv": {
								"north": {"uv": [128, 100], "uv_size": [6, 1]},
								"east": {"uv": [135, 134], "uv_size": [1, 1]},
								"south": {"uv": [128, 101], "uv_size": [6, 1]},
								"west": {"uv": [135, 135], "uv_size": [1, 1]},
								"up": {"uv": [107, 128], "uv_size": [6, 1]},
								"down": {"uv": [125, 129], "uv_size": [6, -1]}
							}
						},
						{
							"origin": [-3.875, 52.595, -0.9],
							"size": [5.75, 1.675, 1.675],
							"pivot": [-4.5, 42.125, -16.9],
							"rotation": [-135, 0, 0],
							"uv": {
								"north": {"uv": [123, 104], "uv_size": [6, 2]},
								"east": {"uv": [75, 131], "uv_size": [2, 2]},
								"south": {"uv": [105, 124], "uv_size": [6, 2]},
								"west": {"uv": [94, 131], "uv_size": [2, 2]},
								"up": {"uv": [124, 106], "uv_size": [6, 2]},
								"down": {"uv": [124, 110], "uv_size": [6, -2]}
							}
						},
						{
							"origin": [-3, 45.47, 30.975],
							"size": [3.875, 0.925, 0.925],
							"pivot": [-5.25, 34.625, 14.475],
							"rotation": [-135, 0, 0],
							"uv": {
								"north": {"uv": [131, 112], "uv_size": [4, 1]},
								"east": {"uv": [133, 135], "uv_size": [1, 1]},
								"south": {"uv": [131, 116], "uv_size": [4, 1]},
								"west": {"uv": [134, 135], "uv_size": [1, 1]},
								"up": {"uv": [131, 117], "uv_size": [4, 1]},
								"down": {"uv": [131, 119], "uv_size": [4, -1]}
							}
						},
						{
							"origin": [-3.24, 24.475, 3.645],
							"size": [0.73, 0.575, 2.25],
							"uv": {
								"north": {"uv": [135, 84], "uv_size": [1, 1]},
								"east": {"uv": [93, 134], "uv_size": [2, 1]},
								"south": {"uv": [85, 135], "uv_size": [1, 1]},
								"west": {"uv": [134, 94], "uv_size": [2, 1]},
								"up": {"uv": [95, 134], "uv_size": [1, 2]},
								"down": {"uv": [134, 102], "uv_size": [1, -2]}
							}
						},
						{
							"origin": [0.51, 24.475, 3.645],
							"size": [0.73, 0.575, 2.25],
							"uv": {
								"north": {"uv": [86, 135], "uv_size": [1, 1]},
								"east": {"uv": [134, 96], "uv_size": [2, 1]},
								"south": {"uv": [135, 86], "uv_size": [1, 1]},
								"west": {"uv": [101, 134], "uv_size": [2, 1]},
								"up": {"uv": [103, 134], "uv_size": [1, 2]},
								"down": {"uv": [104, 136], "uv_size": [1, -2]}
							}
						},
						{
							"origin": [-3.24, 24.975, 5.395],
							"size": [0.73, 0.325, 0.5],
							"uv": {
								"north": {"uv": [135, 90], "uv_size": [1, 1]},
								"east": {"uv": [91, 135], "uv_size": [1, 1]},
								"south": {"uv": [135, 91], "uv_size": [1, 1]},
								"west": {"uv": [92, 135], "uv_size": [1, 1]},
								"up": {"uv": [135, 92], "uv_size": [1, 1]},
								"down": {"uv": [93, 136], "uv_size": [1, -1]}
							}
						},
						{
							"origin": [0.51, 24.975, 4.27],
							"size": [0.73, 0.325, 1.625],
							"uv": {
								"north": {"uv": [135, 89], "uv_size": [1, 1]},
								"east": {"uv": [134, 104], "uv_size": [2, 1]},
								"south": {"uv": [90, 135], "uv_size": [1, 1]},
								"west": {"uv": [105, 134], "uv_size": [2, 1]},
								"up": {"uv": [107, 134], "uv_size": [1, 2]},
								"down": {"uv": [108, 136], "uv_size": [1, -2]}
							}
						},
						{
							"origin": [-0.115, 24.1, 6.27],
							"size": [1.355, 0.45, 1.625],
							"uv": {
								"north": {"uv": [135, 112], "uv_size": [1, 1]},
								"east": {"uv": [124, 134], "uv_size": [2, 1]},
								"south": {"uv": [113, 135], "uv_size": [1, 1]},
								"west": {"uv": [134, 125], "uv_size": [2, 1]},
								"up": {"uv": [126, 134], "uv_size": [1, 2]},
								"down": {"uv": [134, 128], "uv_size": [1, -2]}
							}
						},
						{
							"origin": [-3.24, 24.1, 6.27],
							"size": [1.355, 0.45, 1.625],
							"uv": {
								"north": {"uv": [135, 113], "uv_size": [1, 1]},
								"east": {"uv": [127, 134], "uv_size": [2, 1]},
								"south": {"uv": [135, 114], "uv_size": [1, 1]},
								"west": {"uv": [134, 128], "uv_size": [2, 1]},
								"up": {"uv": [130, 134], "uv_size": [1, 2]},
								"down": {"uv": [134, 132], "uv_size": [1, -2]}
							}
						},
						{
							"origin": [0.51, 27.775, -0.355],
							"size": [0.73, 0.7, 1.625],
							"pivot": [3.875, 14.125, -3.75],
							"rotation": [-27.5, 0, 0],
							"uv": {
								"north": {"uv": [109, 135], "uv_size": [1, 1]},
								"east": {"uv": [117, 134], "uv_size": [2, 1]},
								"south": {"uv": [135, 110], "uv_size": [1, 1]},
								"west": {"uv": [134, 119], "uv_size": [2, 1]},
								"up": {"uv": [115, 134], "uv_size": [1, 2]},
								"down": {"uv": [134, 122], "uv_size": [1, -2]}
							}
						},
						{
							"origin": [-3.24, 27.9, -0.355],
							"size": [0.73, 0.575, 1.625],
							"pivot": [0.125, 14.125, -3.75],
							"rotation": [-27.5, 0, 0],
							"uv": {
								"north": {"uv": [135, 111], "uv_size": [1, 1]},
								"east": {"uv": [121, 134], "uv_size": [2, 1]},
								"south": {"uv": [112, 135], "uv_size": [1, 1]},
								"west": {"uv": [134, 122], "uv_size": [2, 1]},
								"up": {"uv": [123, 134], "uv_size": [1, 2]},
								"down": {"uv": [134, 125], "uv_size": [1, -2]}
							}
						},
						{
							"origin": [-2.865, 24.9, 5.27],
							"size": [0.855, 0.45, 3.25],
							"pivot": [0.75, 11.125, 2],
							"rotation": [-10.00933, 2.462, -0.43439],
							"uv": {
								"north": {"uv": [135, 115], "uv_size": [1, 1]},
								"east": {"uv": [132, 22], "uv_size": [3, 1]},
								"south": {"uv": [116, 135], "uv_size": [1, 1]},
								"west": {"uv": [132, 23], "uv_size": [3, 1]},
								"up": {"uv": [123, 131], "uv_size": [1, 3]},
								"down": {"uv": [128, 134], "uv_size": [1, -3]}
							}
						},
						{
							"origin": [-2.49, 24.9, 8.02],
							"size": [2.98, 0.45, 0.625],
							"pivot": [0.75, 11.125, 2],
							"rotation": [-10, 0, 0],
							"uv": {
								"north": {"uv": [132, 31], "uv_size": [3, 1]},
								"east": {"uv": [125, 135], "uv_size": [1, 1]},
								"south": {"uv": [33, 132], "uv_size": [3, 1]},
								"west": {"uv": [135, 126], "uv_size": [1, 1]},
								"up": {"uv": [132, 44], "uv_size": [3, 1]},
								"down": {"uv": [45, 133], "uv_size": [3, -1]}
							}
						},
						{
							"origin": [0.26, 24.9, 6.55],
							"size": [0.855, 0.45, 0.375],
							"pivot": [0.25, 11.125, 2],
							"rotation": [-14.00194, -44.13603, 9.85108],
							"uv": {
								"north": {"uv": [135, 117], "uv_size": [1, 1]},
								"east": {"uv": [118, 135], "uv_size": [1, 1]},
								"south": {"uv": [135, 118], "uv_size": [1, 1]},
								"west": {"uv": [119, 135], "uv_size": [1, 1]},
								"up": {"uv": [120, 135], "uv_size": [1, 1]},
								"down": {"uv": [135, 121], "uv_size": [1, -1]}
							}
						},
						{
							"origin": [2.01, 24.9, -1.15],
							"size": [0.855, 0.45, 0.375],
							"pivot": [0.25, 11.125, 2],
							"rotation": [-165.99806, -44.13603, 170.14892],
							"uv": {
								"north": {"uv": [121, 135], "uv_size": [1, 1]},
								"east": {"uv": [135, 121], "uv_size": [1, 1]},
								"south": {"uv": [122, 135], "uv_size": [1, 1]},
								"west": {"uv": [135, 123], "uv_size": [1, 1]},
								"up": {"uv": [124, 135], "uv_size": [1, 1]},
								"down": {"uv": [135, 125], "uv_size": [1, -1]}
							}
						},
						{
							"origin": [0.01, 24.9, 5.52],
							"size": [0.855, 0.45, 3.25],
							"pivot": [3.375, 11.125, 2],
							"rotation": [-10.00933, -2.462, 0.43439],
							"uv": {
								"north": {"uv": [135, 116], "uv_size": [1, 1]},
								"east": {"uv": [30, 132], "uv_size": [3, 1]},
								"south": {"uv": [117, 135], "uv_size": [1, 1]},
								"west": {"uv": [132, 30], "uv_size": [3, 1]},
								"up": {"uv": [7, 132], "uv_size": [1, 3]},
								"down": {"uv": [13, 135], "uv_size": [1, -3]}
							}
						},
						{
							"origin": [-1.5199, 19.225, 9.27],
							"size": [0.9999, 4.8, 1],
							"uv": {
								"north": {"uv": [71, 128], "uv_size": [1, 5]},
								"east": {"uv": [96, 128], "uv_size": [1, 5]},
								"south": {"uv": [116, 128], "uv_size": [1, 5]},
								"west": {"uv": [37, 129], "uv_size": [1, 5]},
								"up": {"uv": [127, 135], "uv_size": [1, 1]},
								"down": {"uv": [135, 128], "uv_size": [1, -1]}
							}
						}
					]
				},
				{
					"name": "Sight",
					"parent": "Metal",
					"pivot": [0, 12, -27.625],
					"cubes": [
						{
							"origin": [-2.375, 26.75, -52.999],
							"size": [2.75, 1.25, 7.125],
							"uv": {
								"north": {"uv": [132, 79], "uv_size": [3, 1]},
								"east": {"uv": [128, 75], "uv_size": [7, 1]},
								"south": {"uv": [80, 132], "uv_size": [3, 1]},
								"west": {"uv": [128, 76], "uv_size": [7, 1]},
								"up": {"uv": [62, 116], "uv_size": [3, 7]},
								"down": {"uv": [75, 123], "uv_size": [3, -7]}
							}
						},
						{
							"origin": [-1.625, 26.75, -54.499],
							"size": [1.375, 1.25, 1.5],
							"uv": {
								"north": {"uv": [50, 136], "uv_size": [1, 1]},
								"east": {"uv": [10, 135], "uv_size": [2, 1]},
								"south": {"uv": [136, 50], "uv_size": [1, 1]},
								"west": {"uv": [135, 10], "uv_size": [2, 1]},
								"up": {"uv": [131, 134], "uv_size": [1, 2]},
								"down": {"uv": [12, 137], "uv_size": [1, -2]}
							}
						},
						{
							"origin": [-12.875, 26.74, -51.249],
							"size": [0.75, 1.25, 1.625],
							"pivot": [0, 12, -27.625],
							"rotation": [0, -25, 0],
							"uv": {
								"north": {"uv": [51, 136], "uv_size": [1, 1]},
								"east": {"uv": [13, 135], "uv_size": [2, 1]},
								"south": {"uv": [136, 51], "uv_size": [1, 1]},
								"west": {"uv": [135, 14], "uv_size": [2, 1]},
								"up": {"uv": [15, 135], "uv_size": [1, 2]},
								"down": {"uv": [16, 137], "uv_size": [1, -2]}
							}
						},
						{
							"origin": [9.3, 26.74, -52.54],
							"size": [0.75, 1.25, 1.625],
							"pivot": [0, 12, -27.625],
							"rotation": [0, 22.5, 0],
							"uv": {
								"north": {"uv": [52, 136], "uv_size": [1, 1]},
								"east": {"uv": [135, 15], "uv_size": [2, 1]},
								"south": {"uv": [53, 136], "uv_size": [1, 1]},
								"west": {"uv": [17, 135], "uv_size": [2, 1]},
								"up": {"uv": [135, 18], "uv_size": [1, 2]},
								"down": {"uv": [19, 137], "uv_size": [1, -2]}
							}
						},
						{
							"origin": [-1.525, 27, -54.249],
							"size": [1.125, 1.125, 1.125],
							"uv": {
								"north": {"uv": [136, 46], "uv_size": [1, 1]},
								"east": {"uv": [47, 136], "uv_size": [1, 1]},
								"south": {"uv": [136, 47], "uv_size": [1, 1]},
								"west": {"uv": [48, 136], "uv_size": [1, 1]},
								"up": {"uv": [49, 136], "uv_size": [1, 1]},
								"down": {"uv": [136, 50], "uv_size": [1, -1]}
							}
						},
						{
							"origin": [-2.375, 26.75, -45.874],
							"size": [2.75, 1, 5.25],
							"uv": {
								"north": {"uv": [90, 132], "uv_size": [3, 1]},
								"east": {"uv": [129, 104], "uv_size": [5, 1]},
								"south": {"uv": [132, 92], "uv_size": [3, 1]},
								"west": {"uv": [129, 105], "uv_size": [5, 1]},
								"up": {"uv": [111, 121], "uv_size": [3, 5]},
								"down": {"uv": [0, 127], "uv_size": [3, -5]}
							}
						},
						{
							"origin": [-2.365, 25.975, -47.249],
							"size": [2.73, 0.375, 3.125],
							"pivot": [0, 12, -27.625],
							"rotation": [-5, 0, 0],
							"uv": {
								"north": {"uv": [132, 93], "uv_size": [3, 1]},
								"east": {"uv": [132, 106], "uv_size": [3, 1]},
								"south": {"uv": [107, 132], "uv_size": [3, 1]},
								"west": {"uv": [132, 107], "uv_size": [3, 1]},
								"up": {"uv": [125, 92], "uv_size": [3, 3]},
								"down": {"uv": [94, 128], "uv_size": [3, -3]}
							}
						},
						{
							"origin": [-2.375, 28, -52.749],
							"size": [0.625, 0.625, 1.125],
							"uv": {
								"north": {"uv": [136, 20], "uv_size": [1, 1]},
								"east": {"uv": [21, 136], "uv_size": [1, 1]},
								"south": {"uv": [136, 21], "uv_size": [1, 1]},
								"west": {"uv": [22, 136], "uv_size": [1, 1]},
								"up": {"uv": [136, 22], "uv_size": [1, 1]},
								"down": {"uv": [23, 137], "uv_size": [1, -1]}
							}
						},
						{
							"origin": [-0.25, 28, -52.749],
							"size": [0.625, 0.625, 1.125],
							"uv": {
								"north": {"uv": [136, 23], "uv_size": [1, 1]},
								"east": {"uv": [24, 136], "uv_size": [1, 1]},
								"south": {"uv": [136, 24], "uv_size": [1, 1]},
								"west": {"uv": [25, 136], "uv_size": [1, 1]},
								"up": {"uv": [136, 25], "uv_size": [1, 1]},
								"down": {"uv": [26, 137], "uv_size": [1, -1]}
							}
						},
						{
							"origin": [-0.175, 27.875, -52.45],
							"size": [0.625, 0.5, 0.5],
							"uv": {
								"north": {"uv": [0, 136], "uv_size": [1, 1]},
								"east": {"uv": [1, 136], "uv_size": [1, 1]},
								"south": {"uv": [2, 136], "uv_size": [1, 1]},
								"west": {"uv": [3, 136], "uv_size": [1, 1]},
								"up": {"uv": [4, 136], "uv_size": [1, 1]},
								"down": {"uv": [5, 137], "uv_size": [1, -1]}
							}
						},
						{
							"origin": [-2.425, 27.875, -52.45],
							"size": [0.625, 0.5, 0.5],
							"uv": {
								"north": {"uv": [43, 136], "uv_size": [1, 1]},
								"east": {"uv": [136, 43], "uv_size": [1, 1]},
								"south": {"uv": [136, 44], "uv_size": [1, 1]},
								"west": {"uv": [45, 136], "uv_size": [1, 1]},
								"up": {"uv": [136, 45], "uv_size": [1, 1]},
								"down": {"uv": [46, 137], "uv_size": [1, -1]}
							}
						},
						{
							"origin": [-0.725, 28.075, -51.499],
							"size": [0.875, 0.3, 9.375],
							"uv": {
								"north": {"uv": [6, 136], "uv_size": [1, 1]},
								"east": {"uv": [121, 40], "uv_size": [9, 1]},
								"south": {"uv": [7, 136], "uv_size": [1, 1]},
								"west": {"uv": [121, 68], "uv_size": [9, 1]},
								"up": {"uv": [84, 125], "uv_size": [1, 9]},
								"down": {"uv": [85, 134], "uv_size": [1, -9]}
							}
						},
						{
							"origin": [-1.85, 28.075, -52.749],
							"size": [1.75, 0.3, 1.25],
							"uv": {
								"north": {"uv": [135, 7], "uv_size": [2, 1]},
								"east": {"uv": [42, 136], "uv_size": [1, 1]},
								"south": {"uv": [8, 135], "uv_size": [2, 1]},
								"west": {"uv": [136, 42], "uv_size": [1, 1]},
								"up": {"uv": [135, 8], "uv_size": [2, 1]},
								"down": {"uv": [135, 10], "uv_size": [2, -1]}
							}
						},
						{
							"origin": [-2.1, 28.075, -51.499],
							"size": [0.875, 0.3, 9.375],
							"uv": {
								"north": {"uv": [8, 136], "uv_size": [1, 1]},
								"east": {"uv": [121, 96], "uv_size": [9, 1]},
								"south": {"uv": [9, 136], "uv_size": [1, 1]},
								"west": {"uv": [124, 63], "uv_size": [9, 1]},
								"up": {"uv": [86, 125], "uv_size": [1, 9]},
								"down": {"uv": [87, 134], "uv_size": [1, -9]}
							}
						},
						{
							"origin": [-2.225, 27.825, -42.249],
							"size": [2.5, 0.55, 1.75],
							"uv": {
								"north": {"uv": [132, 69], "uv_size": [3, 1]},
								"east": {"uv": [6, 135], "uv_size": [2, 1]},
								"south": {"uv": [132, 78], "uv_size": [3, 1]},
								"west": {"uv": [135, 6], "uv_size": [2, 1]},
								"up": {"uv": [113, 128], "uv_size": [3, 2]},
								"down": {"uv": [129, 16], "uv_size": [3, -2]}
							}
						},
						{
							"origin": [-2.225, 26.825, -42.249],
							"size": [0.75, 0.925, 0.25],
							"pivot": [0, 10.5, -26.625],
							"rotation": [-5, 0, 0],
							"uv": {
								"north": {"uv": [136, 26], "uv_size": [1, 1]},
								"east": {"uv": [27, 136], "uv_size": [1, 1]},
								"south": {"uv": [136, 27], "uv_size": [1, 1]},
								"west": {"uv": [28, 136], "uv_size": [1, 1]},
								"up": {"uv": [136, 28], "uv_size": [1, 1]},
								"down": {"uv": [29, 137], "uv_size": [1, -1]}
							}
						},
						{
							"origin": [-0.475, 26.825, -42.249],
							"size": [0.75, 0.925, 0.25],
							"pivot": [1.875, 10.5, -26.625],
							"rotation": [-5, 0, 0],
							"uv": {
								"north": {"uv": [136, 29], "uv_size": [1, 1]},
								"east": {"uv": [30, 136], "uv_size": [1, 1]},
								"south": {"uv": [136, 30], "uv_size": [1, 1]},
								"west": {"uv": [31, 136], "uv_size": [1, 1]},
								"up": {"uv": [136, 31], "uv_size": [1, 1]},
								"down": {"uv": [32, 137], "uv_size": [1, -1]}
							}
						},
						{
							"origin": [-6.465, 26.375, -42.26],
							"size": [0.25, 0.55, 0.25],
							"pivot": [-1.125, 10.375, -26.625],
							"rotation": [-4.69986, 1.70818, 19.9299],
							"uv": {
								"north": {"uv": [36, 136], "uv_size": [1, 1]},
								"east": {"uv": [136, 36], "uv_size": [1, 1]},
								"south": {"uv": [37, 136], "uv_size": [1, 1]},
								"west": {"uv": [136, 37], "uv_size": [1, 1]},
								"up": {"uv": [38, 136], "uv_size": [1, 1]},
								"down": {"uv": [136, 39], "uv_size": [1, -1]}
							}
						},
						{
							"origin": [4.25, 26.27, -42.26],
							"size": [0.25, 0.55, 0.25],
							"pivot": [-1.125, 10.375, -26.625],
							"rotation": [-4.69986, -1.70818, -19.9299],
							"uv": {
								"north": {"uv": [39, 136], "uv_size": [1, 1]},
								"east": {"uv": [136, 39], "uv_size": [1, 1]},
								"south": {"uv": [40, 136], "uv_size": [1, 1]},
								"west": {"uv": [136, 40], "uv_size": [1, 1]},
								"up": {"uv": [41, 136], "uv_size": [1, 1]},
								"down": {"uv": [136, 42], "uv_size": [1, -1]}
							}
						},
						{
							"origin": [-1.475, 26.825, -42.249],
							"size": [1, 0.425, 0.25],
							"pivot": [1.25, 10.5, -26.625],
							"rotation": [-5, 0, 0],
							"uv": {
								"north": {"uv": [136, 32], "uv_size": [1, 1]},
								"east": {"uv": [33, 136], "uv_size": [1, 1]},
								"south": {"uv": [34, 136], "uv_size": [1, 1]},
								"west": {"uv": [136, 34], "uv_size": [1, 1]},
								"up": {"uv": [35, 136], "uv_size": [1, 1]},
								"down": {"uv": [136, 36], "uv_size": [1, -1]}
							}
						},
						{
							"origin": [-0.6, 28.375, -42.249],
							"size": [0.875, 0.125, 1.25],
							"uv": {
								"north": {"uv": [10, 136], "uv_size": [1, 1]},
								"east": {"uv": [11, 136], "uv_size": [1, 1]},
								"south": {"uv": [136, 11], "uv_size": [1, 1]},
								"west": {"uv": [13, 136], "uv_size": [1, 1]},
								"up": {"uv": [14, 136], "uv_size": [1, 1]},
								"down": {"uv": [136, 17], "uv_size": [1, -1]}
							}
						},
						{
							"origin": [-2.225, 28.375, -42.249],
							"size": [0.875, 0.125, 1.25],
							"uv": {
								"north": {"uv": [17, 136], "uv_size": [1, 1]},
								"east": {"uv": [136, 17], "uv_size": [1, 1]},
								"south": {"uv": [18, 136], "uv_size": [1, 1]},
								"west": {"uv": [136, 18], "uv_size": [1, 1]},
								"up": {"uv": [136, 19], "uv_size": [1, 1]},
								"down": {"uv": [20, 137], "uv_size": [1, -1]}
							}
						}
					]
				},
				{
					"name": "TriggerMag",
					"parent": "Metal",
					"pivot": [0, -1.875, 14.875],
					"cubes": [
						{
							"origin": [-2.025, 4.125, 28.626],
							"size": [2.05, 1, 3.625],
							"pivot": [0, -1.875, 11.875],
							"rotation": [85, 0, 0],
							"uv": {
								"north": {"uv": [120, 3], "uv_size": [2, 1]},
								"east": {"uv": [107, 129], "uv_size": [4, 1]},
								"south": {"uv": [122, 81], "uv_size": [2, 1]},
								"west": {"uv": [129, 110], "uv_size": [4, 1]},
								"up": {"uv": [101, 125], "uv_size": [2, 4]},
								"down": {"uv": [122, 129], "uv_size": [2, -4]}
							}
						},
						{
							"origin": [-2.025, 44.225, 32.525],
							"size": [2.05, 1, 1.85],
							"pivot": [0, 33.125, 16.475],
							"rotation": [-154, 0, 0],
							"uv": {
								"north": {"uv": [122, 113], "uv_size": [2, 1]},
								"east": {"uv": [60, 132], "uv_size": [2, 1]},
								"south": {"uv": [132, 108], "uv_size": [2, 1]},
								"west": {"uv": [132, 109], "uv_size": [2, 1]},
								"up": {"uv": [36, 107], "uv_size": [2, 2]},
								"down": {"uv": [57, 131], "uv_size": [2, -2]}
							}
						},
						{
							"origin": [-2.025, 28.425, 37.275],
							"size": [2.05, 1, 1.6],
							"pivot": [0, 17.125, 21.475],
							"rotation": [150, 0, 0],
							"uv": {
								"north": {"uv": [113, 132], "uv_size": [2, 1]},
								"east": {"uv": [132, 114], "uv_size": [2, 1]},
								"south": {"uv": [132, 115], "uv_size": [2, 1]},
								"west": {"uv": [119, 132], "uv_size": [2, 1]},
								"up": {"uv": [62, 129], "uv_size": [2, 2]},
								"down": {"uv": [75, 131], "uv_size": [2, -2]}
							}
						},
						{
							"origin": [-2.025, 5.325, 37.145],
							"size": [2.05, 4, 1],
							"pivot": [0, -5.875, 16.875],
							"rotation": [90, 0, 0],
							"uv": {
								"north": {"uv": [45, 126], "uv_size": [2, 4]},
								"east": {"uv": [10, 93], "uv_size": [1, 4]},
								"south": {"uv": [47, 126], "uv_size": [2, 4]},
								"west": {"uv": [94, 106], "uv_size": [1, 4]},
								"up": {"uv": [125, 132], "uv_size": [2, 1]},
								"down": {"uv": [129, 133], "uv_size": [2, -1]}
							}
						},
						{
							"origin": [-2.025, 13.125, 31.475],
							"size": [2.05, 1, 2],
							"pivot": [0, 2.125, 15.475],
							"rotation": [102.5, 0, 0],
							"uv": {
								"north": {"uv": [131, 132], "uv_size": [2, 1]},
								"east": {"uv": [0, 133], "uv_size": [2, 1]},
								"south": {"uv": [2, 133], "uv_size": [2, 1]},
								"west": {"uv": [10, 133], "uv_size": [2, 1]},
								"up": {"uv": [101, 129], "uv_size": [2, 2]},
								"down": {"uv": [111, 131], "uv_size": [2, -2]}
							}
						},
						{
							"origin": [-2.025, 9.125, 30.876],
							"size": [2.05, 1, 1.875],
							"pivot": [0, -1.875, 11.875],
							"rotation": [90, 0, 0],
							"uv": {
								"north": {"uv": [14, 133], "uv_size": [2, 1]},
								"east": {"uv": [16, 133], "uv_size": [2, 1]},
								"south": {"uv": [18, 133], "uv_size": [2, 1]},
								"west": {"uv": [20, 133], "uv_size": [2, 1]},
								"up": {"uv": [129, 111], "uv_size": [2, 2]},
								"down": {"uv": [129, 118], "uv_size": [2, -2]}
							}
						},
						{
							"origin": [-2.025, -8.625, 19.775],
							"size": [2.05, 5.875, 1],
							"pivot": [0, -1.875, -0.125],
							"rotation": [90, 0, 0],
							"uv": {
								"north": {"uv": [62, 123], "uv_size": [2, 6]},
								"east": {"uv": [102, 92], "uv_size": [1, 6]},
								"south": {"uv": [75, 123], "uv_size": [2, 6]},
								"west": {"uv": [51, 128], "uv_size": [1, 6]},
								"up": {"uv": [32, 133], "uv_size": [2, 1]},
								"down": {"uv": [34, 134], "uv_size": [2, -1]}
							}
						},
						{
							"origin": [-2, 8.875, 27.8],
							"size": [1.5, 0.7, 1.625],
							"pivot": [0, -5.125, 11.25],
							"rotation": [67.5, 0, 0],
							"uv": {
								"north": {"uv": [67, 134], "uv_size": [2, 1]},
								"east": {"uv": [134, 67], "uv_size": [2, 1]},
								"south": {"uv": [70, 134], "uv_size": [2, 1]},
								"west": {"uv": [134, 70], "uv_size": [2, 1]},
								"up": {"uv": [129, 130], "uv_size": [2, 2]},
								"down": {"uv": [0, 133], "uv_size": [2, -2]}
							}
						}
					]
				},
				{
					"name": "Bolt",
					"parent": "gun",
					"pivot": [0, 0, 5.125]
				},
				{
					"name": "Bolt1",
					"parent": "Bolt",
					"pivot": [-0.98733, 25.74154, 4.7235],
					"cubes": [
						{
							"origin": [-1.86233, 24.74154, 3.615],
							"size": [1.75, 1.75, 2.217],
							"pivot": [-0.98733, 25.61654, 4.7235],
							"rotation": [0, 0, -45],
							"uv": {
								"north": {"uv": [122, 129], "uv_size": [2, 2]},
								"east": {"uv": [129, 122], "uv_size": [2, 2]},
								"south": {"uv": [129, 124], "uv_size": [2, 2]},
								"west": {"uv": [125, 129], "uv_size": [2, 2]},
								"up": {"uv": [129, 126], "uv_size": [2, 2]},
								"down": {"uv": [127, 131], "uv_size": [2, -2]}
							}
						},
						{
							"origin": [-5.625, 26, 4.1375],
							"size": [3.875, 1.05, 1.05],
							"pivot": [1.5, 11.625, 10.1875],
							"rotation": [0, 0, -5],
							"uv": {
								"north": {"uv": [131, 3], "uv_size": [4, 1]},
								"east": {"uv": [135, 87], "uv_size": [1, 1]},
								"south": {"uv": [131, 4], "uv_size": [4, 1]},
								"west": {"uv": [88, 135], "uv_size": [1, 1]},
								"up": {"uv": [131, 5], "uv_size": [4, 1]},
								"down": {"uv": [131, 7], "uv_size": [4, -1]}
							}
						},
						{
							"origin": [-7.5, 24.875, 4.145],
							"size": [3.5, 1.05, 1.04],
							"pivot": [0, 10.5, 10.1875],
							"rotation": [0, 0, 2.5],
							"uv": {
								"north": {"uv": [131, 7], "uv_size": [4, 1]},
								"east": {"uv": [135, 88], "uv_size": [1, 1]},
								"south": {"uv": [131, 8], "uv_size": [4, 1]},
								"west": {"uv": [89, 135], "uv_size": [1, 1]},
								"up": {"uv": [131, 9], "uv_size": [4, 1]},
								"down": {"uv": [10, 132], "uv_size": [4, -1]}
							}
						},
						{
							"origin": [-3.5, 25, 4.0125],
							"size": [2.5, 1.8, 1.3],
							"uv": {
								"north": {"uv": [128, 81], "uv_size": [3, 2]},
								"east": {"uv": [97, 133], "uv_size": [1, 2]},
								"south": {"uv": [128, 83], "uv_size": [3, 2]},
								"west": {"uv": [98, 133], "uv_size": [1, 2]},
								"up": {"uv": [131, 123], "uv_size": [3, 1]},
								"down": {"uv": [131, 125], "uv_size": [3, -1]}
							}
						},
						{
							"origin": [-8.91, 24.65, 3.4925],
							"size": [2.25, 2.25, 2.25],
							"uv": {
								"north": {"uv": [26, 130], "uv_size": [2, 2]},
								"east": {"uv": [30, 130], "uv_size": [2, 2]},
								"south": {"uv": [130, 30], "uv_size": [2, 2]},
								"west": {"uv": [32, 130], "uv_size": [2, 2]},
								"up": {"uv": [34, 130], "uv_size": [2, 2]},
								"down": {"uv": [130, 46], "uv_size": [2, -2]}
							}
						}
					]
				},
				{
					"name": "Bolt2",
					"parent": "Bolt",
					"pivot": [-1, 25.8, -5.6625],
					"cubes": [
						{
							"origin": [-2.375, 25.175, -20.25],
							"size": [2.75, 1.25, 24.175],
							"uv": {
								"north": {"uv": [122, 18], "uv_size": [3, 1]},
								"east": {"uv": [112, 42], "uv_size": [24, 1]},
								"south": {"uv": [0, 127], "uv_size": [3, 1]},
								"west": {"uv": [112, 43], "uv_size": [24, 1]},
								"up": {"uv": [11, 73], "uv_size": [3, 24]},
								"down": {"uv": [92, 106], "uv_size": [3, -24]}
							}
						},
						{
							"origin": [-2.415, 25.275, -20.25],
							"size": [2.825, 1.06, 24.175],
							"pivot": [-1, 25.8, -5.6625],
							"rotation": [0, 0, 45],
							"uv": {
								"north": {"uv": [131, 131], "uv_size": [3, 1]},
								"east": {"uv": [112, 97], "uv_size": [24, 1]},
								"south": {"uv": [10, 132], "uv_size": [3, 1]},
								"west": {"uv": [112, 98], "uv_size": [24, 1]},
								"up": {"uv": [18, 93], "uv_size": [3, 24]},
								"down": {"uv": [21, 117], "uv_size": [3, -24]}
							}
						},
						{
							"origin": [-2.415, 25.275, -20.25],
							"size": [2.825, 1.06, 24.175],
							"pivot": [-1, 25.8, -5.6625],
							"rotation": [0, 0, -45],
							"uv": {
								"north": {"uv": [132, 14], "uv_size": [3, 1]},
								"east": {"uv": [112, 99], "uv_size": [24, 1]},
								"south": {"uv": [132, 15], "uv_size": [3, 1]},
								"west": {"uv": [113, 33], "uv_size": [24, 1]},
								"up": {"uv": [24, 93], "uv_size": [3, 24]},
								"down": {"uv": [27, 117], "uv_size": [3, -24]}
							}
						},
						{
							"origin": [-1.625, 24.425, -20.25],
							"size": [1.25, 2.75, 24.175],
							"uv": {
								"north": {"uv": [112, 131], "uv_size": [1, 3]},
								"east": {"uv": [90, 6], "uv_size": [24, 3]},
								"south": {"uv": [122, 131], "uv_size": [1, 3]},
								"west": {"uv": [90, 9], "uv_size": [24, 3]},
								"up": {"uv": [74, 114], "uv_size": [1, 24]},
								"down": {"uv": [44, 139], "uv_size": [1, -24]}
							}
						},
						{
							"origin": [8.125, 28.175, 5.74],
							"size": [1.625, 1.75, 1.967],
							"pivot": [8, 15.34, 18.35],
							"rotation": [0, 0, -45],
							"uv": {
								"north": {"uv": [45, 130], "uv_size": [2, 2]},
								"east": {"uv": [47, 130], "uv_size": [2, 2]},
								"south": {"uv": [52, 130], "uv_size": [2, 2]},
								"west": {"uv": [54, 130], "uv_size": [2, 2]},
								"up": {"uv": [130, 68], "uv_size": [2, 2]},
								"down": {"uv": [130, 80], "uv_size": [2, -2]}
							}
						},
						{
							"origin": [-10, 29.175, 5.865],
							"size": [1.25, 0.875, 2.092],
							"pivot": [-10.125, 15.34, 18.35],
							"rotation": [0, 0, 40],
							"uv": {
								"north": {"uv": [28, 135], "uv_size": [1, 1]},
								"east": {"uv": [103, 133], "uv_size": [2, 1]},
								"south": {"uv": [29, 135], "uv_size": [1, 1]},
								"west": {"uv": [107, 133], "uv_size": [2, 1]},
								"up": {"uv": [99, 133], "uv_size": [1, 2]},
								"down": {"uv": [109, 135], "uv_size": [1, -2]}
							}
						},
						{
							"origin": [7.125, 28.05, 5.74],
							"size": [1.25, 1, 2.217],
							"pivot": [6.875, 14.34, 18.35],
							"rotation": [0, 0, -40],
							"uv": {
								"north": {"uv": [135, 30], "uv_size": [1, 1]},
								"east": {"uv": [133, 110], "uv_size": [2, 1]},
								"south": {"uv": [135, 31], "uv_size": [1, 1]},
								"west": {"uv": [113, 133], "uv_size": [2, 1]},
								"up": {"uv": [116, 133], "uv_size": [1, 2]},
								"down": {"uv": [119, 135], "uv_size": [1, -2]}
							}
						},
						{
							"origin": [-7.5, 27.675, 5.74],
							"size": [1.375, 0.375, 2.468],
							"pivot": [-7.625, 13.34, 18.35],
							"rotation": [0, 0, 27.5],
							"uv": {
								"north": {"uv": [32, 135], "uv_size": [1, 1]},
								"east": {"uv": [133, 113], "uv_size": [2, 1]},
								"south": {"uv": [33, 135], "uv_size": [1, 1]},
								"west": {"uv": [125, 133], "uv_size": [2, 1]},
								"up": {"uv": [120, 133], "uv_size": [1, 2]},
								"down": {"uv": [129, 135], "uv_size": [1, -2]}
							}
						},
						{
							"origin": [-0.25, 25.35, 5.865],
							"size": [0.75, 0.375, 2.344],
							"uv": {
								"north": {"uv": [135, 34], "uv_size": [1, 1]},
								"east": {"uv": [133, 129], "uv_size": [2, 1]},
								"south": {"uv": [135, 35], "uv_size": [1, 1]},
								"west": {"uv": [130, 133], "uv_size": [2, 1]},
								"up": {"uv": [132, 133], "uv_size": [1, 2]},
								"down": {"uv": [133, 134], "uv_size": [1, -2]}
							}
						},
						{
							"origin": [8.125, 28.425, 7.615],
							"size": [0.875, 1.5, 0.467],
							"pivot": [8, 15.34, 21.225],
							"rotation": [0, 0, -45],
							"uv": {
								"north": {"uv": [0, 134], "uv_size": [1, 2]},
								"east": {"uv": [1, 134], "uv_size": [1, 2]},
								"south": {"uv": [2, 134], "uv_size": [1, 2]},
								"west": {"uv": [3, 134], "uv_size": [1, 2]},
								"up": {"uv": [37, 135], "uv_size": [1, 1]},
								"down": {"uv": [135, 38], "uv_size": [1, -1]}
							}
						},
						{
							"origin": [8.125, 28.175, 7.615],
							"size": [1.625, 0.875, 0.592],
							"pivot": [8, 15.34, 21.225],
							"rotation": [0, 0, -45],
							"uv": {
								"north": {"uv": [10, 134], "uv_size": [2, 1]},
								"east": {"uv": [38, 135], "uv_size": [1, 1]},
								"south": {"uv": [14, 134], "uv_size": [2, 1]},
								"west": {"uv": [135, 38], "uv_size": [1, 1]},
								"up": {"uv": [16, 134], "uv_size": [2, 1]},
								"down": {"uv": [134, 17], "uv_size": [2, -1]}
							}
						},
						{
							"origin": [8.375, 29.425, 7.615],
							"size": [1, 1, 0.592],
							"pivot": [8.125, 16.215, 16.475],
							"rotation": [0, 0, -45],
							"uv": {
								"north": {"uv": [135, 39], "uv_size": [1, 1]},
								"east": {"uv": [40, 135], "uv_size": [1, 1]},
								"south": {"uv": [41, 135], "uv_size": [1, 1]},
								"west": {"uv": [42, 135], "uv_size": [1, 1]},
								"up": {"uv": [43, 135], "uv_size": [1, 1]},
								"down": {"uv": [135, 45], "uv_size": [1, -1]}
							}
						},
						{
							"origin": [8.375, 29.425, 5.865],
							"size": [0.875, 0.875, 1.967],
							"pivot": [8.125, 16.215, 16.1],
							"rotation": [0, 0, -45],
							"uv": {
								"north": {"uv": [45, 135], "uv_size": [1, 1]},
								"east": {"uv": [134, 17], "uv_size": [2, 1]},
								"south": {"uv": [135, 45], "uv_size": [1, 1]},
								"west": {"uv": [18, 134], "uv_size": [2, 1]},
								"up": {"uv": [20, 134], "uv_size": [1, 2]},
								"down": {"uv": [21, 136], "uv_size": [1, -2]}
							}
						},
						{
							"origin": [8.74, 29.8, 7.989],
							"size": [0.31, 0.31, 0.467],
							"pivot": [8.125, 16.215, 16.6],
							"rotation": [0, 0, -45],
							"uv": {
								"north": {"uv": [46, 135], "uv_size": [1, 1]},
								"east": {"uv": [135, 46], "uv_size": [1, 1]},
								"south": {"uv": [47, 135], "uv_size": [1, 1]},
								"west": {"uv": [135, 47], "uv_size": [1, 1]},
								"up": {"uv": [49, 135], "uv_size": [1, 1]},
								"down": {"uv": [50, 136], "uv_size": [1, -1]}
							}
						},
						{
							"origin": [-1, 26.28, 6.865],
							"size": [1.75, 0.375, 1.591],
							"uv": {
								"north": {"uv": [24, 134], "uv_size": [2, 1]},
								"east": {"uv": [134, 26], "uv_size": [2, 1]},
								"south": {"uv": [134, 27], "uv_size": [2, 1]},
								"west": {"uv": [28, 134], "uv_size": [2, 1]},
								"up": {"uv": [80, 130], "uv_size": [2, 2]},
								"down": {"uv": [82, 132], "uv_size": [2, -2]}
							}
						},
						{
							"origin": [0.575, 26.26, 6.865],
							"size": [0.25, 0.425, 1.592],
							"uv": {
								"north": {"uv": [54, 135], "uv_size": [1, 1]},
								"east": {"uv": [134, 28], "uv_size": [2, 1]},
								"south": {"uv": [135, 54], "uv_size": [1, 1]},
								"west": {"uv": [134, 29], "uv_size": [2, 1]},
								"up": {"uv": [30, 134], "uv_size": [1, 2]},
								"down": {"uv": [31, 136], "uv_size": [1, -2]}
							}
						},
						{
							"origin": [-1.05, 26.26, 6.865],
							"size": [0.75, 0.425, 1.592],
							"uv": {
								"north": {"uv": [135, 55], "uv_size": [1, 1]},
								"east": {"uv": [32, 134], "uv_size": [2, 1]},
								"south": {"uv": [56, 135], "uv_size": [1, 1]},
								"west": {"uv": [134, 32], "uv_size": [2, 1]},
								"up": {"uv": [34, 134], "uv_size": [1, 2]},
								"down": {"uv": [134, 36], "uv_size": [1, -2]}
							}
						},
						{
							"origin": [8.25, 28.55, 4.99],
							"size": [1, 1, 3.842],
							"pivot": [8.125, 15.465, 16.35],
							"rotation": [0, 0, -45],
							"uv": {
								"north": {"uv": [135, 56], "uv_size": [1, 1]},
								"east": {"uv": [130, 40], "uv_size": [4, 1]},
								"south": {"uv": [57, 135], "uv_size": [1, 1]},
								"west": {"uv": [130, 70], "uv_size": [4, 1]},
								"up": {"uv": [36, 130], "uv_size": [1, 4]},
								"down": {"uv": [56, 134], "uv_size": [1, -4]}
							}
						},
						{
							"origin": [8.5, 28.8, 8.74],
							"size": [0.5, 0.5, 0.217],
							"pivot": [8.125, 15.465, 16.475],
							"rotation": [0, 0, -45],
							"uv": {
								"north": {"uv": [135, 57], "uv_size": [1, 1]},
								"east": {"uv": [58, 135], "uv_size": [1, 1]},
								"south": {"uv": [135, 58], "uv_size": [1, 1]},
								"west": {"uv": [59, 135], "uv_size": [1, 1]},
								"up": {"uv": [135, 59], "uv_size": [1, 1]},
								"down": {"uv": [135, 61], "uv_size": [1, -1]}
							}
						},
						{
							"origin": [-2.17531, 25.44809, 5.449],
							"size": [1, 1.4, 1.25],
							"pivot": [-1.67531, 26.14809, 5.699],
							"rotation": [0, 0, 45],
							"uv": {
								"north": {"uv": [61, 135], "uv_size": [1, 1]},
								"east": {"uv": [135, 61], "uv_size": [1, 1]},
								"south": {"uv": [62, 135], "uv_size": [1, 1]},
								"west": {"uv": [135, 62], "uv_size": [1, 1]},
								"up": {"uv": [63, 135], "uv_size": [1, 1]},
								"down": {"uv": [135, 64], "uv_size": [1, -1]}
							}
						},
						{
							"origin": [-2.525, 24.725, 5.45],
							"size": [3.05, 1.285, 1.25],
							"uv": {
								"north": {"uv": [125, 131], "uv_size": [3, 1]},
								"east": {"uv": [64, 135], "uv_size": [1, 1]},
								"south": {"uv": [131, 125], "uv_size": [3, 1]},
								"west": {"uv": [135, 65], "uv_size": [1, 1]},
								"up": {"uv": [131, 126], "uv_size": [3, 1]},
								"down": {"uv": [131, 128], "uv_size": [3, -1]}
							}
						},
						{
							"origin": [-1.5, 26, 5.45],
							"size": [1, 1, 1.25],
							"uv": {
								"north": {"uv": [135, 66], "uv_size": [1, 1]},
								"east": {"uv": [67, 135], "uv_size": [1, 1]},
								"south": {"uv": [68, 135], "uv_size": [1, 1]},
								"west": {"uv": [135, 68], "uv_size": [1, 1]},
								"up": {"uv": [69, 135], "uv_size": [1, 1]},
								"down": {"uv": [135, 70], "uv_size": [1, -1]}
							}
						},
						{
							"origin": [12.7, 33.1, 5.449],
							"size": [0.7, 1.4, 1.25],
							"pivot": [15.5, 14, 17.5],
							"rotation": [0, 0, -45],
							"uv": {
								"north": {"uv": [70, 135], "uv_size": [1, 1]},
								"east": {"uv": [71, 135], "uv_size": [1, 1]},
								"south": {"uv": [135, 71], "uv_size": [1, 1]},
								"west": {"uv": [135, 72], "uv_size": [1, 1]},
								"up": {"uv": [135, 73], "uv_size": [1, 1]},
								"down": {"uv": [135, 75], "uv_size": [1, -1]}
							}
						}
					]
				},
				{
					"name": "bone2",
					"parent": "Bolt2",
					"pivot": [-7.75, 11.965, -4.525],
					"rotation": [-180, 0, 180],
					"cubes": [
						{
							"origin": [-14, 25.35, -17.26],
							"size": [1, 0.375, 2.344],
							"uv": {
								"north": {"uv": [135, 81], "uv_size": [1, 1]},
								"east": {"uv": [134, 77], "uv_size": [2, 1]},
								"south": {"uv": [82, 135], "uv_size": [1, 1]},
								"west": {"uv": [80, 134], "uv_size": [2, 1]},
								"up": {"uv": [83, 134], "uv_size": [1, 2]},
								"down": {"uv": [84, 136], "uv_size": [1, -2]}
							}
						},
						{
							"origin": [-16, 24.725, -17.26],
							"size": [3, 0.625, 2.344],
							"uv": {
								"north": {"uv": [16, 132], "uv_size": [3, 1]},
								"east": {"uv": [134, 80], "uv_size": [2, 1]},
								"south": {"uv": [19, 132], "uv_size": [3, 1]},
								"west": {"uv": [85, 134], "uv_size": [2, 1]},
								"up": {"uv": [128, 86], "uv_size": [3, 2]},
								"down": {"uv": [128, 90], "uv_size": [3, -2]}
							}
						},
						{
							"origin": [-14.875, 24.225, -17.26],
							"size": [0.75, 0.875, 2.344],
							"uv": {
								"north": {"uv": [135, 82], "uv_size": [1, 1]},
								"east": {"uv": [134, 85], "uv_size": [2, 1]},
								"south": {"uv": [135, 83], "uv_size": [1, 1]},
								"west": {"uv": [90, 134], "uv_size": [2, 1]},
								"up": {"uv": [87, 134], "uv_size": [1, 2]},
								"down": {"uv": [134, 92], "uv_size": [1, -2]}
							}
						},
						{
							"origin": [-21, 27.55, -17.25],
							"size": [1.375, 0.5, 2.468],
							"pivot": [-21.125, 13.34, -4.525],
							"rotation": [0, 0, 27.5],
							"uv": {
								"north": {"uv": [80, 135], "uv_size": [1, 1]},
								"east": {"uv": [75, 134], "uv_size": [2, 1]},
								"south": {"uv": [81, 135], "uv_size": [1, 1]},
								"west": {"uv": [77, 134], "uv_size": [2, 1]},
								"up": {"uv": [72, 134], "uv_size": [1, 2]},
								"down": {"uv": [79, 136], "uv_size": [1, -2]}
							}
						}
					]
				},
				{
					"name": "bullet",
					"parent": "main",
					"pivot": [-0.78388, 25.43536, -23.825],
					"cubes": [
						{
							"origin": [-1.175, 24.175, -28.325],
							"size": [1.25, 1.25, 7.75],
							"inflate": 0.2,
							"pivot": [0.1, 25.4, -30.325],
							"rotation": [0, 0, 45],
							"uv": {
								"north": {"uv": [135, 93], "uv_size": [1, 1]},
								"east": {"uv": [128, 73], "uv_size": [7, 1]},
								"south": {"uv": [94, 135], "uv_size": [1, 1]},
								"west": {"uv": [128, 74], "uv_size": [7, 1]},
								"up": {"uv": [43, 128], "uv_size": [1, 7]},
								"down": {"uv": [50, 135], "uv_size": [1, -7]}
							}
						},
						{
							"origin": [-1.05, 24.3, -30.825],
							"size": [1, 1, 2.25],
							"inflate": 0.2,
							"pivot": [0.1, 25.4, -32.7],
							"rotation": [0, 0, 45],
							"uv": {
								"north": {"uv": [135, 95], "uv_size": [1, 1]},
								"east": {"uv": [134, 105], "uv_size": [2, 1]},
								"south": {"uv": [96, 135], "uv_size": [1, 1]},
								"west": {"uv": [134, 108], "uv_size": [2, 1]},
								"up": {"uv": [110, 134], "uv_size": [1, 2]},
								"down": {"uv": [111, 136], "uv_size": [1, -2]}
							}
						}
					]
				},
				{
					"name": "bullet2",
					"parent": "main",
					"pivot": [-0.78388, 22.56036, -0.075],
					"cubes": [
						{
							"origin": [-1.175, 21.3, -4.575],
							"size": [1.25, 1.25, 7.75],
							"inflate": 0.2,
							"pivot": [0.1, 22.525, -6.575],
							"rotation": [0, 0, 45],
							"uv": {
								"north": {"uv": [135, 93], "uv_size": [1, 1]},
								"east": {"uv": [128, 73], "uv_size": [7, 1]},
								"south": {"uv": [94, 135], "uv_size": [1, 1]},
								"west": {"uv": [128, 74], "uv_size": [7, 1]},
								"up": {"uv": [43, 128], "uv_size": [1, 7]},
								"down": {"uv": [50, 135], "uv_size": [1, -7]}
							}
						},
						{
							"origin": [-1.05, 21.425, -7.075],
							"size": [1, 1, 2.25],
							"inflate": 0.2,
							"pivot": [0.1, 22.525, -8.95],
							"rotation": [0, 0, 45],
							"uv": {
								"north": {"uv": [135, 95], "uv_size": [1, 1]},
								"east": {"uv": [134, 105], "uv_size": [2, 1]},
								"south": {"uv": [96, 135], "uv_size": [1, 1]},
								"west": {"uv": [134, 108], "uv_size": [2, 1]},
								"up": {"uv": [110, 134], "uv_size": [1, 2]},
								"down": {"uv": [111, 136], "uv_size": [1, -2]}
							}
						},
						{
							"origin": [-0.925, 21.55, -9.575],
							"size": [0.75, 0.75, 2.125],
							"inflate": 0.2,
							"pivot": [0.1, 22.525, -11.825],
							"rotation": [0, 0, 45],
							"uv": {
								"north": {"uv": [135, 101], "uv_size": [1, 1]},
								"east": {"uv": [134, 109], "uv_size": [2, 1]},
								"south": {"uv": [102, 135], "uv_size": [1, 1]},
								"west": {"uv": [112, 134], "uv_size": [2, 1]},
								"up": {"uv": [114, 134], "uv_size": [1, 2]},
								"down": {"uv": [134, 116], "uv_size": [1, -2]}
							}
						},
						{
							"origin": [-0.8, 21.675, -10.95],
							"size": [0.5, 0.5, 1.25],
							"inflate": 0.2,
							"pivot": [0.1, 22.525, -11.825],
							"rotation": [0, 0, 45],
							"uv": {
								"north": {"uv": [97, 135], "uv_size": [1, 1]},
								"east": {"uv": [98, 135], "uv_size": [1, 1]},
								"south": {"uv": [99, 135], "uv_size": [1, 1]},
								"west": {"uv": [100, 135], "uv_size": [1, 1]},
								"up": {"uv": [135, 100], "uv_size": [1, 1]},
								"down": {"uv": [101, 136], "uv_size": [1, -1]}
							}
						}
					]
				},
				{
					"name": "rightarm",
					"parent": "main",
					"pivot": [-4.3, 8.8, 21.8],
					"rotation": [-101.81106, -12.40003, -2.46982],
					"cubes": [
						{
							"origin": [-8.3, -8.2, 15.925],
							"size": [8, 24, 8],
							"pivot": [-1.3, -3.2, 18.8],
							"rotation": [0, 0, -22.5],
							"uv": {
								"north": {"uv": [14, 6], "uv_size": [8, 24]},
								"east": {"uv": [22, 6], "uv_size": [8, 24]},
								"south": {"uv": [30, 6], "uv_size": [8, 24]},
								"west": {"uv": [14, 30], "uv_size": [8, 24]},
								"up": {"uv": [30, 93], "uv_size": [8, 8]},
								"down": {"uv": [94, 22], "uv_size": [8, -8]}
							}
						}
					]
				},
				{
					"name": "leftarm",
					"parent": "main",
					"pivot": [10.7, 11.3, -8.6],
					"rotation": [-119.61483, 1.67666, -38.31282],
					"cubes": [
						{
							"origin": [6.67074, -11.83101, -13.09396],
							"size": [8, 24, 8],
							"uv": {
								"north": {"uv": [22, 30], "uv_size": [8, 24]},
								"east": {"uv": [30, 30], "uv_size": [8, 24]},
								"south": {"uv": [38, 6], "uv_size": [8, 24]},
								"west": {"uv": [38, 30], "uv_size": [8, 24]},
								"up": {"uv": [54, 94], "uv_size": [8, 8]},
								"down": {"uv": [95, 30], "uv_size": [8, -8]}
							}
						}
					]
				},
				{
					"name": "muzzleflash",
					"parent": "main",
					"pivot": [-1, 25.35, -149.875],
					"cubes": [
						{
							"origin": [-1.5, 24.85, -150.05],
							"size": [1, 1, 1],
							"inflate": -0.4,
							"uv": {
								"north": {"uv": [47, 76], "uv_size": [1, 1]},
								"east": {"uv": [27, 82], "uv_size": [1, 1]},
								"south": {"uv": [55, 83], "uv_size": [1, 1]},
								"west": {"uv": [71, 84], "uv_size": [1, 1]},
								"up": {"uv": [15, 88], "uv_size": [1, 1]},
								"down": {"uv": [8, 90], "uv_size": [1, -1]}
							}
						}
					]
				},
				{
					"name": "scope",
					"parent": "main",
					"pivot": [-0.975, 28.925, 4.75],
					"cubes": [
						{
							"origin": [-1.475, 28.425, 4.25],
							"size": [1, 1, 1],
							"inflate": -0.4,
							"uv": {
								"north": {"uv": [19, 89], "uv_size": [1, 1]},
								"east": {"uv": [23, 90], "uv_size": [1, 1]},
								"south": {"uv": [91, 30], "uv_size": [1, 1]},
								"west": {"uv": [76, 103], "uv_size": [1, 1]},
								"up": {"uv": [103, 77], "uv_size": [1, 1]},
								"down": {"uv": [78, 104], "uv_size": [1, -1]}
							}
						}
					]
				}
			]
		}
	]
}