{
	"format_version": "1.8.0",
	"animations": {
		"animation.model.reload": {
			"loop": "hold_on_last_frame",
			"animation_length": 3.0667,
			"blend_weight": "1",
			"bones": {
				"main": {
					"rotation": {
						"0.0": {
							"vector": [0, 0, 0]
						},
						"0.1667": {
							"vector": [-1.10849, -2.42214, 0.00051]
						},
						"0.2667": {
							"vector": [-4.13747, -6.18379, -21.86118]
						},
						"0.3667": {
							"vector": [-10.08453, -7.38542, -13.69038]
						},
						"0.4": {
							"vector": [-10.08, -7.39, -13.69]
						},
						"0.4667": {
							"vector": [-10.08453, -7.38542, -13.69038]
						},
						"0.5333": {
							"vector": [-10.68307, -6.48365, -8.73605]
						},
						"0.6333": {
							"vector": [-8.15981, -8.16749, -6.17866]
						},
						"0.7333": {
							"vector": [-7.44467, -10.9336, -8.12978]
						},
						"0.7667": {
							"vector": [-7.44467, -10.9336, -8.12978]
						},
						"0.9": {
							"vector": [-9.17824, -13.71534, -7.4119]
						},
						"1.0": {
							"vector": [-9.17824, -13.71534, -7.4119]
						},
						"1.2667": {
							"vector": [-0.45372, -13.81079, -12.55799]
						},
						"1.4667": {
							"vector": [7.5809, -12.84357, -15.06372]
						},
						"1.6": {
							"vector": [3.32, -13.72, -7.41]
						},
						"1.7333": {
							"vector": [7.5809, -12.84357, -15.06372]
						},
						"2.0": {
							"vector": [-4.56, -15.82627, -25.38389]
						},
						"2.1333": {
							"vector": [-2.06, -15.82627, -25.38389]
						},
						"2.2667": {
							"vector": [-7.06, -15.82627, -25.38389]
						},
						"2.3333": {
							"vector": [-9.56, -15.82627, -25.38389]
						},
						"2.4": {
							"vector": [-7.06, -15.82627, -25.38389]
						},
						"2.5667": {
							"vector": [-1.10849, -2.42214, 0.00051]
						},
						"2.6667": {
							"vector": [-4.13747, -6.18379, -21.86118]
						},
						"2.7667": {
							"vector": [-10.08453, -7.38542, -13.69038]
						},
						"2.8": {
							"vector": [-10.08, -7.39, -13.69]
						},
						"3.0667": {
							"vector": [0, 0, 0]
						}
					},
					"position": {
						"0.0": {
							"vector": [0, 0, 0]
						},
						"0.1667": {
							"vector": [0, 0, 0]
						},
						"0.2667": {
							"vector": [0.08, -0.31, -0.06]
						},
						"0.4": {
							"vector": [0.19117, -0.71344, -0.13024]
						},
						"0.4667": {
							"vector": [0.7635, -2.85032, -0.52071]
						},
						"0.5333": {
							"vector": [0.76, -2.85, -0.52]
						},
						"0.6333": {
							"vector": [0.76, -2.85, -0.52]
						},
						"0.7333": {
							"vector": [0.76, -2.85, -0.52]
						},
						"0.8": {
							"vector": [0.76, -2.85, -0.52]
						},
						"0.9": {
							"vector": [0.76, -2.85, -0.52]
						},
						"1.0": {
							"vector": [0.76, -2.85, -0.52]
						},
						"1.4667": {
							"vector": [0.76, -2.85, -0.52]
						},
						"1.6": {
							"vector": [0.76, -2.85, -0.52]
						},
						"1.7333": {
							"vector": [0.76, -2.85, -0.52]
						},
						"2.0": {
							"vector": [0.76, -2.85, -0.52]
						},
						"2.1333": {
							"vector": [0.76, -2.85, -0.52]
						},
						"2.2667": {
							"vector": [0.76, -2.85, -0.52]
						},
						"2.4": {
							"vector": [0.76, -2.85, -0.52]
						},
						"2.5667": {
							"vector": [0, 0, 0]
						},
						"2.6667": {
							"vector": [0.08, -0.31, -0.06]
						},
						"2.8": {
							"vector": [0.19117, -0.71344, -0.13024]
						},
						"3.0667": {
							"vector": [0, 0, 0]
						}
					}
				},
				"magazine": {
					"rotation": {
						"0.7": {
							"vector": [0, 0, 0]
						},
						"0.8": {
							"vector": [0, 0, 0]
						},
						"0.8667": {
							"vector": [-5, 0, 0]
						},
						"0.9667": {
							"vector": [-2.5, 0, 0]
						},
						"1.1": {
							"vector": [-7.5, 0, 0]
						},
						"1.2667": {
							"vector": [-2.5, 0, 0]
						},
						"1.6": {
							"vector": [17.5, 0, 0]
						},
						"1.7667": {
							"vector": [17.5, 0, 0]
						},
						"1.9667": {
							"vector": [2.27, 0, 0]
						},
						"2.1": {
							"vector": [-2.5, 0, 0]
						},
						"2.2333": {
							"vector": [-6.73, 0, 0]
						},
						"2.4": {
							"vector": [0, 0, 0]
						}
					},
					"position": {
						"0.7": {
							"vector": [0, 0, 0]
						},
						"0.8": {
							"vector": [0, -0.5, 0]
						},
						"0.8667": {
							"vector": [0, -1.11641, -1.55966]
						},
						"0.9667": {
							"vector": [0, -1.14817, -0.80583]
						},
						"1.1": {
							"vector": [0, -3.165, -2.89]
						},
						"1.2667": {
							"vector": [0, -5.39595, -0.99538]
						},
						"1.6": {
							"vector": [0, -24.06882, 8.19443]
						},
						"1.7667": {
							"vector": [0, -24.06882, 8.19443]
						},
						"2.1": {
							"vector": [0, -5.31417, -2.8686]
						},
						"2.2333": {
							"vector": [0, -3.57746, -2.85897]
						},
						"2.3": {
							"vector": [0, -2.17641, -1.34593]
						},
						"2.4": {
							"vector": [0, 0, 0]
						}
					}
				},
				"leftarm": {
					"rotation": {
						"0.0": {
							"vector": [0, 0, 0]
						},
						"0.1667": {
							"vector": [-7.84918, -9.71628, 24.6664]
						},
						"0.3": {
							"vector": [-17.23335, -12.28642, 19.42006]
						},
						"0.3667": {
							"vector": [-16.69, -11.9, 18.81]
						},
						"0.5": {
							"vector": [7.23174, -2.34769, 16.02454]
						},
						"0.5667": {
							"vector": [6.98, -2.27, 25.47]
						},
						"0.7": {
							"vector": [6.98, -2.27, 15.47]
						},
						"0.8": {
							"vector": [6.98, -2.27, 15.47]
						},
						"0.9": {
							"vector": [7.33031, 3.29925, 15.15611]
						},
						"1.1": {
							"vector": [9.64126, 4.27808, 15.37625]
						},
						"1.3": {
							"vector": [7.90003, 3.3429, 15.82585]
						},
						"1.6": {
							"vector": [35.85829, 14.04706, 20.40938]
						},
						"1.8667": {
							"vector": [36.70628, 9.70529, 18.17243]
						},
						"2.2": {
							"vector": [9.64126, 4.27808, 15.37625]
						},
						"2.3": {
							"vector": [4.64126, 4.27808, 15.37625]
						},
						"2.3333": {
							"vector": [2.14126, 4.27808, 15.37625]
						},
						"2.4": {
							"vector": [-0.35874, 4.27808, 15.37625]
						},
						"2.4667": {
							"vector": [2.14063, 4.27904, 15.37812]
						},
						"2.5333": {
							"vector": [4.81677, -2.22492, 19.11928]
						},
						"2.6667": {
							"vector": [-7.84918, -9.71628, 24.6664]
						},
						"2.8": {
							"vector": [-17.23335, -12.28642, 19.42006]
						},
						"2.9333": {
							"vector": [7.23174, -2.34769, 16.02454]
						},
						"3.0667": {
							"vector": [0, 0, 0]
						}
					},
					"position": {
						"0.0": {
							"vector": [0, 0, 0]
						},
						"0.1667": {
							"vector": [0.33242, -1.73352, -2.71814]
						},
						"0.3": {
							"vector": [-1.33712, 1.1309, -2.64872]
						},
						"0.3667": {
							"vector": [-1.69555, 1.78439, -1.76951]
						},
						"0.5": {
							"vector": [-1.64, 1.73, -1.71]
						},
						"0.5667": {
							"vector": [-3.62687, 1.30433, 2.2896]
						},
						"0.7": {
							"vector": [-6.65625, -0.5002, 0.31216]
						},
						"0.8": {
							"vector": [-7.58192, -1.51608, 0.0587]
						},
						"0.9": {
							"vector": [-7.58, -1.52, 0.06]
						},
						"1.1": {
							"vector": [-7.58, -1.52, 0.06]
						},
						"1.3": {
							"vector": [-9.00527, -4.74692, 1.26215]
						},
						"1.6": {
							"vector": [-8.54469, -12.21481, 7.72301]
						},
						"2.2": {
							"vector": [-7.58, -1.52, 0.06]
						},
						"2.3": {
							"vector": [-7.58, -1.52, 0.06]
						},
						"2.3333": {
							"vector": [-7.58, -1.52, 0.06]
						},
						"2.4667": {
							"vector": [-7.58, -1.52, 0.06]
						},
						"2.5333": {
							"vector": [-7.58, -1.52, 0.06]
						},
						"2.6667": {
							"vector": [0.33242, -1.73352, -2.71814]
						},
						"2.8": {
							"vector": [-1.33712, 1.1309, -2.64872]
						},
						"2.9333": {
							"vector": [-1.64, 1.73, -1.71]
						},
						"3.0667": {
							"vector": [0, 0, 0]
						}
					}
				},
				"rightarm": {
					"position": {
						"vector": [0, -0.25, -0.25]
					}
				},
				"Release": {
					"rotation": {
						"0.3333": {
							"vector": [0, 0, 0]
						},
						"0.4": {
							"vector": [0, 0, -57.5]
						},
						"2.8": {
							"vector": [0, 0, -57.5]
						},
						"2.8667": {
							"vector": [0, 0, -10]
						},
						"2.9": {
							"vector": [0, 0, -20]
						},
						"2.9333": {
							"vector": [0, 0, 0]
						}
					},
					"position": {
						"0.3333": {
							"vector": [0, 0, 0]
						},
						"0.4": {
							"vector": [0, 0, 0]
						},
						"2.8": {
							"vector": [0, 0, 0]
						},
						"2.8667": {
							"vector": [0, 0, 0]
						},
						"2.9": {
							"vector": [0, 0, 0]
						},
						"2.9333": {
							"vector": [0, 0, 0]
						}
					}
				}
			},
			"sound_effects": {
				"0.0": {
					"effect": "hellriegelreload"
				}
			}
		},
		"animation.model.reloadempty": {
			"loop": "hold_on_last_frame",
			"animation_length": 4,
			"blend_weight": "1",
			"bones": {
				"main": {
					"rotation": {
						"0.0": {
							"vector": [0, 0, 0]
						},
						"0.1667": {
							"vector": [-1.10849, -2.42214, 0.00051]
						},
						"0.2667": {
							"vector": [-4.13747, -6.18379, -21.86118]
						},
						"0.3667": {
							"vector": [-10.08453, -7.38542, -13.69038]
						},
						"0.4": {
							"vector": [-10.08, -7.39, -13.69]
						},
						"0.4667": {
							"vector": [-10.08453, -7.38542, -13.69038]
						},
						"0.5333": {
							"vector": [-10.68307, -6.48365, -8.73605]
						},
						"0.6333": {
							"vector": [-8.15981, -8.16749, -6.17866]
						},
						"0.7333": {
							"vector": [-7.44467, -10.9336, -8.12978]
						},
						"0.7667": {
							"vector": [-7.44467, -10.9336, -8.12978]
						},
						"0.9": {
							"vector": [-9.17824, -13.71534, -7.4119]
						},
						"1.0": {
							"vector": [-9.17824, -13.71534, -7.4119]
						},
						"1.2667": {
							"vector": [-0.45372, -13.81079, -12.55799]
						},
						"1.4667": {
							"vector": [7.5809, -12.84357, -15.06372]
						},
						"1.6": {
							"vector": [3.32, -13.72, -7.41]
						},
						"1.7333": {
							"vector": [7.5809, -12.84357, -15.06372]
						},
						"2.0": {
							"vector": [-4.56, -15.82627, -25.38389]
						},
						"2.1333": {
							"vector": [-2.06, -15.82627, -25.38389]
						},
						"2.2667": {
							"vector": [-7.06, -15.82627, -25.38389]
						},
						"2.3333": {
							"vector": [-9.56, -15.82627, -25.38389]
						},
						"2.4": {
							"vector": [-7.06, -15.82627, -25.38389]
						},
						"2.6667": {
							"vector": [-10, 0, 0]
						},
						"2.7333": {
							"vector": [-10, 0, 0]
						},
						"2.8": {
							"vector": [-14.35063, 2.09029, 14.896]
						},
						"2.8667": {
							"vector": [-16.1822, 4.98093, 29.62165]
						},
						"3.0333": {
							"vector": [-16.67572, 2.85692, 22.4114]
						},
						"3.1333": {
							"vector": [-16.54116, 3.5716, 24.81086]
						},
						"3.2333": {
							"vector": [-16.67572, 2.85692, 22.4114]
						},
						"3.5": {
							"vector": [-21.54116, 3.5716, 24.81086]
						},
						"4.0": {
							"vector": [0, 0, 0]
						}
					},
					"position": {
						"0.0": {
							"vector": [0, 0, 0]
						},
						"0.1667": {
							"vector": [0, 0, 0]
						},
						"0.2667": {
							"vector": [0.08, -0.31, -0.06]
						},
						"0.4": {
							"vector": [0.19117, -0.71344, -0.13024]
						},
						"0.4667": {
							"vector": [0.7635, -2.85032, -0.52071]
						},
						"0.5333": {
							"vector": [0.76, -2.85, -0.52]
						},
						"0.6333": {
							"vector": [0.76, -2.85, -0.52]
						},
						"0.7333": {
							"vector": [0.76, -2.85, -0.52]
						},
						"0.8": {
							"vector": [0.76, -2.85, -0.52]
						},
						"0.9": {
							"vector": [0.76, -2.85, -0.52]
						},
						"1.0": {
							"vector": [0.76, -2.85, -0.52]
						},
						"1.4667": {
							"vector": [0.76, -2.85, -0.52]
						},
						"1.6": {
							"vector": [0.76, -2.85, -0.52]
						},
						"1.7333": {
							"vector": [0.76, -2.85, -0.52]
						},
						"2.0": {
							"vector": [0.76, -2.85, -0.52]
						},
						"2.1333": {
							"vector": [0.76, -2.85, -0.52]
						},
						"2.2667": {
							"vector": [0.76, -2.85, -0.52]
						},
						"2.4": {
							"vector": [0.76, -2.85, -0.52]
						},
						"2.6667": {
							"vector": [0, 0, 0]
						},
						"2.7333": {
							"vector": [0, 0, 0]
						},
						"2.8667": {
							"vector": [0, 0, 0]
						},
						"3.0333": {
							"vector": [0, 0, 0]
						},
						"3.2333": {
							"vector": [0, 0, 0]
						},
						"4.0": {
							"vector": [0, 0, 0]
						}
					}
				},
				"magazine": {
					"rotation": {
						"0.7": {
							"vector": [0, 0, 0]
						},
						"0.8": {
							"vector": [0, 0, 0]
						},
						"0.8667": {
							"vector": [-5, 0, 0]
						},
						"0.9667": {
							"vector": [-2.5, 0, 0]
						},
						"1.1": {
							"vector": [-7.5, 0, 0]
						},
						"1.2667": {
							"vector": [-2.5, 0, 0]
						},
						"1.6": {
							"vector": [17.5, 0, 0]
						},
						"1.7667": {
							"vector": [17.5, 0, 0]
						},
						"1.9667": {
							"vector": [2.27, 0, 0]
						},
						"2.1": {
							"vector": [-2.5, 0, 0]
						},
						"2.2333": {
							"vector": [-6.73, 0, 0]
						},
						"2.4": {
							"vector": [0, 0, 0]
						}
					},
					"position": {
						"0.7": {
							"vector": [0, 0, 0]
						},
						"0.8": {
							"vector": [0, -0.5, 0]
						},
						"0.8667": {
							"vector": [0, -1.11641, -1.55966]
						},
						"0.9667": {
							"vector": [0, -1.14817, -0.80583]
						},
						"1.1": {
							"vector": [0, -3.165, -2.89]
						},
						"1.2667": {
							"vector": [0, -5.39595, -0.99538]
						},
						"1.6": {
							"vector": [0, -24.06882, 8.19443]
						},
						"1.7667": {
							"vector": [0, -24.06882, 8.19443]
						},
						"2.1": {
							"vector": [0, -5.31417, -2.8686]
						},
						"2.2333": {
							"vector": [0, -3.57746, -2.85897]
						},
						"2.3": {
							"vector": [0, -2.17641, -1.34593]
						},
						"2.4": {
							"vector": [0, 0, 0]
						}
					}
				},
				"leftarm": {
					"rotation": {
						"0.0": {
							"vector": [0, 0, 0]
						},
						"0.1667": {
							"vector": [-7.84918, -9.71628, 24.6664]
						},
						"0.3": {
							"vector": [-17.23335, -12.28642, 19.42006]
						},
						"0.3667": {
							"vector": [-16.69, -11.9, 18.81]
						},
						"0.5": {
							"vector": [7.23174, -2.34769, 16.02454]
						},
						"0.5667": {
							"vector": [6.98, -2.27, 25.47]
						},
						"0.7": {
							"vector": [6.98, -2.27, 15.47]
						},
						"0.8": {
							"vector": [6.98, -2.27, 15.47]
						},
						"0.9": {
							"vector": [7.33031, 3.29925, 15.15611]
						},
						"1.1": {
							"vector": [9.64126, 4.27808, 15.37625]
						},
						"1.3": {
							"vector": [7.90003, 3.3429, 15.82585]
						},
						"1.6": {
							"vector": [35.85829, 14.04706, 20.40938]
						},
						"1.8667": {
							"vector": [36.70628, 9.70529, 18.17243]
						},
						"2.2": {
							"vector": [9.64126, 4.27808, 15.37625]
						},
						"2.3": {
							"vector": [4.64126, 4.27808, 15.37625]
						},
						"2.3333": {
							"vector": [2.14126, 4.27808, 15.37625]
						},
						"2.4": {
							"vector": [-0.35874, 4.27808, 15.37625]
						},
						"2.4667": {
							"vector": [2.14063, 4.27904, 15.37812]
						},
						"2.5333": {
							"vector": [4.81677, -2.22492, 19.11928]
						},
						"2.6667": {
							"vector": [-7.84918, -9.71628, 24.6664]
						},
						"2.8": {
							"vector": [-17.23335, -12.28642, 19.42006]
						},
						"2.9333": {
							"vector": [7.23174, -2.34769, 16.02454]
						},
						"3.0667": {
							"vector": [0, 0, 0]
						}
					},
					"position": {
						"0.0": {
							"vector": [0, 0, 0]
						},
						"0.1667": {
							"vector": [0.33242, -1.73352, -2.71814]
						},
						"0.3": {
							"vector": [-1.33712, 1.1309, -2.64872]
						},
						"0.3667": {
							"vector": [-1.69555, 1.78439, -1.76951]
						},
						"0.5": {
							"vector": [-1.64, 1.73, -1.71]
						},
						"0.5667": {
							"vector": [-3.62687, 1.30433, 2.2896]
						},
						"0.7": {
							"vector": [-6.65625, -0.5002, 0.31216]
						},
						"0.8": {
							"vector": [-7.58192, -1.51608, 0.0587]
						},
						"0.9": {
							"vector": [-7.58, -1.52, 0.06]
						},
						"1.1": {
							"vector": [-7.58, -1.52, 0.06]
						},
						"1.3": {
							"vector": [-9.00527, -4.74692, 1.26215]
						},
						"1.6": {
							"vector": [-8.54469, -12.21481, 7.72301]
						},
						"2.2": {
							"vector": [-7.58, -1.52, 0.06]
						},
						"2.3": {
							"vector": [-7.58, -1.52, 0.06]
						},
						"2.3333": {
							"vector": [-7.58, -1.52, 0.06]
						},
						"2.4667": {
							"vector": [-7.58, -1.52, 0.06]
						},
						"2.5333": {
							"vector": [-7.58, -1.52, 0.06]
						},
						"2.6667": {
							"vector": [0.33242, -1.73352, -2.71814]
						},
						"2.8": {
							"vector": [-1.33712, 1.1309, -2.64872]
						},
						"2.9333": {
							"vector": [-1.64, 1.73, -1.71]
						},
						"3.0667": {
							"vector": [0, 0, 0]
						}
					}
				},
				"rightarm": {
					"rotation": {
						"0.0": {
							"vector": [0, 0, 0]
						},
						"0.3333": {
							"vector": [20, 0, 0]
						},
						"1.1667": {
							"vector": [0, 0, 0]
						},
						"2.2333": {
							"vector": [0, 0, 0]
						},
						"2.8667": {
							"vector": [0, 0, 0]
						},
						"3.0": {
							"vector": [-2.82317, 17.94363, -13.90128]
						},
						"3.1": {
							"vector": [0.5941, 22.51587, -16.12348]
						},
						"3.2": {
							"vector": [2.18, 17.94, -13.9]
						},
						"3.5333": {
							"vector": [-1.86347, 4.20148, -6.63624]
						},
						"3.6333": {
							"vector": [0.5941, 22.51587, -16.12348]
						},
						"3.7333": {
							"vector": [-2.82317, 17.94363, -13.90128]
						},
						"3.8667": {
							"vector": [0, 0, 0]
						}
					},
					"position": {
						"0.0": {
							"vector": [0, -0.25, -0.25]
						},
						"0.3333": {
							"vector": [-0.64842, 7.31235, 2.34504]
						},
						"1.1667": {
							"vector": [0, -0.25, -0.25]
						},
						"2.2333": {
							"vector": [0, -0.25, -0.25]
						},
						"2.8667": {
							"vector": [0, -0.25, -0.25]
						},
						"2.9333": {
							"vector": [-2.40298, -1.82455, 2.04733]
						},
						"2.9667": {
							"vector": [-2.80132, -1.14895, -0.06929]
						},
						"3.0": {
							"vector": [0, -0.25, -0.25]
						},
						"3.1": {
							"vector": [1.45319, 1.65277, -3.60907]
						},
						"3.2": {
							"vector": [-2.03463, 5.58027, -10.8268]
						},
						"3.5333": {
							"vector": [-7.04165, 3.46327, -9.39471]
						},
						"3.6333": {
							"vector": [1.45319, 1.65277, -3.60907]
						},
						"3.7333": {
							"vector": [0, -0.25, -0.25]
						},
						"3.7667": {
							"vector": [-2.80132, -1.14895, -0.06929]
						},
						"3.8": {
							"vector": [-2.40298, -1.82455, 2.04733]
						},
						"3.8667": {
							"vector": [0, -0.25, -0.25]
						}
					}
				},
				"Release": {
					"rotation": {
						"0.3333": {
							"vector": [0, 0, 0]
						},
						"0.4": {
							"vector": [0, 0, -57.5]
						},
						"2.8": {
							"vector": [0, 0, -57.5]
						},
						"2.8667": {
							"vector": [0, 0, -10]
						},
						"2.9": {
							"vector": [0, 0, -20]
						},
						"2.9333": {
							"vector": [0, 0, 0]
						}
					},
					"position": {
						"0.3333": {
							"vector": [0, 0, 0]
						},
						"0.4": {
							"vector": [0, 0, 0]
						},
						"2.8": {
							"vector": [0, 0, 0]
						},
						"2.8667": {
							"vector": [0, 0, 0]
						},
						"2.9": {
							"vector": [0, 0, 0]
						},
						"2.9333": {
							"vector": [0, 0, 0]
						}
					}
				},
				"Bolt": {
					"rotation": {
						"3.2": {
							"vector": [0, 0, 0]
						},
						"3.5333": {
							"vector": [0, 0, 0]
						},
						"3.5667": {
							"vector": [0, 0, 0]
						}
					},
					"position": {
						"3.2": {
							"vector": [0, 0, 0]
						},
						"3.5333": {
							"vector": [0, 0, 6.875]
						},
						"3.5667": {
							"vector": [0, 0, 0]
						}
					}
				},
				"Bullet": {
					"rotation": {
						"vector": [0, 0, 0]
					},
					"position": {
						"vector": [0, -1.25, 0]
					}
				}
			},
			"sound_effects": {
				"0.0": {
					"effect": "hellriegelreloadempty"
				}
			}
		},
		"animation.model.draw": {
			"loop": true,
			"animation_length": 1.2,
			"bones": {
				"main": {
					"rotation": {
						"0.0": {
							"vector": [32.09413, -54.38778, -8.29667]
						},
						"0.35": {
							"vector": [0.50518, -5.08075, 6.8716],
							"easing": "easeOutSine"
						},
						"0.5": {
							"vector": [0.32389, -0.60235, -2.1558],
							"easing": "linear"
						},
						"0.6": {
							"vector": [0, 0, 0],
							"easing": "linear"
						}
					},
					"position": {
						"0.0": {
							"vector": [0, -17.3, 0]
						},
						"0.25": {
							"vector": [-0.4, -2.525, -1.625],
							"easing": "linear"
						},
						"0.4": {
							"vector": [-0.05, 0, -2.49],
							"easing": "linear"
						},
						"0.55": {
							"vector": [0, 0, 0],
							"easing": "linear"
						}
					}
				},
				"leftarm": {
					"rotation": {
						"0.0": {
							"vector": [0, 0, 0]
						},
						"0.2": {
							"vector": [1, 0, -22]
						},
						"0.4": {
							"vector": [0, 0, 0]
						}
					},
					"position": {
						"0.0": {
							"vector": [0, 0, 0]
						},
						"0.2": {
							"vector": [3.53901, 3.6754, 5.59783]
						},
						"0.4": {
							"vector": [0, 0, 0]
						}
					}
				}
			}
		},
		"animation.model.inspect": {
			"loop": true,
			"animation_length": 4.2667,
			"bones": {
				"main": {
					"rotation": {
						"0.0": {
							"vector": [0, 0, 0]
						},
						"0.1667": {
							"vector": [-8.41746, -13.59608, -21.21259],
							"easing": "linear"
						},
						"0.3": {
							"vector": [-8.39812, -20.10111, -31.77688]
						},
						"0.4333": {
							"vector": [-9.55676, -20.88889, -28.55629]
						},
						"0.5333": {
							"vector": [-8.77652, -21.21647, -30.72851]
						},
						"0.7667": {
							"vector": [-9.4227, -20.94881, -28.93303]
						},
						"1.0": {
							"vector": [-3.1216, -20.98207, -46.44405]
						},
						"1.1333": {
							"vector": [-4.564, -20.73064, -42.44007]
						},
						"1.2333": {
							"vector": [-4.86325, -20.9153, -41.60203]
						},
						"1.3333": {
							"vector": [-4.58308, -20.97575, -42.38574]
						},
						"1.4667": {
							"vector": [-4.01131, -21.08802, -43.97908]
						},
						"1.6": {
							"vector": [-4.38767, -21.01662, -42.9316]
						},
						"1.7": {
							"vector": [-4.18847, -21.05622, -43.48691],
							"easing": "linear"
						},
						"2.0333": {
							"vector": [-16.91438, 5.38499, 54.40399],
							"easing": "linear"
						},
						"2.1667": {
							"vector": [-15.22513, 5.80082, 60.04554]
						},
						"2.3": {
							"vector": [-15.70981, 5.86025, 59.48558]
						},
						"2.4333": {
							"vector": [-15.93602, 7.03904, 62.69373]
						},
						"2.5667": {
							"vector": [-15.60896, 7.75082, 65.23442]
						},
						"2.7333": {
							"vector": [-15.71675, 7.52491, 64.42194]
						},
						"2.9": {
							"vector": [-15.56389, 7.84019, 65.55973]
						},
						"3.1": {
							"vector": [-15.61778, 7.73186, 65.16659]
						},
						"3.2667": {
							"vector": [-15.9801, 6.93689, 62.33342]
						},
						"3.4": {
							"vector": [-8.86998, 2.42135, 33.56191]
						},
						"3.5333": {
							"vector": [0, -1.75, -2.75]
						},
						"3.7": {
							"vector": [0, 0, 0]
						}
					},
					"position": {
						"0.0": {
							"vector": [0, 0, 0]
						},
						"0.3": {
							"vector": [-0.475, 1.475, -8.7]
						},
						"0.4": {
							"vector": [-0.195, 1, -7.7]
						},
						"0.5333": {
							"vector": [-0.03, 0.725, -7.7]
						},
						"0.7": {
							"vector": [0, 1.125, -7.7]
						},
						"0.9": {
							"vector": [0.125, 1.4, -8.275]
						},
						"1.2": {
							"vector": [-0.02, 1.475, -8]
						},
						"1.4": {
							"vector": [0.11, 1.425, -8.175]
						},
						"1.6667": {
							"vector": [0.275, 1.25, -7.975]
						},
						"1.8": {
							"vector": [-0.13, -1.19, -8.65]
						},
						"1.9667": {
							"vector": [-0.545, -1.325, -11.15]
						},
						"2.1333": {
							"vector": [-0.415, -1.395, -10.545]
						},
						"2.2667": {
							"vector": [-0.525, -1.455, -9.17]
						},
						"2.4": {
							"vector": [-0.49, -1.43, -9.85]
						},
						"2.5667": {
							"vector": [-0.455, -1.5, -9.24]
						},
						"2.7667": {
							"vector": [-0.53, -1.5, -9.27]
						},
						"3.0": {
							"vector": [-0.49, -1.41, -9.3]
						},
						"3.2333": {
							"vector": [-0.545, -1.325, -9.325]
						},
						"3.3667": {
							"vector": [-1.005, -0.61, -7.41]
						},
						"3.6333": {
							"vector": [0, 0, 0]
						}
					}
				},
				"leftarm": {
					"rotation": {
						"0.0": {
							"vector": [0, 0, 0]
						},
						"0.1667": {
							"vector": [0, 0, -2.5]
						},
						"1.7333": {
							"vector": [0, 0, -2.5]
						},
						"2.0333": {
							"vector": [-20, 0, -45]
						},
						"3.2333": {
							"vector": [-20, 0, -45]
						},
						"3.5667": {
							"vector": [0, 0, 0]
						}
					},
					"position": {
						"0.0": {
							"vector": [0, 0, 0]
						},
						"0.1667": {
							"vector": [11.23986, -30.20851, 24.64864]
						},
						"1.7333": {
							"vector": [11.23986, -30.20851, 24.64864]
						},
						"2.0333": {
							"vector": [16.59501, 2.06276, 5.06211]
						},
						"3.2333": {
							"vector": [16.59501, 2.06276, 5.06211]
						},
						"3.5667": {
							"vector": [0, 0, 0]
						}
					}
				}
			}
		},
		"animation.model.fire": {
			"loop": true,
			"animation_length": 0.0833,
			"bones": {
				"Bolt": {
					"rotation": {
						"0.0": {
							"vector": [0, 0, 0]
						},
						"0.0417": {
							"vector": [0, 0, 0]
						},
						"0.0833": {
							"vector": [0, 0, 0]
						}
					},
					"position": {
						"0.0": {
							"vector": [0, 0, 0]
						},
						"0.0417": {
							"vector": [0, 0, 6.875]
						},
						"0.0833": {
							"vector": [0, 0, 0]
						}
					}
				}
			}
		}
	},
	"geckolib_format_version": 2
}