{
	"format_version": "1.8.0",
	"animations": {
		"animation.model.reloadempty": {
			"animation_length": 3.5833,
			"bones": {
				"main": {
					"rotation": {
						"0.0": {
							"vector": [0, 0, 0]
						},
						"0.125": {
							"vector": [-5.00474, 2.49048, 14.78197]
						},
						"0.25": {
							"vector": [-10, 0, 30]
						},
						"0.4167": {
							"vector": [-19.68432, -14.75697, 31.1127]
						},
						"0.5833": {
							"vector": [-31.69007, -26.04824, 41.88883]
						},
						"0.6667": {
							"vector": [-31.69007, -26.04824, 41.88883]
						},
						"1.2917": {
							"vector": [-3.62169, 0.70767, 25.69887]
						},
						"1.4583": {
							"vector": [2.26663, 8.28196, 3.96131]
						},
						"1.6667": {
							"vector": [-0.23131, 3.282, 3.98169]
						},
						"1.9167": {
							"vector": [-2.49, 0.49, 17.64]
						},
						"1.9583": {
							"vector": [-2.48, 0.52, 18.26]
						},
						"2.2917": {
							"vector": [-2.43787, 0.70509, 22.63565]
						},
						"2.3333": {
							"vector": [-2.33, 0.52, 17.38]
						},
						"2.4583": {
							"vector": [-2.17277, 0.23349, 9.4985]
						},
						"2.75": {
							"vector": [-11.89, 0.2, 8.27]
						},
						"2.9167": {
							"vector": [-8.81, 0.15, 6.13]
						},
						"3.1667": {
							"vector": [-6.17, 0.1, 4.29]
						},
						"3.2917": {
							"vector": [-10.28857, 0.08571, 3.67714]
						},
						"3.4583": {
							"vector": [-4.36703, 0.6114, 9.05402]
						},
						"3.5833": {
							"vector": [0, 0, 0]
						}
					},
					"position": {
						"0.0": {
							"vector": [0, 0, 0]
						},
						"0.125": {
							"vector": [-5.21599, -2.0551, 0.42345]
						},
						"0.25": {
							"vector": [-8.5, -4.625, 0.75]
						},
						"0.4167": {
							"vector": [-7.58856, -3.58585, 0.98501]
						},
						"0.5833": {
							"vector": [-7.41, -4.03, 0.65]
						},
						"0.6667": {
							"vector": [-7.41, -4.03, 0.65]
						},
						"0.7917": {
							"vector": [-10.03749, -6.25166, -1.71331]
						},
						"1.1667": {
							"vector": [-6.27, -1.66, 0.55]
						},
						"1.2917": {
							"vector": [-8.46, -2.79, 0.54]
						},
						"1.4583": {
							"vector": [-8.68583, -3.4213, 0.65228]
						},
						"1.6667": {
							"vector": [-7.47, -2.46, 0.48]
						},
						"1.9167": {
							"vector": [-5.81, -1.91, 0.37]
						},
						"1.9583": {
							"vector": [-6.28011, -3.33295, 0.3051]
						},
						"2.2917": {
							"vector": [-5.81, -1.91, 0.37]
						},
						"2.3333": {
							"vector": [-5.63146, -2.76426, 0.94443]
						},
						"2.75": {
							"vector": [-3.81048, -2.0176, 3.0933]
						},
						"2.9167": {
							"vector": [-2.54, -3.75, 2.29]
						},
						"3.1667": {
							"vector": [-0.8, -2.675, 1.6]
						},
						"3.2917": {
							"vector": [-0.97, -3.15, 5.245]
						},
						"3.5833": {
							"vector": [0, 0, 0]
						}
					}
				},
				"leftarm": {
					"rotation": {
						"0.0": {
							"vector": [0, 0, 0]
						},
						"0.25": {
							"vector": [0, 0, -45]
						},
						"0.4167": {
							"vector": [0, 0, -17.5]
						},
						"0.625": {
							"vector": [-11.0794, 48.80663, -31.06639]
						},
						"0.6667": {
							"vector": [-18.58, 48.81, -31.07]
						},
						"0.8333": {
							"vector": [-33.58, 48.81, -31.07]
						},
						"0.9583": {
							"vector": [-58.58, 48.81, -31.07]
						},
						"1.125": {
							"vector": [2.92021, 35.20782, 26.49343]
						},
						"1.7083": {
							"vector": [-29.57979, 35.20782, 26.49343]
						},
						"1.7917": {
							"vector": [-29.57979, 35.20782, 26.49343]
						},
						"1.875": {
							"vector": [-17.08, 35.21, 26.49]
						},
						"1.9583": {
							"vector": [-2.08, 35.21, 26.49]
						},
						"2.1667": {
							"vector": [-2.08, 35.21, 26.49]
						},
						"2.25": {
							"vector": [-2.08, 35.21, 26.49]
						},
						"2.3333": {
							"vector": [10.90871, 21.11834, 32.44696]
						},
						"2.6667": {
							"vector": [0, 0, 0]
						}
					},
					"position": {
						"0.0": {
							"vector": [0, 0, 0]
						},
						"0.25": {
							"vector": [7.46947, 4.24698, -0.74886]
						},
						"0.4167": {
							"vector": [13.88829, 18.12937, -2.98768]
						},
						"0.625": {
							"vector": [6.10369, 18.81282, -8.22558]
						},
						"0.6667": {
							"vector": [6.84196, 17.67791, -8.8884]
						},
						"0.8333": {
							"vector": [11.6754, 21.26715, -12.40846]
						},
						"0.875": {
							"vector": [12.81805, 21.64625, -11.71609]
						},
						"0.9167": {
							"vector": [14.06451, 21.85063, -11.14461]
						},
						"0.9583": {
							"vector": [14.7497, 21.40358, -11.23026]
						},
						"1.0": {
							"vector": [17.62406, 15.98344, -10.66143]
						},
						"1.0417": {
							"vector": [20.89169, 9.8575, -14.36486]
						},
						"1.125": {
							"vector": [25.28133, -0.77665, -14.41834]
						},
						"1.2083": {
							"vector": [41.89138, -9.74252, -2.39124]
						},
						"1.2917": {
							"vector": [42.10588, -17.75508, 6.46639]
						},
						"1.5417": {
							"vector": [41.17109, -14.31783, 10.4202]
						},
						"1.625": {
							"vector": [37.61208, -4.8142, 9.79508]
						},
						"1.7083": {
							"vector": [34.14262, -0.44671, 7.88393]
						},
						"1.7917": {
							"vector": [17.02353, 10.01742, 0.68581]
						},
						"1.875": {
							"vector": [11.94696, 13.39051, 1.05234]
						},
						"1.9583": {
							"vector": [12.17968, 11.67908, 0.67448]
						},
						"2.0417": {
							"vector": [14.1815, 16.02963, 7.63898]
						},
						"2.0833": {
							"vector": [12.34191, 17.14842, 9.78314]
						},
						"2.1667": {
							"vector": [10.42028, 20.03547, 14.05535]
						},
						"2.25": {
							"vector": [10.42, 20.04, 14.06]
						},
						"2.3333": {
							"vector": [5.90768, 13.4597, 10.39341]
						},
						"2.4583": {
							"vector": [15.89836, 6.14677, 5.72759]
						},
						"2.5417": {
							"vector": [11.17878, 2.75441, 3.11641]
						},
						"2.6667": {
							"vector": [0, 0, 0]
						}
					}
				},
				"rightarm": {
					"rotation": {
						"0.25": {
							"vector": [0, 0, 0]
						},
						"0.6667": {
							"vector": [8.60119, 33.14633, 10.21643]
						},
						"1.125": {
							"vector": [0, 0, 0]
						},
						"2.6667": {
							"vector": [0, 0, 0]
						},
						"3.1667": {
							"vector": [10, 0, -7.5]
						},
						"3.4167": {
							"vector": [0, 0, 0]
						}
					},
					"position": {
						"0.25": {
							"vector": [0, 0, 0]
						},
						"0.6667": {
							"vector": [3.25298, 1.76146, -1.00006]
						},
						"1.125": {
							"vector": [0, 0, 0]
						},
						"2.6667": {
							"vector": [0, 0, 0]
						},
						"2.7917": {
							"vector": [-7.04888, 1.35828, -3.94778]
						},
						"2.9167": {
							"vector": [-8.36213, 2.90124, -7.00082]
						},
						"3.0417": {
							"vector": [-8.38242, 5.17358, -11.10397]
						},
						"3.1667": {
							"vector": [-7.30008, 6.97083, -14.1859]
						},
						"3.2917": {
							"vector": [-6.73145, 6.88918, 1.50291]
						},
						"3.4167": {
							"vector": [0, 0, 0]
						}
					}
				},
				"Bolt3": {
					"rotation": {
						"vector": [0, 0, 0]
					},
					"position": {
						"0.0": {
							"vector": [0, 0, 0]
						},
						"0.0417": {
							"vector": [0, 0, -14]
						},
						"3.1667": {
							"vector": [0, 0, -14]
						},
						"3.2917": {
							"vector": [0, 0, 0]
						}
					}
				},
				"Bolt2": {
					"rotation": {
						"vector": [0, 0, 0]
					},
					"position": {
						"0.0": {
							"vector": [0, 0, 0]
						},
						"0.0417": {
							"vector": [0, 0, -14]
						},
						"3.1667": {
							"vector": [0, 0, -14]
						},
						"3.2917": {
							"vector": [0, 0, 0]
						}
					}
				},
				"magazine": {
					"rotation": {
						"0.625": {
							"vector": [0, 0, 0]
						},
						"0.6667": {
							"vector": [0, 0, 7.5]
						},
						"0.8333": {
							"vector": [0, 0, 7.5]
						},
						"0.9583": {
							"vector": [0, 0, 25],
							"easing": "easeInQuart"
						},
						"1.125": {
							"vector": [0, 0, 37.5]
						},
						"1.4583": {
							"vector": [0, 0, 37.5]
						},
						"1.7083": {
							"vector": [0, 0, 20.89]
						},
						"1.7917": {
							"vector": [0, 0, 12.53]
						},
						"1.875": {
							"vector": [0, 0, 0]
						},
						"1.9583": {
							"vector": [0, 0, 0]
						},
						"2.2917": {
							"vector": [0, 0, 0]
						},
						"2.3333": {
							"vector": [0, 0, 0]
						}
					},
					"position": {
						"0.625": {
							"vector": [0, 0, 0]
						},
						"0.6667": {
							"vector": [0.20116, 0.33184, -0.07443]
						},
						"0.8333": {
							"vector": [2.32, 6.86, -4.57]
						},
						"0.9583": {
							"vector": [8.3025, 11.43347, 1.43]
						},
						"1.125": {
							"vector": [22.52341, -9.25267, -13.07]
						},
						"1.2083": {
							"vector": [39.37095, -18.12243, 2.21145]
						},
						"1.2917": {
							"vector": [39.36802, -26.37547, 12.24557]
						},
						"1.4583": {
							"vector": [39.36802, -26.37547, 12.24557]
						},
						"1.5833": {
							"vector": [34.1153, -10.70737, 8.53362]
						},
						"1.7083": {
							"vector": [25.67001, -2.80323, 6.63318]
						},
						"1.7917": {
							"vector": [6.78112, 5.42721, 3.67477]
						},
						"1.875": {
							"vector": [0, 4.25, 0]
						},
						"1.9583": {
							"vector": [0, 0.875, 0]
						},
						"2.2917": {
							"vector": [0, 0.875, 0]
						},
						"2.3333": {
							"vector": [0, 0, 0]
						}
					}
				},
				"magazinemoveable": {
					"position": {
						"vector": [0, 0, 0]
					}
				}
			},
			"sound_effects": {
				"0.0": {
					"effect": "lewisgunreloadempty"
				}
			}
		},
		"animation.model.reload": {
			"animation_length": 2.6667,
			"bones": {
				"main": {
					"rotation": {
						"0.0": {
							"vector": [0, 0, 0]
						},
						"0.125": {
							"vector": [-5.00474, 2.49048, 14.78197]
						},
						"0.25": {
							"vector": [-10, 0, 30]
						},
						"0.4167": {
							"vector": [-19.68432, -14.75697, 31.1127]
						},
						"0.5833": {
							"vector": [-31.69007, -26.04824, 41.88883]
						},
						"0.6667": {
							"vector": [-31.69007, -26.04824, 41.88883]
						},
						"1.2917": {
							"vector": [-3.62169, 0.70767, 25.69887]
						},
						"1.4583": {
							"vector": [2.26663, 8.28196, 3.96131]
						},
						"1.6667": {
							"vector": [-0.23131, 3.282, 3.98169]
						},
						"1.9167": {
							"vector": [-2.49, 0.49, 17.64]
						},
						"1.9583": {
							"vector": [-2.48, 0.52, 18.26]
						},
						"2.2917": {
							"vector": [-2.43787, 0.70509, 22.63565]
						},
						"2.3333": {
							"vector": [-2.33, 0.52, 17.38]
						},
						"2.4583": {
							"vector": [-2.17277, 0.23349, 9.4985]
						},
						"2.6667": {
							"vector": [0, 0, 0]
						}
					},
					"position": {
						"0.0": {
							"vector": [0, 0, 0]
						},
						"0.125": {
							"vector": [-5.21599, -2.0551, 0.42345]
						},
						"0.25": {
							"vector": [-8.5, -4.625, 0.75]
						},
						"0.4167": {
							"vector": [-7.58856, -3.58585, 0.98501]
						},
						"0.5833": {
							"vector": [-7.41, -4.03, 0.65]
						},
						"0.6667": {
							"vector": [-7.41, -4.03, 0.65]
						},
						"0.7917": {
							"vector": [-10.03749, -6.25166, -1.71331]
						},
						"1.1667": {
							"vector": [-6.27, -1.66, 0.55]
						},
						"1.2917": {
							"vector": [-8.46, -2.79, 0.54]
						},
						"1.4583": {
							"vector": [-8.68583, -3.4213, 0.65228]
						},
						"1.6667": {
							"vector": [-7.47, -2.46, 0.48]
						},
						"1.9167": {
							"vector": [-5.81, -1.91, 0.37]
						},
						"1.9583": {
							"vector": [-6.28011, -3.33295, 0.3051]
						},
						"2.2917": {
							"vector": [-5.81, -1.91, 0.37]
						},
						"2.3333": {
							"vector": [-5.63146, -2.76426, 0.94443]
						},
						"2.6667": {
							"vector": [0, 0, 0]
						}
					}
				},
				"rightarm": {
					"rotation": {
						"0.25": {
							"vector": [0, 0, 0]
						},
						"0.6667": {
							"vector": [8.60119, 33.14633, 10.21643]
						},
						"1.125": {
							"vector": [0, 0, 0]
						}
					},
					"position": {
						"0.25": {
							"vector": [0, 0, 0]
						},
						"0.6667": {
							"vector": [3.25298, 1.76146, -1.00006]
						},
						"1.125": {
							"vector": [0, 0, 0]
						}
					}
				},
				"leftarm": {
					"rotation": {
						"0.0": {
							"vector": [0, 0, 0]
						},
						"0.25": {
							"vector": [0, 0, -45]
						},
						"0.4167": {
							"vector": [0, 0, -17.5]
						},
						"0.625": {
							"vector": [-11.0794, 48.80663, -31.06639]
						},
						"0.6667": {
							"vector": [-18.58, 48.81, -31.07]
						},
						"0.8333": {
							"vector": [-33.58, 48.81, -31.07]
						},
						"0.9583": {
							"vector": [-58.58, 48.81, -31.07]
						},
						"1.125": {
							"vector": [2.92021, 35.20782, 26.49343]
						},
						"1.7083": {
							"vector": [-29.57979, 35.20782, 26.49343]
						},
						"1.7917": {
							"vector": [-29.57979, 35.20782, 26.49343]
						},
						"1.875": {
							"vector": [-17.08, 35.21, 26.49]
						},
						"1.9583": {
							"vector": [-2.08, 35.21, 26.49]
						},
						"2.1667": {
							"vector": [-2.08, 35.21, 26.49]
						},
						"2.25": {
							"vector": [-2.08, 35.21, 26.49]
						},
						"2.3333": {
							"vector": [10.90871, 21.11834, 32.44696]
						},
						"2.6667": {
							"vector": [0, 0, 0]
						}
					},
					"position": {
						"0.0": {
							"vector": [0, 0, 0]
						},
						"0.25": {
							"vector": [7.46947, 4.24698, -0.74886]
						},
						"0.4167": {
							"vector": [13.88829, 18.12937, -2.98768]
						},
						"0.625": {
							"vector": [6.10369, 18.81282, -8.22558]
						},
						"0.6667": {
							"vector": [6.84196, 17.67791, -8.8884]
						},
						"0.8333": {
							"vector": [11.6754, 21.26715, -12.40846]
						},
						"0.875": {
							"vector": [12.81805, 21.64625, -11.71609]
						},
						"0.9167": {
							"vector": [14.06451, 21.85063, -11.14461]
						},
						"0.9583": {
							"vector": [14.7497, 21.40358, -11.23026]
						},
						"1.0": {
							"vector": [17.62406, 15.98344, -10.66143]
						},
						"1.0417": {
							"vector": [20.89169, 9.8575, -14.36486]
						},
						"1.125": {
							"vector": [25.28133, -0.77665, -14.41834]
						},
						"1.2083": {
							"vector": [41.89138, -9.74252, -2.39124]
						},
						"1.2917": {
							"vector": [42.10588, -17.75508, 6.46639]
						},
						"1.5417": {
							"vector": [41.17109, -14.31783, 10.4202]
						},
						"1.625": {
							"vector": [37.61208, -4.8142, 9.79508]
						},
						"1.7083": {
							"vector": [34.14262, -0.44671, 7.88393]
						},
						"1.7917": {
							"vector": [17.02353, 10.01742, 0.68581]
						},
						"1.875": {
							"vector": [11.94696, 13.39051, 1.05234]
						},
						"1.9583": {
							"vector": [12.17968, 11.67908, 0.67448]
						},
						"2.0417": {
							"vector": [14.1815, 16.02963, 7.63898]
						},
						"2.0833": {
							"vector": [12.34191, 17.14842, 9.78314]
						},
						"2.1667": {
							"vector": [10.42028, 20.03547, 14.05535]
						},
						"2.25": {
							"vector": [10.42, 20.04, 14.06]
						},
						"2.3333": {
							"vector": [5.90768, 13.4597, 10.39341]
						},
						"2.4583": {
							"vector": [15.89836, 6.14677, 5.72759]
						},
						"2.5417": {
							"vector": [11.17878, 2.75441, 3.11641]
						},
						"2.6667": {
							"vector": [0, 0, 0]
						}
					}
				},
				"magazine": {
					"rotation": {
						"0.625": {
							"vector": [0, 0, 0]
						},
						"0.6667": {
							"vector": [0, 0, 7.5]
						},
						"0.8333": {
							"vector": [0, 0, 7.5]
						},
						"0.9583": {
							"vector": [0, 0, 25],
							"easing": "easeInQuart"
						},
						"1.125": {
							"vector": [0, 0, 37.5]
						},
						"1.4583": {
							"vector": [0, 0, 37.5]
						},
						"1.7083": {
							"vector": [0, 0, 20.89]
						},
						"1.7917": {
							"vector": [0, 0, 12.53]
						},
						"1.875": {
							"vector": [0, 0, 0]
						},
						"1.9583": {
							"vector": [0, 0, 0]
						},
						"2.2917": {
							"vector": [0, 0, 0]
						},
						"2.3333": {
							"vector": [0, 0, 0]
						}
					},
					"position": {
						"0.625": {
							"vector": [0, 0, 0]
						},
						"0.6667": {
							"vector": [0.20116, 0.33184, -0.07443]
						},
						"0.8333": {
							"vector": [2.32, 6.86, -4.57]
						},
						"0.9583": {
							"vector": [8.3025, 11.43347, 1.43]
						},
						"1.125": {
							"vector": [22.52341, -9.25267, -13.07]
						},
						"1.2083": {
							"vector": [39.37095, -18.12243, 2.21145]
						},
						"1.2917": {
							"vector": [39.36802, -26.37547, 12.24557]
						},
						"1.4583": {
							"vector": [39.36802, -26.37547, 12.24557]
						},
						"1.5833": {
							"vector": [34.1153, -10.70737, 8.53362]
						},
						"1.7083": {
							"vector": [25.67001, -2.80323, 6.63318]
						},
						"1.7917": {
							"vector": [6.78112, 5.42721, 3.67477]
						},
						"1.875": {
							"vector": [0, 4.25, 0]
						},
						"1.9583": {
							"vector": [0, 0.875, 0]
						},
						"2.2917": {
							"vector": [0, 0.875, 0]
						},
						"2.3333": {
							"vector": [0, 0, 0]
						}
					}
				}
			},
			"sound_effects": {
				"0.1667": {
					"effect": "lewisgunreload"
				}
			}
		},
		"animation.model.draw": {
			"loop": true,
			"animation_length": 1.2,
			"bones": {
				"main": {
					"rotation": {
						"0.0": {
							"vector": [32.09413, -54.38778, -8.29667]
						},
						"0.35": {
							"vector": [0.50518, -5.08075, 6.8716],
							"easing": "easeOutSine"
						},
						"0.5": {
							"vector": [0.32389, -0.60235, -2.1558],
							"easing": "linear"
						},
						"0.6": {
							"vector": [0, 0, 0],
							"easing": "linear"
						}
					},
					"position": {
						"0.0": {
							"vector": [0, -17.3, 0]
						},
						"0.25": {
							"vector": [-0.4, -2.525, -1.625],
							"easing": "linear"
						},
						"0.4": {
							"vector": [-0.05, 0, -2.49],
							"easing": "linear"
						},
						"0.55": {
							"vector": [0, 0, 0],
							"easing": "linear"
						}
					}
				},
				"leftarm": {
					"rotation": {
						"0.0": {
							"vector": [0, 0, 0]
						},
						"0.2": {
							"vector": [1, 0, -22]
						},
						"0.4": {
							"vector": [0, 0, 0]
						}
					},
					"position": {
						"0.0": {
							"vector": [0, 0, 0]
						},
						"0.2": {
							"vector": [3.53901, 3.6754, 5.59783]
						},
						"0.4": {
							"vector": [0, 0, 0]
						}
					}
				}
			}
		},
		"animation.model.inspect": {
			"loop": true,
			"animation_length": 4.2667,
			"bones": {
				"main": {
					"rotation": {
						"0.0": {
							"vector": [0, 0, 0]
						},
						"0.1667": {
							"vector": [-8.41746, -13.59608, -21.21259],
							"easing": "linear"
						},
						"0.3": {
							"vector": [-8.39812, -20.10111, -31.77688]
						},
						"0.4333": {
							"vector": [-9.55676, -20.88889, -28.55629]
						},
						"0.5333": {
							"vector": [-8.77652, -21.21647, -30.72851]
						},
						"0.7667": {
							"vector": [-9.4227, -20.94881, -28.93303]
						},
						"1.0": {
							"vector": [-3.1216, -20.98207, -46.44405]
						},
						"1.1333": {
							"vector": [-4.564, -20.73064, -42.44007]
						},
						"1.2333": {
							"vector": [-4.86325, -20.9153, -41.60203]
						},
						"1.3333": {
							"vector": [-4.58308, -20.97575, -42.38574]
						},
						"1.4667": {
							"vector": [-4.01131, -21.08802, -43.97908]
						},
						"1.6": {
							"vector": [-4.38767, -21.01662, -42.9316]
						},
						"1.7": {
							"vector": [-4.18847, -21.05622, -43.48691],
							"easing": "linear"
						},
						"2.0333": {
							"vector": [-16.91438, 5.38499, 54.40399],
							"easing": "linear"
						},
						"2.1667": {
							"vector": [-15.22513, 5.80082, 60.04554]
						},
						"2.3": {
							"vector": [-15.70981, 5.86025, 59.48558]
						},
						"2.4333": {
							"vector": [-15.93602, 7.03904, 62.69373]
						},
						"2.5667": {
							"vector": [-15.60896, 7.75082, 65.23442]
						},
						"2.7333": {
							"vector": [-15.71675, 7.52491, 64.42194]
						},
						"2.9": {
							"vector": [-15.56389, 7.84019, 65.55973]
						},
						"3.1": {
							"vector": [-15.61778, 7.73186, 65.16659]
						},
						"3.2667": {
							"vector": [-15.9801, 6.93689, 62.33342]
						},
						"3.4": {
							"vector": [-8.86998, 2.42135, 33.56191]
						},
						"3.5333": {
							"vector": [0, -1.75, -2.75]
						},
						"3.7": {
							"vector": [0, 0, 0]
						}
					},
					"position": {
						"0.0": {
							"vector": [0, 0, 0]
						},
						"0.3": {
							"vector": [-0.475, 1.475, -8.7]
						},
						"0.4": {
							"vector": [-0.195, 1, -7.7]
						},
						"0.5333": {
							"vector": [-0.03, 0.725, -7.7]
						},
						"0.7": {
							"vector": [0, 1.125, -7.7]
						},
						"0.9": {
							"vector": [0.125, 1.4, -8.275]
						},
						"1.2": {
							"vector": [-0.02, 1.475, -8]
						},
						"1.4": {
							"vector": [0.11, 1.425, -8.175]
						},
						"1.6667": {
							"vector": [0.275, 1.25, -7.975]
						},
						"1.8": {
							"vector": [-0.13, -1.19, -8.65]
						},
						"1.9667": {
							"vector": [-0.545, -1.325, -11.15]
						},
						"2.1333": {
							"vector": [-0.415, -1.395, -10.545]
						},
						"2.2667": {
							"vector": [-0.525, -1.455, -9.17]
						},
						"2.4": {
							"vector": [-0.49, -1.43, -9.85]
						},
						"2.5667": {
							"vector": [-0.455, -1.5, -9.24]
						},
						"2.7667": {
							"vector": [-0.53, -1.5, -9.27]
						},
						"3.0": {
							"vector": [-0.49, -1.41, -9.3]
						},
						"3.2333": {
							"vector": [-0.545, -1.325, -9.325]
						},
						"3.3667": {
							"vector": [-1.005, -0.61, -7.41]
						},
						"3.6333": {
							"vector": [0, 0, 0]
						}
					}
				},
				"leftarm": {
					"rotation": {
						"0.0": {
							"vector": [0, 0, 0]
						},
						"0.1667": {
							"vector": [0, 0, -2.5]
						},
						"1.7333": {
							"vector": [0, 0, -2.5]
						},
						"2.0333": {
							"vector": [-20, 0, -45]
						},
						"3.3": {
							"vector": [-20, 0, -45]
						},
						"3.5667": {
							"vector": [0, 0, 0]
						}
					},
					"position": {
						"0.0": {
							"vector": [0, 0, 0]
						},
						"0.1667": {
							"vector": [11.23986, -30.20851, 24.64864]
						},
						"1.7333": {
							"vector": [11.23986, -30.20851, 24.64864]
						},
						"2.0333": {
							"vector": [7.35, 6.25, 2.33]
						},
						"3.3": {
							"vector": [7.35, 6.25, 2.33]
						},
						"3.5667": {
							"vector": [0, 0, 0]
						}
					}
				}
			}
		},
		"animation.model.fire": {
			"loop": true,
			"animation_length": 0.0833,
			"bones": {
				"magazinemoveable": {
					"rotation": {
						"0.0": {
							"vector": [0, 0, 0]
						},
						"0.0417": {
							"vector": [0, 12.5, 0]
						}
					},
					"position": {
						"0.0": {
							"vector": [0, 0, 0]
						},
						"0.0417": {
							"vector": [0, 0, 0]
						}
					}
				},
				"Bolt3": {
					"position": {
						"0.0": {
							"vector": [0, 0, 0]
						},
						"0.0417": {
							"vector": [0, 0, -14.5]
						},
						"0.0833": {
							"vector": [0, 0, 0]
						}
					}
				},
				"Bolt2": {
					"position": {
						"0.0": {
							"vector": [0, 0, 0]
						},
						"0.0417": {
							"vector": [0, 0, -14]
						},
						"0.0833": {
							"vector": [0, 0, 0]
						}
					}
				}
			}
		}
	},
	"geckolib_format_version": 2
}