{
	"format_version": "1.8.0",
	"animations": {
		"animation.model.reload": {
			"loop": true,
			"animation_length": 1.6667,
			"blend_weight": "1",
			"bones": {
				"main": {
					"rotation": {
						"0.0": {
							"vector": [0, 0, 0]
						},
						"0.2": {
							"vector": [-2.82845, -3.14202, -11.53827]
						},
						"0.3": {
							"vector": [-6.1257, -3.02931, -21.44076],
							"easing": "linear"
						},
						"0.4": {
							"vector": [-8.99714, -2.88714, -18.93428],
							"easing": "linear"
						},
						"0.5": {
							"vector": [-8.56216, -3.74773, -26.14959]
						},
						"0.6667": {
							"vector": [-8.93449, -3.57494, -20.09324]
						},
						"0.8": {
							"vector": [-8.23835, -5.39519, -30.46877],
							"easing": "linear"
						},
						"0.9": {
							"vector": [-8.4224, -4.29086, -28.09539],
							"easing": "linear"
						},
						"1.0": {
							"vector": [-7.70135, -5.48509, -36.54201],
							"easing": "linear"
						},
						"1.1": {
							"vector": [-6.11762, -4.35841, -32.12568],
							"easing": "linear"
						},
						"1.2333": {
							"vector": [-5.32391, -3.82513, -33.76028]
						},
						"1.4667": {
							"vector": [0, 0, -5.25],
							"easing": "linear"
						},
						"1.5667": {
							"vector": [0, 0, 1.13]
						},
						"1.6667": {
							"vector": [0, 0, 0],
							"easing": "linear"
						}
					},
					"position": {
						"0.0": {
							"vector": [0, 0, 0]
						},
						"0.1333": {
							"vector": [0.355, -0.42, -4.425]
						},
						"0.3667": {
							"vector": [-0.35, -1.75, 0.05],
							"easing": "linear"
						},
						"0.5667": {
							"vector": [-0.15, -0.6, 1],
							"easing": "linear"
						},
						"0.6667": {
							"vector": [-0.52, -1.72, 0.475]
						},
						"0.8": {
							"vector": [-0.85, -2.275, 1],
							"easing": "linear"
						},
						"0.9": {
							"vector": [-0.65, -1.475, 1],
							"easing": "linear"
						},
						"1.0": {
							"vector": [-1.35, -0.225, 0.525],
							"easing": "linear"
						},
						"1.1333": {
							"vector": [-1.575, -2.1, -1.075],
							"easing": "linear"
						},
						"1.4": {
							"vector": [0, -1.3, -3.4],
							"easing": "linear"
						},
						"1.5": {
							"vector": [0, -0.425, -2.45],
							"easing": "linear"
						},
						"1.6": {
							"vector": [0, 0, 0],
							"easing": "linear"
						}
					}
				},
				"magazine": {
					"rotation": {
						"0.0": {
							"vector": [0, 0, 0]
						},
						"0.2333": {
							"vector": [0, 0, 0]
						},
						"0.6667": {
							"vector": [0, 0, 0]
						},
						"0.8": {
							"vector": [-8.5, -2, 1.25]
						},
						"0.9": {
							"vector": [-8.44764, 1.25068, -0.24794]
						},
						"0.9667": {
							"vector": [0.05781, 1.25044, 0.00212]
						},
						"1.0333": {
							"vector": [0, 0, -0.75]
						},
						"1.1": {
							"vector": [0, 0, 0]
						}
					},
					"position": {
						"0.0": {
							"vector": [0, 0, 0.3]
						},
						"0.2333": {
							"vector": [0, 0, 0]
						},
						"0.3333": {
							"vector": [0.03516, -22.25596, 8.80401]
						},
						"0.6667": {
							"vector": [0.36334, -22.45389, 5.56145]
						},
						"0.8": {
							"vector": [-0.02436, -6.30341, 1.67834]
						},
						"0.9": {
							"vector": [-0.25108, -6.43165, 1.56654]
						},
						"0.9667": {
							"vector": [-0.02575, -6.87604, 2.78305]
						},
						"1.0333": {
							"vector": [0.2848, -5.70227, 2.30542],
							"easing": "linear"
						},
						"1.1": {
							"vector": [0, 0, 0]
						}
					}
				},
				"leftarm": {
					"rotation": {
						"0.0": {
							"vector": [0, 0, 0]
						},
						"0.0667": {
							"vector": [-19.45644, -5.86858, 7.49224]
						},
						"0.1333": {
							"vector": [-19.1063, -9.63723, 4.18713]
						},
						"0.2333": {
							"vector": [-15.03103, -13.37925, 0.82083]
						},
						"0.3333": {
							"vector": [43.07804, 15.85303, 7.64839]
						},
						"0.7333": {
							"vector": [9.84584, 4.15599, 15.03241]
						},
						"0.8": {
							"vector": [9.77665, 5.80251, 14.43551]
						},
						"0.8667": {
							"vector": [6.77665, 5.80251, 14.43551]
						},
						"0.9333": {
							"vector": [6.85598, 4.18921, 15.11822]
						},
						"1.1": {
							"vector": [0.91192, 3.09309, 15.72168]
						},
						"1.2": {
							"vector": [0.91192, 3.09309, 15.72168]
						},
						"1.2333": {
							"vector": [0.91192, 3.09309, 15.72168]
						},
						"1.4": {
							"vector": [0, 0, 0]
						}
					},
					"position": {
						"0.0": {
							"vector": [0, 0, 0]
						},
						"0.0667": {
							"vector": [0, -8.975, 1.45]
						},
						"0.1333": {
							"vector": [0, -9.975, 4.45]
						},
						"0.2333": {
							"vector": [-0.73501, -10.25639, 3.34195]
						},
						"0.3333": {
							"vector": [-0.94563, -11.18605, 10.54467]
						},
						"0.5333": {
							"vector": [-6.25957, -30.90197, 11.01837]
						},
						"0.7333": {
							"vector": [-3.04712, -23.37247, 9.31472]
						},
						"0.8": {
							"vector": [-4.39279, -17.26886, 7.32167]
						},
						"0.8667": {
							"vector": [-2.15198, -15.81257, 6.8666]
						},
						"0.9333": {
							"vector": [-3.34611, -17.35785, 7.34648]
						},
						"1.1": {
							"vector": [-4.13111, -12.60721, 2.13904]
						},
						"1.2": {
							"vector": [-3.54447, -11.93354, 2.93408]
						},
						"1.2333": {
							"vector": [-3.1241, -11.18023, 1.77775]
						},
						"1.4": {
							"vector": [0, 0, 0]
						}
					}
				}
			},
			"sound_effects": {
				"0.1": {
					"effect": "lugerreload"
				}
			}
		},
		"animation.model.draw": {
			"loop": true,
			"animation_length": 1.2,
			"bones": {
				"main": {
					"rotation": {
						"0.0": {
							"vector": [32.09413, -54.38778, -8.29667]
						},
						"0.3667": {
							"vector": [0.50518, -5.08075, 6.8716],
							"easing": "easeOutSine"
						},
						"0.5": {
							"vector": [0.32389, -0.60235, -2.1558],
							"easing": "linear"
						},
						"0.6": {
							"vector": [0, 0, 0],
							"easing": "linear"
						}
					},
					"position": {
						"0.0": {
							"vector": [0, -17.3, 0]
						},
						"0.2667": {
							"vector": [-0.4, -2.525, -1.625],
							"easing": "linear"
						},
						"0.4": {
							"vector": [-0.05, 0, -2.49],
							"easing": "linear"
						},
						"0.5667": {
							"vector": [0, 0, 0],
							"easing": "linear"
						}
					}
				},
				"leftarm": {
					"rotation": {
						"0.0": {
							"vector": [0, 0, 0]
						},
						"0.2": {
							"vector": [1, 0, -10]
						},
						"0.4": {
							"vector": [0, 0, 0]
						}
					}
				}
			}
		},
		"animation.model.inspect": {
			"loop": true,
			"animation_length": 4.2667,
			"bones": {
				"main": {
					"rotation": {
						"0.0": {
							"vector": [0, 0, 0]
						},
						"0.1667": {
							"vector": [-8.41746, -13.59608, -21.21259],
							"easing": "linear"
						},
						"0.3": {
							"vector": [-8.39812, -20.10111, -31.77688]
						},
						"0.4333": {
							"vector": [-9.55676, -20.88889, -28.55629]
						},
						"0.5333": {
							"vector": [-8.77652, -21.21647, -30.72851]
						},
						"0.7667": {
							"vector": [-9.4227, -20.94881, -28.93303]
						},
						"1.0": {
							"vector": [-3.1216, -20.98207, -46.44405]
						},
						"1.1333": {
							"vector": [-4.564, -20.73064, -42.44007]
						},
						"1.2333": {
							"vector": [-4.86325, -20.9153, -41.60203]
						},
						"1.3333": {
							"vector": [-4.58308, -20.97575, -42.38574]
						},
						"1.4667": {
							"vector": [-4.01131, -21.08802, -43.97908]
						},
						"1.6": {
							"vector": [-4.38767, -21.01662, -42.9316]
						},
						"1.7": {
							"vector": [-4.18847, -21.05622, -43.48691],
							"easing": "linear"
						},
						"2.0333": {
							"vector": [-16.91438, 5.38499, 54.40399],
							"easing": "linear"
						},
						"2.1667": {
							"vector": [-15.22513, 5.80082, 60.04554]
						},
						"2.3": {
							"vector": [-15.70981, 5.86025, 59.48558]
						},
						"2.4333": {
							"vector": [-15.93602, 7.03904, 62.69373]
						},
						"2.5667": {
							"vector": [-15.60896, 7.75082, 65.23442]
						},
						"2.7333": {
							"vector": [-15.71675, 7.52491, 64.42194]
						},
						"2.9": {
							"vector": [-15.56389, 7.84019, 65.55973]
						},
						"3.1": {
							"vector": [-15.61778, 7.73186, 65.16659]
						},
						"3.2667": {
							"vector": [-15.9801, 6.93689, 62.33342]
						},
						"3.4": {
							"vector": [-8.86998, 2.42135, 33.56191]
						},
						"3.5333": {
							"vector": [0, -1.75, -2.75]
						},
						"3.7": {
							"vector": [0, 0, 0]
						}
					},
					"position": {
						"0.0": {
							"vector": [0, 0, 0]
						},
						"0.3": {
							"vector": [-0.475, 1.475, -6.7]
						},
						"0.4": {
							"vector": [-0.195, 1, -6.7]
						},
						"0.5333": {
							"vector": [-0.03, 0.725, -6.7]
						},
						"0.7": {
							"vector": [0, 1.125, -6.7]
						},
						"0.9": {
							"vector": [0.125, 1.4, -6.7]
						},
						"1.2": {
							"vector": [-0.02, 1.475, -6.7]
						},
						"1.4": {
							"vector": [0.11, 1.425, -6.7]
						},
						"1.6667": {
							"vector": [0.275, 1.25, -6.7]
						},
						"1.8": {
							"vector": [-0.13, -1.19, -6.7]
						},
						"1.9667": {
							"vector": [-0.545, -1.325, -6.7]
						},
						"2.1333": {
							"vector": [-0.415, -1.395, -6.7]
						},
						"2.2667": {
							"vector": [-0.525, -1.455, -6.7]
						},
						"2.4": {
							"vector": [-0.49, -1.43, -6.7]
						},
						"2.5667": {
							"vector": [-0.455, -1.5, -6.7]
						},
						"2.7667": {
							"vector": [-0.53, -1.5, -6.7]
						},
						"3.0": {
							"vector": [-0.49, -1.41, -6.7]
						},
						"3.2333": {
							"vector": [-0.545, -1.325, -6.7]
						},
						"3.3667": {
							"vector": [-1.005, -0.61, -6.7]
						},
						"3.6333": {
							"vector": [0, 0, 0]
						}
					}
				},
				"leftarm": {
					"rotation": {
						"0.0": {
							"vector": [0, 0, 0]
						},
						"0.1667": {
							"vector": [0, 0, -2.5]
						},
						"1.7333": {
							"vector": [0, 0, -2.5]
						},
						"2.0333": {
							"vector": [-20, 0, -45]
						},
						"3.3": {
							"vector": [-20, 0, -45]
						},
						"3.5667": {
							"vector": [0, 0, 0]
						}
					},
					"position": {
						"0.0": {
							"vector": [0, 0, 11]
						},
						"0.1667": {
							"vector": [11.23986, -30.20851, 24.64864]
						},
						"1.7333": {
							"vector": [11.23986, -30.20851, 24.64864]
						},
						"2.0333": {
							"vector": [4.39333, 7.51976, -3.82699]
						},
						"3.3": {
							"vector": [4.39333, 7.51976, -3.82699]
						},
						"3.5667": {
							"vector": [0, 0, 0]
						}
					}
				},
				"gun": {
					"rotation": {
						"0.0667": {
							"vector": [0, 0, 0]
						},
						"0.1667": {
							"vector": [0, 0, 0]
						},
						"1.8667": {
							"vector": [0, 0, 0]
						},
						"1.9667": {
							"vector": [0, 0, 0]
						}
					},
					"position": {
						"0.0667": {
							"vector": [0, 0, 0]
						},
						"0.1667": {
							"vector": [3.0625, 0, -1.3125]
						},
						"1.8667": {
							"vector": [3.0625, 0, -1.3125]
						},
						"1.9667": {
							"vector": [0, 0, 0]
						}
					}
				}
			}
		},
		"animation.model.reloadempty": {
			"loop": true,
			"animation_length": 2.2,
			"bones": {
				"main": {
					"rotation": {
						"0.1": {
							"vector": [0, 0, 0]
						},
						"0.2333": {
							"vector": [-5.21485, -2.95862, -15.29475]
						},
						"0.3": {
							"vector": [-5.32661, -2.7519, -13.05148]
						},
						"0.4": {
							"vector": [-6.02889, 0.16976, 5.24751]
						},
						"0.5": {
							"vector": [-6.24711, -1.203, -0.38662]
						},
						"0.6333": {
							"vector": [-6.11401, -0.24184, -2.94553]
						},
						"0.7667": {
							"vector": [-5.5641, -3.67217, -16.73407]
						},
						"0.9": {
							"vector": [-9.13595, -7.55317, -28.24841]
						},
						"1.0333": {
							"vector": [-8.4828, -8.28104, -32.98754]
						},
						"1.1667": {
							"vector": [-9.07014, -7.63227, -28.74648]
						},
						"1.2667": {
							"vector": [-6.70888, -8.74921, -39.37529]
						},
						"1.3667": {
							"vector": [-6.67274, -8.47385, -33.47033]
						},
						"1.5667": {
							"vector": [0, 0, 0]
						},
						"1.8": {
							"vector": [-12.2127, 2.68507, 34.7127]
						},
						"1.8667": {
							"vector": [-18.67299, 2.04075, 25.44108]
						},
						"1.9333": {
							"vector": [-24.93135, 2.99331, 20.91194]
						},
						"2.0667": {
							"vector": [-12.31594, -2.15393, 12.73242]
						},
						"2.2": {
							"vector": [0, 0, 0]
						}
					},
					"position": {
						"0.1": {
							"vector": [0, 0, 0]
						},
						"0.1667": {
							"vector": [-0.575, 0, 0]
						},
						"0.2667": {
							"vector": [-0.38, 0.875, 0.35]
						},
						"0.4": {
							"vector": [-0.705, -3.5, -0.675]
						},
						"0.5333": {
							"vector": [-1.2, -2.62, -1.475]
						},
						"0.7": {
							"vector": [-0.705, -1.9, -1.575]
						},
						"0.8333": {
							"vector": [-0.55, -1.27, -3.6]
						},
						"0.9667": {
							"vector": [-0.7, -0.55, -1.85]
						},
						"1.0667": {
							"vector": [-0.85, -0.45, -1.3]
						},
						"1.1333": {
							"vector": [-1.025, -0.475, -1.3]
						},
						"1.2333": {
							"vector": [-1.075, -0.2, -1.3]
						},
						"1.3": {
							"vector": [-1.575, 0.5, -0.775]
						},
						"1.4": {
							"vector": [-1.075, -0.225, -1.025]
						},
						"1.4667": {
							"vector": [0.34, -0.865, -2.46]
						},
						"2.2": {
							"vector": [0, 0, 0]
						}
					}
				},
				"bullet": {
					"position": {
						"0.0": {
							"vector": [0, -1, 0]
						},
						"0.6667": {
							"vector": [0, -1, 0]
						},
						"0.7": {
							"vector": [0, 0, 0]
						}
					}
				},
				"leftarm": {
					"rotation": {
						"0.0": {
							"vector": [0, 0, 0]
						},
						"0.0667": {
							"vector": [-19.45644, -5.86858, 7.49224]
						},
						"0.1333": {
							"vector": [-19.1063, -9.63723, 4.18713]
						},
						"0.2333": {
							"vector": [-15.03103, -13.37925, 0.82083]
						},
						"0.3333": {
							"vector": [43.07804, 15.85303, 7.64839]
						},
						"0.7333": {
							"vector": [9.84584, 4.15599, 15.03241]
						},
						"0.8": {
							"vector": [9.77665, 5.80251, 14.43551]
						},
						"0.8667": {
							"vector": [6.77665, 5.80251, 14.43551]
						},
						"0.9333": {
							"vector": [6.85598, 4.18921, 15.11822]
						},
						"1.1": {
							"vector": [0.91192, 3.09309, 15.72168]
						},
						"1.2": {
							"vector": [0.91192, 3.09309, 15.72168]
						},
						"1.2333": {
							"vector": [0.91192, 3.09309, 15.72168]
						},
						"1.5667": {
							"vector": [0.91, 3.09, 15.72]
						},
						"1.7667": {
							"vector": [0.98182, -24.394, -41.78463]
						},
						"1.8333": {
							"vector": [-0.13106, -16.53397, -46.15981]
						},
						"1.9": {
							"vector": [0.62501, -9.99141, -49.91252]
						},
						"2.1667": {
							"vector": [0, 0, 0]
						}
					},
					"position": {
						"0.0": {
							"vector": [0, 0, 0]
						},
						"0.0667": {
							"vector": [0, -8.975, 1.45]
						},
						"0.1333": {
							"vector": [0, -9.975, 4.45]
						},
						"0.2333": {
							"vector": [-0.73501, -10.25639, 3.34195]
						},
						"0.3333": {
							"vector": [-0.94563, -11.18605, 10.54467]
						},
						"0.5333": {
							"vector": [-6.25957, -30.90197, 11.01837]
						},
						"0.7333": {
							"vector": [-3.04712, -23.37247, 9.31472]
						},
						"0.8": {
							"vector": [-4.39279, -17.26886, 7.32167]
						},
						"0.8667": {
							"vector": [-2.15198, -15.81257, 6.8666]
						},
						"0.9333": {
							"vector": [-3.34611, -17.35785, 7.34648]
						},
						"1.1": {
							"vector": [-4.13111, -12.60721, 2.13904]
						},
						"1.2": {
							"vector": [-3.54447, -11.93354, 2.93408]
						},
						"1.2333": {
							"vector": [-3.1241, -11.18023, 1.77775]
						},
						"1.5667": {
							"vector": [4.54125, 2.08, 1.51]
						},
						"1.6333": {
							"vector": [3.3125, 6.06, 3.65]
						},
						"1.7": {
							"vector": [2.93625, 10.04, 5.78]
						},
						"1.7667": {
							"vector": [1.385, 14.0175, 7.91625]
						},
						"1.8333": {
							"vector": [-0.6475, 18.05125, 7.17]
						},
						"1.9": {
							"vector": [-0.65, 19.6125, 7.63875]
						},
						"1.9667": {
							"vector": [4.2875, 19.43, 8.97]
						},
						"2.0": {
							"vector": [4.225, 19.345, 9.63]
						},
						"2.1": {
							"vector": [2.93, 6.59, 2.15]
						},
						"2.1667": {
							"vector": [0, 0, 0]
						}
					}
				},
				"magazine": {
					"rotation": {
						"0.0": {
							"vector": [0, 0, 0]
						},
						"0.2333": {
							"vector": [0, 0, 0]
						},
						"0.6667": {
							"vector": [0, 0, 0]
						},
						"0.8": {
							"vector": [-8.5, -2, 1.25]
						},
						"0.9": {
							"vector": [-8.44764, 1.25068, -0.24794]
						},
						"0.9667": {
							"vector": [0.05781, 1.25044, 0.00212]
						},
						"1.0333": {
							"vector": [0, 0, -0.75]
						},
						"1.1": {
							"vector": [0, 0, 0]
						}
					},
					"position": {
						"0.0": {
							"vector": [0, 0, 0.3]
						},
						"0.2333": {
							"vector": [0, 0, 0]
						},
						"0.3333": {
							"vector": [0.03516, -22.25596, 8.80401]
						},
						"0.6667": {
							"vector": [0.36334, -22.45389, 5.56145]
						},
						"0.8": {
							"vector": [-0.02436, -6.30341, 1.67834]
						},
						"0.9": {
							"vector": [-0.25108, -6.43165, 1.56654]
						},
						"0.9667": {
							"vector": [-0.02575, -6.87604, 2.78305]
						},
						"1.0333": {
							"vector": [0.2848, -5.70227, 2.30542],
							"easing": "linear"
						},
						"1.1": {
							"vector": [0, 0, 0]
						}
					}
				},
				"gun": {
					"rotation": {
						"1.8": {
							"vector": [0, 0, 0]
						},
						"1.8667": {
							"vector": [0, 0, 0]
						},
						"1.9333": {
							"vector": [-5, 0, 0]
						},
						"2.1333": {
							"vector": [0, 0, 0]
						}
					},
					"position": {
						"1.8": {
							"vector": [0, 0, 0]
						},
						"1.8667": {
							"vector": [0, 0, 0]
						},
						"1.9333": {
							"vector": [0, 0, 0]
						},
						"2.1333": {
							"vector": [0, 0, 0]
						}
					}
				},
				"Mech1": {
					"rotation": {
						"0.0": {
							"vector": [-90, 0, 0]
						},
						"1.8333": {
							"vector": [-90, 0, 0]
						},
						"1.9": {
							"vector": [-105, 0, 0]
						},
						"2.0": {
							"vector": [0, 0, 0]
						}
					}
				},
				"slidemech": {
					"position": {
						"0.0": {
							"vector": [0, 0, 3.375]
						},
						"1.9": {
							"vector": [0, 0, 3.875]
						},
						"1.9667": {
							"vector": [0, 0, 0]
						}
					}
				},
				"Mech2": {
					"rotation": {
						"0.0": {
							"vector": [23.5, 0, 0]
						},
						"1.8333": {
							"vector": [23.5, 0, 0]
						},
						"1.9": {
							"vector": [21.17, 0, 0]
						},
						"1.9333": {
							"vector": [20, 0, 0]
						},
						"1.9667": {
							"vector": [0, 0, 0]
						}
					}
				}
			},
			"sound_effects": {
				"0.2667": {
					"effect": "lugerreloadempty_1"
				},
				"1.7667": {
					"effect": "lugerreloadempty_2"
				}
			}
		},
		"animation.model.fire": {
			"animation_length": 0.1333,
			"bones": {
				"Barrel": {
					"position": {
						"0.0": {
							"vector": [0, 0, 0]
						},
						"0.0667": {
							"vector": [0, 0, 0.625]
						},
						"0.1333": {
							"vector": [0, 0, 0]
						}
					}
				},
				"Mech1": {
					"rotation": {
						"0.0": {
							"vector": [0, 0, 0]
						},
						"0.0667": {
							"vector": [-90, 0, 0]
						}
					},
					"position": {
						"vector": [0, 0, 0]
					}
				},
				"Mech2": {
					"rotation": {
						"0.0": {
							"vector": [0, 0, 0]
						},
						"0.0333": {
							"vector": [20, 0, 0]
						},
						"0.0667": {
							"vector": [23.5, 0, 0]
						}
					}
				},
				"slidemech": {
					"position": {
						"0.0": {
							"vector": [0, 0, 0]
						},
						"0.0333": {
							"vector": [0, 0, 1.19]
						},
						"0.0667": {
							"vector": [0, 0, 3.375]
						}
					}
				},
				"Trigger": {
					"rotation": {
						"0.0": {
							"vector": [0, 0, 0]
						},
						"0.0333": {
							"vector": [7, 0, 0]
						},
						"0.0667": {
							"vector": [0, 0, 0],
							"easing": "easeOutElastic",
							"easingArgs": [0.1]
						}
					}
				},
				"main": {
					"rotation": {
						"0.0": {
							"vector": [0, 0, 0]
						},
						"0.0667": {
							"vector": [-5, 0, 0],
							"easing": "easeInOutSine"
						},
						"0.1333": {
							"vector": [0, 0, 0]
						}
					}
				},
				"rightarm": {
					"rotation": {
						"0.0": {
							"vector": [0, 0, 0]
						},
						"0.0667": {
							"vector": [5, 0, 0]
						},
						"0.1333": {
							"vector": [0, 0, 0]
						}
					},
					"position": {
						"0.0": {
							"vector": [0, 0, 0]
						},
						"0.0667": {
							"vector": [0, 1.61882, -0.14163]
						},
						"0.1333": {
							"vector": [0, 0, 0]
						}
					}
				},
				"leftarm": {
					"rotation": {
						"0.0": {
							"vector": [0, 0, 0]
						},
						"0.0667": {
							"vector": [3.93492, 3.0934, 0.22142]
						},
						"0.1333": {
							"vector": [0, 0, 0]
						}
					},
					"position": {
						"0.0": {
							"vector": [0, 0, 0]
						},
						"0.0667": {
							"vector": [0, 0.49536, -0.06364]
						},
						"0.1333": {
							"vector": [0, 0, 0]
						}
					}
				}
			}
		}
	},
	"geckolib_format_version": 2
}