{
	"format_version": "1.8.0",
	"animations": {
		"animation.model.prepare": {
			"animation_length": 1.3333,
			"bones": {
				"main": {
					"rotation": {
						"0.0": {
							"vector": [0, 0, 0]
						},
						"0.2083": {
							"vector": [-5.58, -1.54, 0]
						},
						"0.5417": {
							"vector": [-5.36856, -4.08419, 10.19938]
						},
						"0.7917": {
							"vector": [-7.68472, -19.93989, 0.57543]
						},
						"1.0": {
							"vector": [-19.56151, -14.63599, 17.205]
						},
						"1.25": {
							"vector": [-29.90184, -14.527, 32.67604]
						}
					},
					"position": {
						"0.0": {
							"vector": [0, 0, 0]
						},
						"0.2083": {
							"vector": [0, 0, 1.15]
						},
						"0.5417": {
							"vector": [0, 0, 3]
						},
						"0.7917": {
							"vector": [0, 0, 3],
							"easing": "easeInBounce"
						},
						"1.0": {
							"vector": [0, 0, 3]
						},
						"1.25": {
							"vector": [0, 0, 3]
						}
					}
				},
				"Part1": {
					"rotation": {
						"0.2917": {
							"vector": [0, 0, 0]
						},
						"0.375": {
							"vector": [0, 0, 7]
						},
						"0.4583": {
							"vector": [0, 0, 14],
							"easing": "linear"
						},
						"0.5": {
							"vector": [0, 0, 21]
						},
						"0.5417": {
							"vector": [0, 0, 28],
							"easing": "linear"
						},
						"0.5833": {
							"vector": [0, 0, 35]
						},
						"0.625": {
							"vector": [0, 0, 42],
							"easing": "linear"
						},
						"0.6667": {
							"vector": [0, 0, 62],
							"easing": "linear"
						},
						"0.7083": {
							"vector": [0, 0, 76]
						},
						"0.75": {
							"vector": [0, 0, 90],
							"easing": "linear"
						}
					},
					"position": {
						"0.2917": {
							"vector": [-0.25, 0, 0]
						},
						"0.375": {
							"vector": [-3.25, 0, 0]
						},
						"0.4583": {
							"vector": [-6.5, 0.5, 0]
						},
						"0.5": {
							"vector": [-9.3, 1.48, 0]
						},
						"0.5417": {
							"vector": [-12.1, 2.6, 0],
							"easing": "linear"
						},
						"0.5833": {
							"vector": [-15, 4.1, 0]
						},
						"0.625": {
							"vector": [-17.5, 5.6, 0]
						},
						"0.6667": {
							"vector": [-23.6, 12.6, 0]
						},
						"0.7083": {
							"vector": [-26, 18.6, 0]
						},
						"0.75": {
							"vector": [-26.9, 24.6, 0]
						}
					}
				},
				"rightarm": {
					"rotation": {
						"0.6667": {
							"vector": [0, 0, 0]
						},
						"0.75": {
							"vector": [0, 10, 0]
						},
						"0.7917": {
							"vector": [0, 10, 0]
						},
						"0.9583": {
							"vector": [0, 0, 0]
						},
						"1.0833": {
							"vector": [0, 0, 0]
						},
						"1.25": {
							"vector": [8.35989, -0.21, 1.67]
						}
					},
					"position": {
						"0.6667": {
							"vector": [0, 0, 0]
						},
						"0.75": {
							"vector": [-6.04456, 2.30511, -4.9206]
						},
						"0.7917": {
							"vector": [-6.75482, 5.07608, -12.81543]
						},
						"0.9583": {
							"vector": [-9.7103, 4.42644, -2.24304]
						},
						"1.0833": {
							"vector": [-9.71, 4.43, -2.24]
						},
						"1.25": {
							"vector": [-12, 10, 17]
						}
					}
				},
				"Bolt": {
					"position": {
						"0.0": {
							"vector": [0, 0, 0]
						},
						"0.7917": {
							"vector": [0, 0, 0]
						},
						"0.9583": {
							"vector": [0, 0, 10]
						}
					}
				},
				"bullet2": {
					"rotation": {
						"0.7917": {
							"vector": [0, 0, 0]
						},
						"0.9583": {
							"vector": [0, 0, 0]
						},
						"1.0417": {
							"vector": [-17.5, 15, 0]
						},
						"1.125": {
							"vector": [-43.36346, 12.6423, -21.90465]
						},
						"1.2083": {
							"vector": [-83.36, 12.64, -21.9]
						},
						"1.2917": {
							"vector": [-138.36, 12.64, -21.9]
						}
					},
					"position": {
						"0.7917": {
							"vector": [-0.44, 1.13, 1.005]
						},
						"0.9583": {
							"vector": [-0.4375, 1.125, 10.4375]
						},
						"1.0417": {
							"vector": [-4.2739, 5.8345, 15.4537]
						},
						"1.125": {
							"vector": [-11.83822, 22.93654, 20.11998]
						},
						"1.2083": {
							"vector": [-25.88343, 39.09497, 25.55863]
						},
						"1.2917": {
							"vector": [-56.83269, 53.09012, 34.50927]
						}
					}
				},
				"leftarm": {
					"rotation": {
						"0.0": {
							"vector": [0, 0, 0]
						},
						"0.2083": {
							"vector": [0, 0, -12.5]
						},
						"0.5417": {
							"vector": [0, 0, -27.5]
						},
						"0.875": {
							"vector": [0, 0, -22.5]
						},
						"1.2083": {
							"vector": [0, 0, -30]
						}
					},
					"position": {
						"0.0": {
							"vector": [0, 0, 0]
						},
						"0.2083": {
							"vector": [1.2331, 1.12104, 7.05041]
						},
						"0.5417": {
							"vector": [3.9175, 5.12, 7.05]
						},
						"0.875": {
							"vector": [3.2956, 3.37104, 4.61291]
						},
						"1.2083": {
							"vector": [4.4831, 6.05854, 4.61291]
						}
					}
				},
				"bullet": {
					"rotation": {
						"0.9583": {
							"vector": [2.5, 0, 0]
						},
						"1.0417": {
							"vector": [2.5, 0, 0]
						}
					},
					"position": {
						"0.9583": {
							"vector": [0, 2.17, 10.005]
						},
						"1.0417": {
							"vector": [0, 3.2325, 10.005]
						}
					}
				}
			},
			"sound_effects": {
				"0.4167": {
					"effect": "m95prepare"
				}
			}
		},
		"animation.model.preparealt": {
			"animation_length": 1.25,
			"bones": {
				"main": {
					"rotation": {
						"0.0": {
							"vector": [0, 0, 0]
						},
						"0.2083": {
							"vector": [-5.58, -1.54, 0]
						},
						"0.5417": {
							"vector": [-5.36856, -4.08419, 10.19938]
						},
						"0.7917": {
							"vector": [-7.68472, -19.93989, 0.57543]
						},
						"1.0": {
							"vector": [-19.56151, -14.63599, 17.205]
						},
						"1.25": {
							"vector": [-29.90184, -14.527, 32.67604]
						}
					},
					"position": {
						"0.0": {
							"vector": [0, 0, 0]
						},
						"0.2083": {
							"vector": [0, 0, 1.15]
						},
						"0.5417": {
							"vector": [0, 0, 3]
						},
						"0.7917": {
							"vector": [0, 0, 3],
							"easing": "easeInBounce"
						},
						"1.0": {
							"vector": [0, 0, 3]
						},
						"1.25": {
							"vector": [0, 0, 3]
						}
					}
				},
				"Part1": {
					"rotation": {
						"0.2917": {
							"vector": [0, 0, 0]
						},
						"0.375": {
							"vector": [0, 0, 7]
						},
						"0.4583": {
							"vector": [0, 0, 14],
							"easing": "linear"
						},
						"0.5": {
							"vector": [0, 0, 21]
						},
						"0.5417": {
							"vector": [0, 0, 28],
							"easing": "linear"
						},
						"0.5833": {
							"vector": [0, 0, 35]
						},
						"0.625": {
							"vector": [0, 0, 42],
							"easing": "linear"
						},
						"0.6667": {
							"vector": [0, 0, 62],
							"easing": "linear"
						},
						"0.7083": {
							"vector": [0, 0, 76]
						},
						"0.75": {
							"vector": [0, 0, 90],
							"easing": "linear"
						}
					},
					"position": {
						"0.2917": {
							"vector": [-0.25, 0, 0]
						},
						"0.375": {
							"vector": [-3.25, 0, 0]
						},
						"0.4583": {
							"vector": [-6.5, 0.5, 0]
						},
						"0.5": {
							"vector": [-9.3, 1.48, 0]
						},
						"0.5417": {
							"vector": [-12.1, 2.6, 0],
							"easing": "linear"
						},
						"0.5833": {
							"vector": [-15, 4.1, 0]
						},
						"0.625": {
							"vector": [-17.5, 5.6, 0]
						},
						"0.6667": {
							"vector": [-23.6, 12.6, 0]
						},
						"0.7083": {
							"vector": [-26, 18.6, 0]
						},
						"0.75": {
							"vector": [-26.9, 24.6, 0]
						}
					}
				},
				"rightarm": {
					"rotation": {
						"0.6667": {
							"vector": [0, 0, 0]
						},
						"0.75": {
							"vector": [0, 10, 0]
						},
						"0.7917": {
							"vector": [0, 10, 0]
						},
						"0.9583": {
							"vector": [0, 0, 0]
						},
						"1.0833": {
							"vector": [0, 0, 0]
						},
						"1.25": {
							"vector": [8.35989, -0.21, 1.67]
						}
					},
					"position": {
						"0.6667": {
							"vector": [0, 0, 0]
						},
						"0.75": {
							"vector": [-6.04456, 2.30511, -4.9206]
						},
						"0.7917": {
							"vector": [-6.75482, 5.07608, -12.81543]
						},
						"0.9583": {
							"vector": [-9.7103, 4.42644, -2.24304]
						},
						"1.0833": {
							"vector": [-9.71, 4.43, -2.24]
						},
						"1.25": {
							"vector": [-12, 10, 17]
						}
					}
				},
				"Bolt": {
					"position": {
						"0.0": {
							"vector": [0, 0, 0]
						},
						"0.7917": {
							"vector": [0, 0, 0]
						},
						"0.9583": {
							"vector": [0, 0, 10]
						}
					}
				},
				"leftarm": {
					"rotation": {
						"0.0": {
							"vector": [0, 0, 0]
						},
						"0.2083": {
							"vector": [0, 0, -12.5]
						},
						"0.5417": {
							"vector": [0, 0, -27.5]
						},
						"0.875": {
							"vector": [0, 0, -22.5]
						},
						"1.2083": {
							"vector": [0, 0, -30]
						}
					},
					"position": {
						"0.0": {
							"vector": [0, 0, 0]
						},
						"0.2083": {
							"vector": [1.2331, 1.12104, 7.05041]
						},
						"0.5417": {
							"vector": [3.9175, 5.12, 7.05]
						},
						"0.875": {
							"vector": [3.2956, 3.37104, 4.61291]
						},
						"1.2083": {
							"vector": [4.4831, 6.05854, 4.61291]
						}
					}
				}
			},
			"sound_effects": {
				"0.4167": {
					"effect": "m95prepare"
				}
			}
		},
		"animation.model.loadclip": {
			"animation_length": 1.2083,
			"bones": {
				"main": {
					"rotation": {
						"0.0": {
							"vector": [-29.90184, -14.527, 32.67604]
						},
						"0.625": {
							"vector": [-27.4, -14.53, 32.68],
							"easing": "easeInSine"
						},
						"0.75": {
							"vector": [-28.76478, -16.7251, 33.92249]
						},
						"0.875": {
							"vector": [-29.90184, -14.527, 32.67604]
						}
					},
					"position": {
						"0.0": {
							"vector": [0, 0, 3]
						},
						"0.625": {
							"vector": [0, 0, 3]
						},
						"0.75": {
							"vector": [0, 0, 3]
						},
						"0.875": {
							"vector": [0, 0, 3]
						}
					}
				},
				"Bolt": {
					"position": {
						"vector": [0, 0, 12]
					}
				},
				"bullet2": {
					"rotation": {
						"0.375": {
							"vector": [2.5, 0, 0]
						},
						"0.4583": {
							"vector": [2.5, 0, 0]
						}
					},
					"position": {
						"0.0": {
							"vector": [0, -1.62, 9]
						},
						"0.375": {
							"vector": [0, -1.375, 9]
						},
						"0.4583": {
							"vector": [-0.4375, 1.5, 10.25]
						}
					}
				},
				"rightarm": {
					"rotation": {
						"0.0": {
							"vector": [8.35989, -0.21, 1.67]
						},
						"0.0833": {
							"vector": [4.67886, 12.23807, 0.60075]
						},
						"0.1667": {
							"vector": [0.94037, 14.76373, 0.77652]
						},
						"0.2917": {
							"vector": [0.90724, 7.39462, 2.196]
						},
						"0.3333": {
							"vector": [0.91, 7.39, 2.2]
						},
						"0.375": {
							"vector": [8.41, 7.39, 2.2]
						},
						"0.4583": {
							"vector": [8.41, 7.39, 2.2]
						},
						"0.5417": {
							"vector": [16.04416, 6.79012, 9.70827]
						},
						"0.5833": {
							"vector": [19.31483, 5.2119, 17.12691]
						},
						"0.6667": {
							"vector": [12.04, 6.66, 7.18]
						},
						"0.9167": {
							"vector": [16.77536, 16.44356, 1.20843]
						},
						"0.9583": {
							"vector": [18.43437, 12.27669, 0.49149]
						},
						"1.2083": {
							"vector": [8.35989, -0.21, 1.67]
						}
					},
					"position": {
						"0.0": {
							"vector": [-12, 10, 17]
						},
						"0.0833": {
							"vector": [-10, 12.19, 6.94]
						},
						"0.1667": {
							"vector": [-8, 14.375, -3.125]
						},
						"0.25": {
							"vector": [-4.25, 17.835, -13.2]
						},
						"0.2917": {
							"vector": [-2, 18.255, -18.245]
						},
						"0.3333": {
							"vector": [-2, 18.26, -18.24]
						},
						"0.375": {
							"vector": [-2, 18.26, -18.24]
						},
						"0.4583": {
							"vector": [-2, 18.26, -18.24]
						},
						"0.5417": {
							"vector": [-3.295, 15.09, -15.91]
						},
						"0.5833": {
							"vector": [-4, 15.76, -14.74]
						},
						"0.6667": {
							"vector": [-2.67, 17.43, -17.07]
						},
						"0.9583": {
							"vector": [-9.875, 14, 1.375]
						},
						"1.2083": {
							"vector": [-12, 10, 17]
						}
					}
				},
				"clip": {
					"rotation": {
						"0.0": {
							"vector": [-10, 0, 0]
						},
						"0.1667": {
							"vector": [-5, 0, 0]
						},
						"0.2917": {
							"vector": [-5, 0, 0]
						},
						"0.375": {
							"vector": [0, 0, 0]
						},
						"0.4583": {
							"vector": [0, 0, 0]
						},
						"0.5417": {
							"vector": [0, 0, 0]
						}
					},
					"position": {
						"0.0": {
							"vector": [-9.5, 1.125, 33.125]
						},
						"0.1667": {
							"vector": [-9.5, 9.255, 11.13]
						},
						"0.2917": {
							"vector": [0, 8.25, -3.245]
						},
						"0.375": {
							"vector": [0, 7.875, -3.24]
						},
						"0.4583": {
							"vector": [0, 7.875, -3.24]
						},
						"0.5417": {
							"vector": [0, 0, 0]
						}
					}
				},
				"leftarm": {
					"rotation": {
						"0.0": {
							"vector": [0, 0, -30]
						},
						"0.2917": {
							"vector": [0, 0, -30]
						},
						"0.5": {
							"vector": [-5, 0, -30]
						},
						"0.5417": {
							"vector": [-4.77718, 2.8335, -25.87394]
						},
						"0.7083": {
							"vector": [-5, 0, -30]
						},
						"0.8333": {
							"vector": [0, 0, -30]
						}
					},
					"position": {
						"0.0": {
							"vector": [4.4831, 6.05854, 4.61291]
						},
						"0.2917": {
							"vector": [4.4831, 6.05854, 4.61291]
						},
						"0.5": {
							"vector": [5.7331, 6.05854, 4.61291]
						},
						"0.5417": {
							"vector": [5.73, 4.6225, 4.61]
						},
						"0.7083": {
							"vector": [5.7331, 6.05854, 4.61291]
						},
						"0.8333": {
							"vector": [4.4831, 6.05854, 4.61291]
						}
					}
				}
			}
		},
		"animation.model.loadfirst": {
			"animation_length": 0.8333,
			"bones": {
				"main": {
					"rotation": {
						"0.0": {
							"vector": [-29.90184, -14.527, 32.67604]
						},
						"0.4167": {
							"vector": [-27.4, -14.53, 32.68],
							"easing": "easeInSine"
						},
						"0.5": {
							"vector": [-27.33848, -19.07778, 29.28558]
						},
						"0.625": {
							"vector": [-27.68183, -18.42067, 26.93961]
						},
						"0.8333": {
							"vector": [-29.90184, -14.527, 32.67604]
						}
					},
					"position": {
						"0.0": {
							"vector": [0, 0, 3]
						},
						"0.4167": {
							"vector": [0, 0, 3]
						},
						"0.5": {
							"vector": [0, -0.5625, 3]
						},
						"0.8333": {
							"vector": [0, 0, 3]
						}
					}
				},
				"Part1": {
					"rotation": {
						"vector": ["linear", "linear", "linear"]
					},
					"position": {
						"vector": [-26.9, 24.6, 0]
					}
				},
				"rightarm": {
					"rotation": {
						"0.0": {
							"vector": [8.35989, -0.21, 1.67]
						},
						"0.125": {
							"vector": [8.44037, 14.76373, 0.77652]
						},
						"0.25": {
							"vector": [8.44, 14.76, 0.78]
						},
						"0.375": {
							"vector": [18.44, 14.76, 0.78]
						},
						"0.4167": {
							"vector": [18.43437, 12.27669, 0.49149]
						},
						"0.625": {
							"vector": [18.43437, 12.27669, 0.49149]
						},
						"0.8333": {
							"vector": [8.35989, -0.21, 1.67]
						}
					},
					"position": {
						"0.0": {
							"vector": [-12, 10, 17]
						},
						"0.125": {
							"vector": [-8, 10, -3.125]
						},
						"0.25": {
							"vector": [-6, 10, -16]
						},
						"0.375": {
							"vector": [-3, 14, -11]
						},
						"0.4167": {
							"vector": [-2, 14, -15.125]
						},
						"0.625": {
							"vector": [-6.625, 14, -9]
						},
						"0.75": {
							"vector": [-8.25, 13, -4]
						},
						"0.8333": {
							"vector": [-13.375, 10, 17]
						}
					}
				},
				"Bolt": {
					"position": {
						"vector": [0, 0, 12]
					}
				},
				"bullet2": {
					"rotation": {
						"0.0": {
							"vector": [-4.89, 2.71, 2.28]
						},
						"0.125": {
							"vector": [7.60732, -2.24603, 1.61817]
						},
						"0.25": {
							"vector": [7.63022, -4.72793, 1.2879]
						},
						"0.375": {
							"vector": [7.66479, -7.20777, 0.95552]
						},
						"0.4583": {
							"vector": [2.5, 0, 0]
						}
					},
					"position": {
						"0.0": {
							"vector": [-6, 2.4375, 44.75],
							"easing": "linear"
						},
						"0.125": {
							"vector": [-6.5, 5.9375, 22]
						},
						"0.25": {
							"vector": [-4.9375, 4, 7]
						},
						"0.375": {
							"vector": [-2.25, 5.9375, 9.75]
						},
						"0.4167": {
							"vector": [-1.34, 3.72, 8.875]
						},
						"0.4583": {
							"vector": [-0.4375, 1.5, 10.25]
						}
					}
				},
				"leftarm": {
					"rotation": {
						"0.0": {
							"vector": [0, 0, -30]
						},
						"0.2917": {
							"vector": [0, 0, -30]
						},
						"0.5": {
							"vector": [-5, 0, -30]
						},
						"0.5417": {
							"vector": [-4.77718, 2.8335, -25.87394]
						},
						"0.7083": {
							"vector": [-5, 0, -30]
						},
						"0.8333": {
							"vector": [0, 0, -30]
						}
					},
					"position": {
						"0.0": {
							"vector": [4.4831, 6.05854, 4.61291]
						},
						"0.2917": {
							"vector": [4.4831, 6.05854, 4.61291]
						},
						"0.5": {
							"vector": [5.7331, 6.05854, 4.61291]
						},
						"0.5417": {
							"vector": [5.73, 4.6225, 4.61]
						},
						"0.7083": {
							"vector": [5.7331, 6.05854, 4.61291]
						},
						"0.8333": {
							"vector": [4.4831, 6.05854, 4.61291]
						}
					}
				}
			},
			"sound_effects": {
				"0.0833": {
					"effect": "boltsingleload"
				}
			}
		},
		"animation.model.load": {
			"animation_length": 0.8333,
			"bones": {
				"main": {
					"rotation": {
						"0.0": {
							"vector": [-29.90184, -14.527, 32.67604]
						},
						"0.4167": {
							"vector": [-27.4, -14.53, 32.68],
							"easing": "easeInSine"
						},
						"0.5": {
							"vector": [-27.33848, -19.07778, 29.28558]
						},
						"0.625": {
							"vector": [-27.68183, -18.42067, 26.93961]
						},
						"0.8333": {
							"vector": [-29.90184, -14.527, 32.67604]
						}
					},
					"position": {
						"0.0": {
							"vector": [0, 0, 3]
						},
						"0.4167": {
							"vector": [0, 0, 3]
						},
						"0.5": {
							"vector": [0, -0.5625, 3]
						},
						"0.8333": {
							"vector": [0, 0, 3]
						}
					}
				},
				"Part1": {
					"rotation": {
						"vector": ["linear", "linear", "linear"]
					},
					"position": {
						"vector": [-26.9, 24.6, 0]
					}
				},
				"rightarm": {
					"rotation": {
						"0.0": {
							"vector": [8.35989, -0.21, 1.67]
						},
						"0.125": {
							"vector": [8.44037, 14.76373, 0.77652]
						},
						"0.25": {
							"vector": [8.44, 14.76, 0.78]
						},
						"0.375": {
							"vector": [18.44, 14.76, 0.78]
						},
						"0.4167": {
							"vector": [18.43437, 12.27669, 0.49149]
						},
						"0.625": {
							"vector": [18.43437, 12.27669, 0.49149]
						},
						"0.8333": {
							"vector": [8.35989, -0.21, 1.67]
						}
					},
					"position": {
						"0.0": {
							"vector": [-12, 10, 17]
						},
						"0.125": {
							"vector": [-8, 10, -3.125]
						},
						"0.25": {
							"vector": [-6, 10, -16]
						},
						"0.375": {
							"vector": [-3, 14, -11]
						},
						"0.4167": {
							"vector": [-2, 14, -15.125]
						},
						"0.625": {
							"vector": [-6.625, 14, -9]
						},
						"0.75": {
							"vector": [-8.25, 13, -4]
						},
						"0.8333": {
							"vector": [-12, 10, 17]
						}
					}
				},
				"Bolt": {
					"position": {
						"vector": [0, 0, 12]
					}
				},
				"bullet": {
					"rotation": {
						"vector": [2.5, 0, 0]
					},
					"position": {
						"0.0": {
							"vector": [0, 3.2325, 10.005]
						},
						"0.2917": {
							"vector": [0, 3.2325, 10.005]
						},
						"0.375": {
							"vector": [0, 3.1925, 10.005]
						},
						"0.4167": {
							"vector": [0, 2.0675, 10.005]
						}
					}
				},
				"bullet2": {
					"rotation": {
						"0.0": {
							"vector": [-4.89, 2.71, 2.28]
						},
						"0.125": {
							"vector": [7.60732, -2.24603, 1.61817]
						},
						"0.25": {
							"vector": [7.63022, -4.72793, 1.2879]
						},
						"0.375": {
							"vector": [7.66479, -7.20777, 0.95552]
						},
						"0.4167": {
							"vector": [2.5, 0, 0]
						}
					},
					"position": {
						"0.0": {
							"vector": [-6, 2.4375, 44.75],
							"easing": "linear"
						},
						"0.125": {
							"vector": [-6.5, 5.9375, 22]
						},
						"0.25": {
							"vector": [-4.9375, 4, 7]
						},
						"0.375": {
							"vector": [-2.25, 5.9375, 9.75]
						},
						"0.4167": {
							"vector": [-0.4375, 1.5, 10.25]
						}
					}
				},
				"leftarm": {
					"rotation": {
						"0.0": {
							"vector": [0, 0, -30]
						},
						"0.2917": {
							"vector": [0, 0, -30]
						},
						"0.5": {
							"vector": [-5, 0, -30]
						},
						"0.5417": {
							"vector": [-4.77718, 2.8335, -25.87394]
						},
						"0.7083": {
							"vector": [-5, 0, -30]
						},
						"0.8333": {
							"vector": [0, 0, -30]
						}
					},
					"position": {
						"0.0": {
							"vector": [4.4831, 6.05854, 4.61291]
						},
						"0.2917": {
							"vector": [4.4831, 6.05854, 4.61291]
						},
						"0.5": {
							"vector": [5.7331, 6.05854, 4.61291]
						},
						"0.5417": {
							"vector": [5.73, 4.6225, 4.61]
						},
						"0.7083": {
							"vector": [5.7331, 6.05854, 4.61291]
						},
						"0.8333": {
							"vector": [4.4831, 6.05854, 4.61291]
						}
					}
				}
			},
			"sound_effects": {
				"0.0833": {
					"effect": "boltsingleload"
				}
			}
		},
		"animation.model.finish": {
			"animation_length": 1,
			"bones": {
				"main": {
					"rotation": {
						"0.0": {
							"vector": [-29.90184, -14.527, 32.67604]
						},
						"0.1667": {
							"vector": [-19.56151, -14.63599, 17.205]
						},
						"0.4583": {
							"vector": [-7.68472, -19.93989, 0.57543]
						},
						"0.6667": {
							"vector": [5, -2.5, 0]
						},
						"0.7917": {
							"vector": [1.92, -1.54, 0]
						},
						"1.0": {
							"vector": [0, 0, 0]
						}
					},
					"position": {
						"0.0": {
							"vector": [0, 0, 3]
						},
						"0.1667": {
							"vector": [0, 0, 3]
						},
						"0.4583": {
							"vector": [0, 0, 3],
							"easing": "easeInBounce"
						},
						"0.6667": {
							"vector": [0, 0, 3]
						},
						"0.7917": {
							"vector": [0, 0, 1.15]
						},
						"1.0": {
							"vector": [0, 0, 0]
						}
					}
				},
				"Part1": {
					"rotation": {
						"0.4167": {
							"vector": [0, 0, 90],
							"easing": "linear"
						},
						"0.4583": {
							"vector": [0, 0, 76]
						},
						"0.5": {
							"vector": [0, 0, 62],
							"easing": "linear"
						},
						"0.5417": {
							"vector": [0, 0, 42],
							"easing": "linear"
						},
						"0.5833": {
							"vector": [0, 0, 35]
						},
						"0.625": {
							"vector": [0, 0, 28],
							"easing": "linear"
						},
						"0.6667": {
							"vector": [0, 0, 21]
						},
						"0.7083": {
							"vector": [0, 0, 14],
							"easing": "linear"
						},
						"0.7917": {
							"vector": [0, 0, 7]
						},
						"0.875": {
							"vector": [0, 0, 0]
						}
					},
					"position": {
						"0.4167": {
							"vector": [-26.9, 24.6, 0]
						},
						"0.4583": {
							"vector": [-26, 18.6, 0]
						},
						"0.5": {
							"vector": [-23.6, 12.6, 0]
						},
						"0.5417": {
							"vector": [-17.5, 5.6, 0]
						},
						"0.5833": {
							"vector": [-15, 4.1, 0]
						},
						"0.625": {
							"vector": [-12.1, 2.6, 0],
							"easing": "linear"
						},
						"0.6667": {
							"vector": [-9.3, 1.48, 0]
						},
						"0.7083": {
							"vector": [-6.5, 0.5, 0]
						},
						"0.7917": {
							"vector": [-3.25, 0, 0]
						},
						"0.875": {
							"vector": [-0.25, 0, 0]
						}
					}
				},
				"rightarm": {
					"rotation": {
						"0.0": {
							"vector": [8.35989, -0.21, 1.67]
						},
						"0.0833": {
							"vector": [-7.67944, -0.21459, 1.66547]
						},
						"0.375": {
							"vector": [0, 10, 0]
						},
						"0.5833": {
							"vector": [-15.33, -0.16, 4]
						},
						"0.8333": {
							"vector": [0, 0, 0]
						}
					},
					"position": {
						"0.0": {
							"vector": [-12, 10, 17]
						},
						"0.0833": {
							"vector": [-8.375, 7.25, -2]
						},
						"0.375": {
							"vector": [-6.75482, 5.07608, -12.81543]
						},
						"0.5833": {
							"vector": [-12.5, 6, -9]
						},
						"0.8333": {
							"vector": [0, 0, 0]
						}
					}
				},
				"Bolt": {
					"position": {
						"0.0833": {
							"vector": [0, 0, 12]
						},
						"0.2917": {
							"vector": [0, 0, 0]
						}
					}
				},
				"bullet2": {
					"rotation": {
						"0.0": {
							"vector": [2.5, 0, 0]
						},
						"0.125": {
							"vector": [2.5, 0, 0]
						}
					},
					"position": {
						"0.0": {
							"vector": [-0.4375, 1.5, 10.25]
						},
						"0.125": {
							"vector": [-0.4375, 1.5, 10.25]
						},
						"0.1667": {
							"vector": [-0.44, 1.47, 7.7775]
						},
						"0.2083": {
							"vector": [-0.44, 1.41, 5.34]
						},
						"0.2917": {
							"vector": [-0.44, 1.375, 0.625]
						}
					}
				},
				"leftarm": {
					"rotation": {
						"0.0": {
							"vector": [0, 0, -30]
						},
						"0.7917": {
							"vector": [0, 0, 0]
						}
					},
					"position": {
						"0.0": {
							"vector": [4.4831, 6.05854, 4.61291]
						},
						"0.7917": {
							"vector": [0, 0, 0]
						}
					}
				}
			},
			"sound_effects": {
				"0.0": {
					"effect": "m95finish1"
				}
			}
		},
		"animation.model.draw": {
			"loop": "hold_on_last_frame",
			"animation_length": 0.65,
			"bones": {
				"main": {
					"rotation": {
						"0.0": {
							"vector": [32.09413, -54.38778, -8.29667]
						},
						"0.35": {
							"vector": [0.50518, -5.08075, 6.8716],
							"easing": "easeOutSine"
						},
						"0.5": {
							"vector": [0.32389, -0.60235, -2.1558],
							"easing": "linear"
						},
						"0.6": {
							"vector": [0, 0, 0],
							"easing": "linear"
						}
					},
					"position": {
						"0.0": {
							"vector": [0, -17.3, 0]
						},
						"0.25": {
							"vector": [-0.4, -2.525, -1.625],
							"easing": "linear"
						},
						"0.4": {
							"vector": [-0.05, 0, -2.49],
							"easing": "linear"
						},
						"0.55": {
							"vector": [0, 0, 0],
							"easing": "linear"
						}
					}
				},
				"leftarm": {
					"rotation": {
						"0.0": {
							"vector": [0, 0, 0]
						},
						"0.2": {
							"vector": [1, 0, -22]
						},
						"0.4": {
							"vector": [0, 0, 0]
						}
					},
					"position": {
						"0.0": {
							"vector": [0, 0, 0]
						},
						"0.2": {
							"vector": [3.53901, 3.6754, 5.59783]
						},
						"0.3": {
							"vector": [1.709, 2.09577, 8.0672]
						},
						"0.4": {
							"vector": [0, 0, 0]
						},
						"0.5": {
							"vector": [0.04205, 0.67228, 3.94288]
						},
						"0.65": {
							"vector": [0, 0, 0]
						}
					}
				}
			},
			"sound_effects": {
				"0.0": {
					"effect": "trauma_equip"
				}
			}
		},
		"animation.model.inspect": {
			"loop": true,
			"animation_length": 4.2667,
			"bones": {
				"main": {
					"rotation": {
						"0.0": {
							"vector": [0, 0, 0]
						},
						"0.1667": {
							"vector": [-8.41746, -13.59608, -21.21259],
							"easing": "linear"
						},
						"0.3": {
							"vector": [-8.39812, -20.10111, -31.77688]
						},
						"0.4333": {
							"vector": [-9.55676, -20.88889, -28.55629]
						},
						"0.5333": {
							"vector": [-8.77652, -21.21647, -30.72851]
						},
						"0.7667": {
							"vector": [-9.4227, -20.94881, -28.93303]
						},
						"1.0": {
							"vector": [-3.1216, -20.98207, -46.44405]
						},
						"1.1333": {
							"vector": [-4.564, -20.73064, -42.44007]
						},
						"1.2333": {
							"vector": [-4.86325, -20.9153, -41.60203]
						},
						"1.3333": {
							"vector": [-4.58308, -20.97575, -42.38574]
						},
						"1.4667": {
							"vector": [-4.01131, -21.08802, -43.97908]
						},
						"1.6": {
							"vector": [-4.38767, -21.01662, -42.9316]
						},
						"1.7": {
							"vector": [-4.18847, -21.05622, -43.48691],
							"easing": "linear"
						},
						"2.0333": {
							"vector": [-16.91438, 5.38499, 54.40399],
							"easing": "linear"
						},
						"2.1667": {
							"vector": [-15.22513, 5.80082, 60.04554]
						},
						"2.3": {
							"vector": [-15.70981, 5.86025, 59.48558]
						},
						"2.4333": {
							"vector": [-15.93602, 7.03904, 62.69373]
						},
						"2.5667": {
							"vector": [-15.60896, 7.75082, 65.23442]
						},
						"2.7333": {
							"vector": [-15.71675, 7.52491, 64.42194]
						},
						"2.9": {
							"vector": [-15.56389, 7.84019, 65.55973]
						},
						"3.1": {
							"vector": [-15.61778, 7.73186, 65.16659]
						},
						"3.2667": {
							"vector": [-15.9801, 6.93689, 62.33342]
						},
						"3.4": {
							"vector": [-8.86998, 2.42135, 33.56191]
						},
						"3.5333": {
							"vector": [0, -1.75, -2.75]
						},
						"3.7": {
							"vector": [0, 0, 0]
						}
					},
					"position": {
						"0.0": {
							"vector": [0, 0, 0]
						},
						"0.3": {
							"vector": [-0.475, 1.475, -8.7]
						},
						"0.4": {
							"vector": [-0.195, 1, -7.7]
						},
						"0.5333": {
							"vector": [-0.03, 0.725, -7.7]
						},
						"0.7": {
							"vector": [0, 1.125, -7.7]
						},
						"0.9": {
							"vector": [0.125, 1.4, -8.275]
						},
						"1.2": {
							"vector": [-0.02, 1.475, -8]
						},
						"1.4": {
							"vector": [0.11, 1.425, -8.175]
						},
						"1.6667": {
							"vector": [0.275, 1.25, -7.975]
						},
						"1.8": {
							"vector": [-0.13, -1.19, -8.65]
						},
						"1.9667": {
							"vector": [-0.545, -1.325, -11.15]
						},
						"2.1333": {
							"vector": [-0.415, -1.395, -10.545]
						},
						"2.2667": {
							"vector": [-0.525, -1.455, -9.17]
						},
						"2.4": {
							"vector": [-0.49, -1.43, -9.85]
						},
						"2.5667": {
							"vector": [-0.455, -1.5, -9.24]
						},
						"2.7667": {
							"vector": [-0.53, -1.5, -9.27]
						},
						"3.0": {
							"vector": [-0.49, -1.41, -9.3]
						},
						"3.2333": {
							"vector": [-0.545, -1.325, -9.325]
						},
						"3.3667": {
							"vector": [-1.005, -0.61, -7.41]
						},
						"3.6333": {
							"vector": [0, 0, 0]
						}
					}
				},
				"leftarm": {
					"rotation": {
						"0.0": {
							"vector": [0, 0, 0]
						},
						"0.1667": {
							"vector": [0, 0, -2.5]
						},
						"1.7333": {
							"vector": [0, 0, -2.5]
						},
						"2.0333": {
							"vector": [-20, 0, -45]
						},
						"3.3": {
							"vector": [-20, 0, -45]
						},
						"3.5667": {
							"vector": [0, 0, 0]
						}
					},
					"position": {
						"0.0": {
							"vector": [0, 0, 0]
						},
						"0.1667": {
							"vector": [11.23986, -30.20851, 24.64864]
						},
						"1.7333": {
							"vector": [11.23986, -30.20851, 24.64864]
						},
						"2.0333": {
							"vector": [7.35, 6.25, 2.33]
						},
						"3.3": {
							"vector": [7.35, 6.25, 2.33]
						},
						"3.5667": {
							"vector": [0, 0, 0]
						}
					}
				}
			}
		},
		"animation.model.fire": {
			"animation_length": 1,
			"bones": {
				"main": {
					"rotation": {
						"0.0": {
							"vector": [0, 0, 0]
						},
						"0.0833": {
							"vector": [-8.70704, -2.00287, -6.82365]
						},
						"0.1667": {
							"vector": [-4.92074, -2.12162, -7.81848]
						},
						"0.25": {
							"vector": [-4.74028, -1.62322, 0.57363]
						},
						"0.375": {
							"vector": [-3.44584, -0.94265, 0.6289]
						},
						"0.4583": {
							"vector": [-2.34571, -1.11494, 6.6727]
						},
						"0.5833": {
							"vector": [-2.82745, -0.92926, 4.35413]
						},
						"0.625": {
							"vector": [-2.36097, -0.02597, 6.36667]
						},
						"0.75": {
							"vector": [-2.33311, -0.30634, 3.92401]
						},
						"0.8333": {
							"vector": [-1.70472, -1.37749, 3.16024]
						},
						"0.9167": {
							"vector": [-1.24192, -1.11967, -1.13748]
						},
						"1.0": {
							"vector": [0, 0, 0]
						}
					},
					"position": {
						"0.0": {
							"vector": [0, 0, 0]
						},
						"0.0833": {
							"vector": [-0.375, -0.9, 6.575]
						},
						"0.25": {
							"vector": [-0.34, -0.65, 5.135]
						},
						"0.4167": {
							"vector": [-0.29, -0.305, 3.255]
						},
						"0.5417": {
							"vector": [-0.22, -0.23, 2.98]
						},
						"0.5833": {
							"vector": [-0.22, -0.23, 5.33]
						},
						"0.7083": {
							"vector": [-0.18, -0.32, 3.7]
						},
						"0.8333": {
							"vector": [-0.65, -0.455, 1.855]
						},
						"0.9583": {
							"vector": [0, 0, 0]
						}
					}
				},
				"Bolt": {
					"position": {
						"0.0": {
							"vector": [0, 0, 0]
						},
						"0.125": {
							"vector": [0, 0, 0]
						},
						"0.1667": {
							"vector": [0, 0, 0]
						},
						"0.2083": {
							"vector": [0, 0, 0]
						},
						"0.375": {
							"vector": [0, 0, 9.5]
						},
						"0.4167": {
							"vector": [0, 0, 9.5]
						},
						"0.7083": {
							"vector": [0, 0, 0]
						},
						"0.75": {
							"vector": [0, 0, 0]
						}
					}
				},
				"rightarm": {
					"rotation": {
						"0.0": {
							"vector": [0, 0, 0]
						},
						"0.0833": {
							"vector": [0, 10, 0]
						},
						"0.125": {
							"vector": [0, 10, 0]
						},
						"0.1667": {
							"vector": [0, 10, 0]
						},
						"0.2083": {
							"vector": [0, 10, 0]
						},
						"0.375": {
							"vector": [0, 0, 0]
						},
						"0.4167": {
							"vector": [0, 0, 0]
						},
						"0.7083": {
							"vector": [0, 10, 0]
						},
						"0.75": {
							"vector": [0, 10, 0]
						},
						"0.7917": {
							"vector": [0, 10, 0]
						},
						"0.875": {
							"vector": [0, 0, 0]
						}
					},
					"position": {
						"0.0": {
							"vector": [0, 0, 0]
						},
						"0.0833": {
							"vector": [-6.04456, 2.30511, -4.9206]
						},
						"0.125": {
							"vector": [-6.75482, 5.07608, -12.81543]
						},
						"0.1667": {
							"vector": [-6.75482, 5.07608, -12.81543]
						},
						"0.2083": {
							"vector": [-5.62982, 5.07608, -12.81543]
						},
						"0.375": {
							"vector": [-7.87634, 4.24447, -2.78676]
						},
						"0.4167": {
							"vector": [-7.87634, 4.24447, -2.78676]
						},
						"0.7083": {
							"vector": [-5.62982, 5.07608, -12.81543]
						},
						"0.75": {
							"vector": [-6.75482, 5.07608, -12.81543]
						},
						"0.7917": {
							"vector": [-6.04456, 2.30511, -4.9206]
						},
						"0.875": {
							"vector": [0, 0, 0]
						}
					}
				},
				"bullet2": {
					"rotation": {
						"0.0": {
							"vector": [0, 0, 0]
						},
						"0.2083": {
							"vector": [0, 0, 0]
						},
						"0.375": {
							"vector": [0, 0, 0]
						},
						"0.4583": {
							"vector": [-35.1107, 14.831, -6.90277]
						},
						"0.875": {
							"vector": [-34.75818, 12.78036, -365.42591]
						}
					},
					"position": {
						"0.0833": {
							"vector": [0, -0.375, 0]
						},
						"0.2083": {
							"vector": [-0.44, 1.13, 1.005]
						},
						"0.375": {
							"vector": [-0.4375, 1.125, 10.4375]
						},
						"0.4583": {
							"vector": [1.56, -5.0575, 15.16]
						},
						"0.5417": {
							"vector": [-25.21, 7.6925, 21.38]
						},
						"0.625": {
							"vector": [-42.865, 13.3, 22.8175]
						},
						"0.7083": {
							"vector": [-63.15, 9.5325, 28.88]
						},
						"0.7917": {
							"vector": [-91.355, -12.64, 48.38]
						},
						"0.875": {
							"vector": [-122.6275, -46.4325, 67.8175]
						}
					}
				},
				"bullet": {
					"rotation": {
						"0.0": {
							"vector": [0, 0, 0]
						},
						"0.4167": {
							"vector": [-2.5, 0, 0]
						},
						"0.5": {
							"vector": [0, 0, 0]
						}
					},
					"position": {
						"0.2917": {
							"vector": [0, 2, 9.25]
						},
						"0.4167": {
							"vector": [0, 3.75, 9.75]
						},
						"0.5": {
							"vector": [0.25, 3.625, 7.25],
							"easing": "easeInCubic"
						},
						"0.7083": {
							"vector": [0.05, 3.5675, 1.55]
						}
					}
				},
				"leftarm": {
					"rotation": {
						"0.0": {
							"vector": [0, 0, 0]
						},
						"0.1667": {
							"vector": [0, 0, 0]
						},
						"0.25": {
							"vector": [-2.39444, 3.03311, -2.45687]
						},
						"0.75": {
							"vector": [-2.39444, 3.03311, -2.45687]
						},
						"0.875": {
							"vector": [0, 0, 0]
						}
					},
					"position": {
						"0.0": {
							"vector": [0, 0, 0]
						},
						"0.1667": {
							"vector": [0, 0, 0]
						},
						"0.25": {
							"vector": [1.725, 0, 0]
						},
						"0.75": {
							"vector": [1.725, 0, 0]
						},
						"0.875": {
							"vector": [0, 0, 0]
						}
					}
				}
			}
		}
	},
	"geckolib_format_version": 2
}