{
	"format_version": "1.8.0",
	"animations": {
		"animation.model.prepare": {
			"animation_length": 1.1667,
			"bones": {
				"main": {
					"rotation": {
						"0.0": {
							"vector": [0, 0, 0]
						},
						"0.125": {
							"vector": [-15.93714, 11.04641, 41.16866]
						},
						"0.25": {
							"vector": [-39.46203, 30.84925, 39.50678]
						},
						"0.375": {
							"vector": [-32.23592, 26.16134, 36.88443]
						},
						"0.4583": {
							"vector": [-24.65105, 33.35226, 52.07334]
						},
						"0.5417": {
							"vector": [-19.82237, 36.19652, 60.52661]
						},
						"0.6667": {
							"vector": [-30.46869, 33.97529, 55.05621]
						},
						"0.75": {
							"vector": [-35.46869, 33.97529, 55.05621]
						},
						"0.8333": {
							"vector": [-42.8707, 22.84705, 39.64442]
						},
						"0.9167": {
							"vector": [-43.44194, 5.12783, 42.70383]
						},
						"1.0": {
							"vector": [-45.4332, -14.15214, 30.54925]
						},
						"1.1667": {
							"vector": [-45.84512, -12.36461, 32.34498]
						}
					},
					"position": {
						"0.0": {
							"vector": [0, 0, 0]
						},
						"0.125": {
							"vector": [0, 0, 0.49]
						},
						"0.375": {
							"vector": [0, 0, 1.15]
						},
						"0.4583": {
							"vector": [0, 0, 1.15]
						},
						"0.5417": {
							"vector": [0, 0, 1.15]
						},
						"0.6667": {
							"vector": [0, 0, 1.15]
						},
						"0.875": {
							"vector": [1.36909, -1.06898, 1.7485]
						},
						"1.0": {
							"vector": [1.16954, -2.06695, 2.44718]
						},
						"1.1667": {
							"vector": [1.24481, -1.6861, 2.01533]
						}
					}
				},
				"Part1": {
					"rotation": {
						"0.2917": {
							"vector": [0, 0, 0]
						},
						"0.375": {
							"vector": [0, 0, 7]
						},
						"0.4583": {
							"vector": [0, 0, 14],
							"easing": "linear"
						},
						"0.5": {
							"vector": [0, 0, 21]
						},
						"0.5417": {
							"vector": [0, 0, 28],
							"easing": "linear"
						},
						"0.5833": {
							"vector": [0, 0, 35]
						},
						"0.625": {
							"vector": [0, 0, 42],
							"easing": "linear"
						},
						"0.6667": {
							"vector": [0, 0, 62],
							"easing": "linear"
						},
						"0.7083": {
							"vector": [0, 0, 76]
						},
						"0.75": {
							"vector": [0, 0, 90],
							"easing": "linear"
						}
					},
					"position": {
						"0.2917": {
							"vector": [-0.25, 0, 0]
						},
						"0.375": {
							"vector": [-3.25, 0, 0]
						},
						"0.4583": {
							"vector": [-6.5, 0.5, 0]
						},
						"0.5": {
							"vector": [-9.3, 1.48, 0]
						},
						"0.5417": {
							"vector": [-12.1, 2.6, 0],
							"easing": "linear"
						},
						"0.5833": {
							"vector": [-15, 4.1, 0]
						},
						"0.625": {
							"vector": [-17.5, 5.6, 0]
						},
						"0.6667": {
							"vector": [-23.6, 12.6, 0]
						},
						"0.7083": {
							"vector": [-26, 18.6, 0]
						},
						"0.75": {
							"vector": [-26.9, 24.6, 0]
						}
					}
				},
				"rightarm": {
					"rotation": {
						"0.0": {
							"vector": [0, 0, 0]
						},
						"1.0": {
							"vector": [0, 0, 0]
						},
						"1.1667": {
							"vector": [8.35989, -0.21, 1.67]
						}
					},
					"position": {
						"0.0": {
							"vector": [0, 0, 0]
						},
						"1.0": {
							"vector": [0, 0, 0]
						},
						"1.1667": {
							"vector": [-12, 10, 17]
						}
					}
				},
				"Bolt": {
					"position": {
						"0.5417": {
							"vector": [0, 0, 0]
						},
						"0.75": {
							"vector": [0, 0, 11.5]
						}
					}
				},
				"Bolt1": {
					"rotation": {
						"0.4167": {
							"vector": [0, 0, 0]
						},
						"0.5417": {
							"vector": [0, 0, 90]
						}
					},
					"position": {
						"0.4167": {
							"vector": [0, 0, 0]
						},
						"0.5417": {
							"vector": [0, 0, 0]
						}
					}
				},
				"Bolt3": {
					"rotation": {
						"0.625": {
							"vector": [0, 0, 0]
						},
						"0.6667": {
							"vector": [0, 0, 0]
						}
					},
					"position": {
						"0.625": {
							"vector": [0, 0, -0.625]
						},
						"0.6667": {
							"vector": [0, 0, 0]
						}
					}
				},
				"leftarm": {
					"rotation": {
						"0.0": {
							"vector": [0, 0, 0]
						},
						"0.125": {
							"vector": [0, 0, -17.5]
						},
						"0.25": {
							"vector": [0, 0, -67.5]
						},
						"0.375": {
							"vector": [1.30721, -1.01201, -89.75073]
						},
						"0.4167": {
							"vector": [1.30721, -1.01201, -89.75073]
						},
						"0.5417": {
							"vector": [-8.69279, -1.01201, -89.75073]
						},
						"0.75": {
							"vector": [-21.19279, -1.01201, -89.75073]
						},
						"0.875": {
							"vector": [-23.18254, -15.03711, -72.00214]
						}
					},
					"position": {
						"0.0": {
							"vector": [0, 0, 0]
						},
						"0.125": {
							"vector": [8.04066, 4.35103, -16.54785]
						},
						"0.25": {
							"vector": [20.6236, -1.73753, -13.10152]
						},
						"0.375": {
							"vector": [20.23622, -6.30258, -16.53756]
						},
						"0.4167": {
							"vector": [20.23622, -6.30258, -16.53756]
						},
						"0.4583": {
							"vector": [20.62076, -4.54065, -16.43595]
						},
						"0.5417": {
							"vector": [22.47885, -3.14896, -14.26327]
						},
						"0.75": {
							"vector": [19.09498, -6.18949, 0.83833]
						},
						"0.875": {
							"vector": [19.66483, -7.83087, -11.85568]
						},
						"1.0": {
							"vector": [10.26547, -16.28901, -26.81254]
						}
					}
				},
				"bullet2": {
					"rotation": {
						"0.6667": {
							"vector": [0.4258, -0.47008, -0.22611]
						},
						"0.7083": {
							"vector": [-5, 5, 0]
						},
						"0.75": {
							"vector": [-5, 5, 0]
						},
						"0.7917": {
							"vector": [-10, 5, 0]
						},
						"1.0833": {
							"vector": [-10, 5, 0]
						}
					},
					"position": {
						"0.5417": {
							"vector": [0, 0, 1.375]
						},
						"0.5833": {
							"vector": [-0.00987, 0.00889, 4.99994]
						},
						"0.625": {
							"vector": [-0.01111, 0.00999, 7.22993]
						},
						"0.6667": {
							"vector": [-0.01338, 0.01202, 9.4999]
						},
						"0.7083": {
							"vector": [-1.53294, 1.03711, 11.86101]
						},
						"0.75": {
							"vector": [-10.18482, 1.77997, 8.69626]
						},
						"0.7917": {
							"vector": [-24.99702, 2.16832, 8.33747]
						},
						"0.8333": {
							"vector": [-40.52176, 4.48211, 12.16261]
						},
						"1.0": {
							"vector": [-78.00675, -30.71, 21.91775]
						},
						"1.0833": {
							"vector": [-72.365, -43.865, 25.005]
						}
					}
				}
			},
			"sound_effects": {
				"0.0833": {
					"effect": "mosinprepare"
				}
			}
		},
		"animation.model.preparealt": {
			"animation_length": 1.1667,
			"bones": {
				"main": {
					"rotation": {
						"0.0": {
							"vector": [0, 0, 0]
						},
						"0.125": {
							"vector": [-15.93714, 11.04641, 41.16866]
						},
						"0.25": {
							"vector": [-39.46203, 30.84925, 39.50678]
						},
						"0.375": {
							"vector": [-32.23592, 26.16134, 36.88443]
						},
						"0.4583": {
							"vector": [-24.65105, 33.35226, 52.07334]
						},
						"0.5417": {
							"vector": [-19.82237, 36.19652, 60.52661]
						},
						"0.6667": {
							"vector": [-30.46869, 33.97529, 55.05621]
						},
						"0.75": {
							"vector": [-35.46869, 33.97529, 55.05621]
						},
						"0.8333": {
							"vector": [-42.8707, 22.84705, 39.64442]
						},
						"0.9167": {
							"vector": [-43.44194, 5.12783, 42.70383]
						},
						"1.0": {
							"vector": [-45.4332, -14.15214, 30.54925]
						},
						"1.1667": {
							"vector": [-45.84512, -12.36461, 32.34498]
						}
					},
					"position": {
						"0.0": {
							"vector": [0, 0, 0]
						},
						"0.125": {
							"vector": [0, 0, 0.49]
						},
						"0.375": {
							"vector": [0, 0, 1.15]
						},
						"0.4583": {
							"vector": [0, 0, 1.15]
						},
						"0.5417": {
							"vector": [0, 0, 1.15]
						},
						"0.6667": {
							"vector": [0, 0, 1.15]
						},
						"0.875": {
							"vector": [1.36909, -1.06898, 1.7485]
						},
						"1.0": {
							"vector": [1.16954, -2.06695, 2.44718]
						},
						"1.1667": {
							"vector": [1.24481, -1.6861, 2.01533]
						}
					}
				},
				"Part1": {
					"rotation": {
						"0.2917": {
							"vector": [0, 0, 0]
						},
						"0.375": {
							"vector": [0, 0, 7]
						},
						"0.4583": {
							"vector": [0, 0, 14],
							"easing": "linear"
						},
						"0.5": {
							"vector": [0, 0, 21]
						},
						"0.5417": {
							"vector": [0, 0, 28],
							"easing": "linear"
						},
						"0.5833": {
							"vector": [0, 0, 35]
						},
						"0.625": {
							"vector": [0, 0, 42],
							"easing": "linear"
						},
						"0.6667": {
							"vector": [0, 0, 62],
							"easing": "linear"
						},
						"0.7083": {
							"vector": [0, 0, 76]
						},
						"0.75": {
							"vector": [0, 0, 90],
							"easing": "linear"
						}
					},
					"position": {
						"0.2917": {
							"vector": [-0.25, 0, 0]
						},
						"0.375": {
							"vector": [-3.25, 0, 0]
						},
						"0.4583": {
							"vector": [-6.5, 0.5, 0]
						},
						"0.5": {
							"vector": [-9.3, 1.48, 0]
						},
						"0.5417": {
							"vector": [-12.1, 2.6, 0],
							"easing": "linear"
						},
						"0.5833": {
							"vector": [-15, 4.1, 0]
						},
						"0.625": {
							"vector": [-17.5, 5.6, 0]
						},
						"0.6667": {
							"vector": [-23.6, 12.6, 0]
						},
						"0.7083": {
							"vector": [-26, 18.6, 0]
						},
						"0.75": {
							"vector": [-26.9, 24.6, 0]
						}
					}
				},
				"rightarm": {
					"rotation": {
						"0.0": {
							"vector": [0, 0, 0]
						},
						"1.0": {
							"vector": [0, 0, 0]
						},
						"1.1667": {
							"vector": [8.35989, -0.21, 1.67]
						}
					},
					"position": {
						"0.0": {
							"vector": [0, 0, 0]
						},
						"1.0": {
							"vector": [0, 0, 0]
						},
						"1.1667": {
							"vector": [-12, 10, 17]
						}
					}
				},
				"Bolt": {
					"position": {
						"0.5417": {
							"vector": [0, 0, 0]
						},
						"0.75": {
							"vector": [0, 0, 11.5]
						}
					}
				},
				"Bolt1": {
					"rotation": {
						"0.4167": {
							"vector": [0, 0, 0]
						},
						"0.5417": {
							"vector": [0, 0, 90]
						}
					},
					"position": {
						"0.4167": {
							"vector": [0, 0, 0]
						},
						"0.5417": {
							"vector": [0, 0, 0]
						}
					}
				},
				"Bolt3": {
					"rotation": {
						"0.625": {
							"vector": [0, 0, 0]
						},
						"0.6667": {
							"vector": [0, 0, 0]
						}
					},
					"position": {
						"0.625": {
							"vector": [0, 0, -0.625]
						},
						"0.6667": {
							"vector": [0, 0, 0]
						}
					}
				},
				"leftarm": {
					"rotation": {
						"0.0": {
							"vector": [0, 0, 0]
						},
						"0.125": {
							"vector": [0, 0, -17.5]
						},
						"0.25": {
							"vector": [0, 0, -67.5]
						},
						"0.375": {
							"vector": [1.30721, -1.01201, -89.75073]
						},
						"0.4167": {
							"vector": [1.30721, -1.01201, -89.75073]
						},
						"0.5417": {
							"vector": [-8.69279, -1.01201, -89.75073]
						},
						"0.75": {
							"vector": [-21.19279, -1.01201, -89.75073]
						},
						"0.875": {
							"vector": [-23.18254, -15.03711, -72.00214]
						}
					},
					"position": {
						"0.0": {
							"vector": [0, 0, 0]
						},
						"0.125": {
							"vector": [8.04066, 4.35103, -16.54785]
						},
						"0.25": {
							"vector": [20.6236, -1.73753, -13.10152]
						},
						"0.375": {
							"vector": [20.23622, -6.30258, -16.53756]
						},
						"0.4167": {
							"vector": [20.23622, -6.30258, -16.53756]
						},
						"0.4583": {
							"vector": [20.62076, -4.54065, -16.43595]
						},
						"0.5417": {
							"vector": [22.47885, -3.14896, -14.26327]
						},
						"0.75": {
							"vector": [19.09498, -6.18949, 0.83833]
						},
						"0.875": {
							"vector": [19.66483, -7.83087, -11.85568]
						},
						"1.0": {
							"vector": [10.26547, -16.28901, -26.81254]
						}
					}
				}
			},
			"sound_effects": {
				"0.0833": {
					"effect": "mosinprepare"
				}
			}
		},
		"animation.model.loadfirst": {
			"animation_length": 1.125,
			"bones": {
				"main": {
					"rotation": {
						"0.0": {
							"vector": [-45.84512, -12.36461, 32.34498]
						},
						"0.625": {
							"vector": [-46.4911, -8.75658, 35.86681]
						},
						"0.75": {
							"vector": [-36.26478, -16.7251, 33.92249]
						},
						"0.875": {
							"vector": [-41.01289, -18.82473, 27.04956]
						},
						"1.125": {
							"vector": [-45.84512, -12.36461, 32.34498]
						}
					},
					"position": {
						"0.0": {
							"vector": [1.24481, -1.6861, 2.01533]
						},
						"0.625": {
							"vector": [1.24481, -1.6861, 2.01533]
						},
						"0.75": {
							"vector": [0, 0, 3]
						},
						"0.875": {
							"vector": [1.24481, -1.6861, 2.01533]
						},
						"1.125": {
							"vector": [1.24481, -1.6861, 2.01533]
						}
					}
				},
				"Part1": {
					"rotation": {
						"vector": [0, 0, 90],
						"easing": "linear"
					},
					"position": {
						"vector": [-26.9, 24.6, 0]
					}
				},
				"rightarm": {
					"rotation": {
						"0.0": {
							"vector": [8.35989, -0.21, 1.67]
						},
						"0.1667": {
							"vector": [8.44037, 14.76373, 0.77652]
						},
						"0.3333": {
							"vector": [8.44, 14.76, 0.78]
						},
						"0.5": {
							"vector": [18.44, 14.76, 0.78]
						},
						"0.5833": {
							"vector": [18.43437, 12.27669, 0.49149]
						},
						"0.8333": {
							"vector": [18.43437, 12.27669, 0.49149]
						},
						"1.125": {
							"vector": [8.35989, -0.21, 1.67]
						}
					},
					"position": {
						"0.0": {
							"vector": [-12, 10, 17]
						},
						"0.1667": {
							"vector": [-8, 10, -3.125]
						},
						"0.3333": {
							"vector": [-6, 10, -16]
						},
						"0.5": {
							"vector": [-3, 14, -11]
						},
						"0.5833": {
							"vector": [-2, 14, -14.375]
						},
						"0.8333": {
							"vector": [-6.625, 14, -9]
						},
						"1.0": {
							"vector": [-8.25, 13, -4]
						},
						"1.125": {
							"vector": [-13.375, 10, 17]
						}
					}
				},
				"bullet": {
					"position": {
						"vector": [0, -0.125, 9.5]
					}
				},
				"bullet2": {
					"rotation": {
						"0.0": {
							"vector": [-4.89, 2.71, 2.28]
						},
						"0.1667": {
							"vector": [7.60732, -2.24603, 1.61817]
						},
						"0.3333": {
							"vector": [7.63022, -4.72793, 1.2879]
						},
						"0.5": {
							"vector": [7.66479, -7.20777, 0.95552]
						},
						"0.5833": {
							"vector": [2.5, 0, 0]
						}
					},
					"position": {
						"0.0": {
							"vector": [-6, 0, 44.75],
							"easing": "linear"
						},
						"0.1667": {
							"vector": [-6.5, 2, 22]
						},
						"0.3333": {
							"vector": [-4.47586, 3.16829, 11.98451]
						},
						"0.5": {
							"vector": [-0.875, 1.25, 10.75]
						},
						"0.5833": {
							"vector": [0, 0.16862, 12.37405]
						}
					}
				},
				"Bolt": {
					"position": {
						"vector": [0, 0, 11.5]
					}
				},
				"Bolt1": {
					"rotation": {
						"vector": [0, 0, 90]
					},
					"position": {
						"vector": [0, 0, 0]
					}
				},
				"leftarm": {
					"rotation": {
						"0.0": {
							"vector": [-23.18254, -15.03711, -72.00214]
						},
						"0.625": {
							"vector": [-23.18254, -15.03711, -72.00214]
						},
						"0.75": {
							"vector": [-24.86977, -19.48803, -65.73303]
						},
						"1.0": {
							"vector": [-24.86977, -19.48803, -65.73303]
						},
						"1.125": {
							"vector": [-23.18254, -15.03711, -72.00214]
						}
					},
					"position": {
						"0.0": {
							"vector": [10.26547, -16.28901, -26.81254]
						},
						"0.625": {
							"vector": [10.26547, -16.28901, -26.81254]
						},
						"0.75": {
							"vector": [6.11115, -13.77597, -27.10443]
						},
						"1.0": {
							"vector": [6.11115, -13.77597, -27.10443]
						},
						"1.125": {
							"vector": [10.26547, -16.28901, -26.81254]
						}
					}
				}
			},
			"sound_effects": {
				"0.0833": {
					"effect": "boltsingleload"
				}
			}
		},
		"animation.model.load": {
			"loop": true,
			"animation_length": 1.125,
			"bones": {
				"main": {
					"rotation": {
						"0.0": {
							"vector": [-45.84512, -12.36461, 32.34498]
						},
						"0.625": {
							"vector": [-46.4911, -8.75658, 35.86681]
						},
						"0.75": {
							"vector": [-36.26478, -16.7251, 33.92249]
						},
						"0.875": {
							"vector": [-41.01289, -18.82473, 27.04956]
						},
						"1.125": {
							"vector": [-45.84512, -12.36461, 32.34498]
						}
					},
					"position": {
						"0.0": {
							"vector": [1.24481, -1.6861, 2.01533]
						},
						"0.625": {
							"vector": [1.24481, -1.6861, 2.01533]
						},
						"0.75": {
							"vector": [0, 0, 3]
						},
						"0.875": {
							"vector": [1.24481, -1.6861, 2.01533]
						},
						"1.125": {
							"vector": [1.24481, -1.6861, 2.01533]
						}
					}
				},
				"Part1": {
					"rotation": {
						"vector": [0, 0, 90],
						"easing": "linear"
					},
					"position": {
						"vector": [-26.9, 24.6, 0]
					}
				},
				"rightarm": {
					"rotation": {
						"0.0": {
							"vector": [8.35989, -0.21, 1.67]
						},
						"0.1667": {
							"vector": [8.44037, 14.76373, 0.77652]
						},
						"0.3333": {
							"vector": [8.44, 14.76, 0.78]
						},
						"0.5": {
							"vector": [18.44, 14.76, 0.78]
						},
						"0.5833": {
							"vector": [18.43437, 12.27669, 0.49149]
						},
						"0.8333": {
							"vector": [18.43437, 12.27669, 0.49149]
						},
						"1.125": {
							"vector": [8.35989, -0.21, 1.67]
						}
					},
					"position": {
						"0.0": {
							"vector": [-12, 10, 17]
						},
						"0.1667": {
							"vector": [-8, 10, -3.125]
						},
						"0.3333": {
							"vector": [-6.27282, 9.85224, -13.61568]
						},
						"0.5": {
							"vector": [-1.86873, 13.67247, -14.15295]
						},
						"0.5833": {
							"vector": [-2.00688, 14.1296, -13.25751]
						},
						"0.8333": {
							"vector": [-6.625, 14, -9]
						},
						"1.0": {
							"vector": [-8.25, 13, -4]
						},
						"1.125": {
							"vector": [-12, 10, 17]
						}
					}
				},
				"bullet": {
					"rotation": {
						"vector": [2.5, 0, 0]
					},
					"position": {
						"0.0": {
							"vector": [0, 2.62338, -0.23905]
						},
						"0.25": {
							"vector": [0, 2.62338, -0.23905]
						},
						"0.4583": {
							"vector": [0, 2.62338, -0.23905]
						},
						"0.5833": {
							"vector": [0, 1.67467, -0.21176]
						}
					}
				},
				"bullet2": {
					"rotation": {
						"0.0": {
							"vector": [-4.89, 2.71, 2.28]
						},
						"0.1667": {
							"vector": [7.60732, -2.24603, 1.61817]
						},
						"0.3333": {
							"vector": [7.63022, -4.72793, 1.2879]
						},
						"0.5": {
							"vector": [7.66479, -7.20777, 0.95552]
						},
						"0.5833": {
							"vector": [2.5, 0, 0]
						}
					},
					"position": {
						"0.0": {
							"vector": [-6, 0, 44.75],
							"easing": "linear"
						},
						"0.1667": {
							"vector": [-6.5, 2, 22]
						},
						"0.3333": {
							"vector": [-4.47586, 3.16829, 11.98451]
						},
						"0.5": {
							"vector": [-0.95132, 1.33465, 11.36452]
						},
						"0.5833": {
							"vector": [0, 0.16862, 12.37405]
						}
					}
				},
				"Bolt": {
					"position": {
						"vector": [0, 0, 11.5]
					}
				},
				"Bolt1": {
					"rotation": {
						"vector": [0, 0, 90]
					},
					"position": {
						"vector": [0, 0, 0]
					}
				},
				"leftarm": {
					"rotation": {
						"0.0": {
							"vector": [-23.18254, -15.03711, -72.00214]
						},
						"0.625": {
							"vector": [-23.18254, -15.03711, -72.00214]
						},
						"0.75": {
							"vector": [-24.86977, -19.48803, -65.73303]
						},
						"1.0": {
							"vector": [-24.86977, -19.48803, -65.73303]
						},
						"1.125": {
							"vector": [-23.18254, -15.03711, -72.00214]
						}
					},
					"position": {
						"0.0": {
							"vector": [10.26547, -16.28901, -26.81254]
						},
						"0.625": {
							"vector": [10.26547, -16.28901, -26.81254]
						},
						"0.75": {
							"vector": [6.11115, -13.77597, -27.10443]
						},
						"1.0": {
							"vector": [6.11115, -13.77597, -27.10443]
						},
						"1.125": {
							"vector": [10.26547, -16.28901, -26.81254]
						}
					}
				}
			},
			"sound_effects": {
				"0.0833": {
					"effect": "boltsingleload"
				}
			}
		},
		"animation.model.finish": {
			"loop": "hold_on_last_frame",
			"animation_length": 1.125,
			"bones": {
				"main": {
					"rotation": {
						"0.1667": {
							"vector": [-45.4332, -14.15214, 30.54925]
						},
						"0.25": {
							"vector": [-43.44194, 5.12783, 42.70383]
						},
						"0.3333": {
							"vector": [-42.8707, 22.84705, 39.64442]
						},
						"0.4167": {
							"vector": [-35.46869, 33.97529, 55.05621]
						},
						"0.5": {
							"vector": [-25.46869, 33.97529, 55.05621]
						},
						"0.625": {
							"vector": [-27.48725, 31.15319, 46.76237]
						},
						"0.7083": {
							"vector": [-31.16461, 27.47397, 39.26328]
						},
						"0.7917": {
							"vector": [-35.03108, 22.0019, 30.04547]
						},
						"0.875": {
							"vector": [-35.6745, 6.69625, 16.35713]
						},
						"0.9583": {
							"vector": [-28.54609, 1.03424, 6.85766]
						},
						"1.0417": {
							"vector": [-16.77536, 1.67535, 8.62195]
						},
						"1.125": {
							"vector": [0, 0, 0]
						}
					},
					"position": {
						"0.1667": {
							"vector": [1.16954, -2.06695, 2.44718]
						},
						"0.2917": {
							"vector": [1.36909, -1.06898, 1.7485]
						},
						"0.5": {
							"vector": [0, 0, 1.15]
						},
						"0.625": {
							"vector": [0, 0, 1.15]
						},
						"0.7083": {
							"vector": [0, 0, 1.15]
						},
						"0.7917": {
							"vector": [0, 0, 1.15]
						},
						"0.9583": {
							"vector": [0, 0, 0.49]
						},
						"1.125": {
							"vector": [0, 0, 0]
						}
					}
				},
				"Part1": {
					"rotation": {
						"0.4167": {
							"vector": [0, 0, 90],
							"easing": "linear"
						},
						"0.4583": {
							"vector": [0, 0, 76]
						},
						"0.5": {
							"vector": [0, 0, 62],
							"easing": "linear"
						},
						"0.5417": {
							"vector": [0, 0, 42],
							"easing": "linear"
						},
						"0.5833": {
							"vector": [0, 0, 35]
						},
						"0.625": {
							"vector": [0, 0, 28],
							"easing": "linear"
						},
						"0.6667": {
							"vector": [0, 0, 21]
						},
						"0.7083": {
							"vector": [0, 0, 14],
							"easing": "linear"
						},
						"0.7917": {
							"vector": [0, 0, 7]
						},
						"0.875": {
							"vector": [0, 0, 0]
						}
					},
					"position": {
						"0.4167": {
							"vector": [-26.9, 24.6, 0]
						},
						"0.4583": {
							"vector": [-26, 18.6, 0]
						},
						"0.5": {
							"vector": [-23.6, 12.6, 0]
						},
						"0.5417": {
							"vector": [-17.5, 5.6, 0]
						},
						"0.5833": {
							"vector": [-15, 4.1, 0]
						},
						"0.625": {
							"vector": [-12.1, 2.6, 0],
							"easing": "linear"
						},
						"0.6667": {
							"vector": [-9.3, 1.48, 0]
						},
						"0.7083": {
							"vector": [-6.5, 0.5, 0]
						},
						"0.7917": {
							"vector": [-3.25, 0, 0]
						},
						"0.875": {
							"vector": [-0.25, 0, 0]
						}
					}
				},
				"rightarm": {
					"rotation": {
						"0.0": {
							"vector": [8.35989, -0.21, 1.67]
						},
						"0.0833": {
							"vector": [0, 0, 0]
						}
					},
					"position": {
						"0.0": {
							"vector": [-12, 10, 17]
						},
						"0.0833": {
							"vector": [0, 0, 0]
						}
					}
				},
				"bullet2": {
					"rotation": {
						"vector": [2.5, 0, 0]
					},
					"position": {
						"0.3333": {
							"vector": [0, 0.16862, 12.37405]
						},
						"0.375": {
							"vector": [0, 0.17543, 10.20857]
						},
						"0.4167": {
							"vector": [0, 0.11543, 6.35857]
						},
						"0.4583": {
							"vector": [0, 0.04362, 2.37905]
						}
					}
				},
				"Bolt": {
					"position": {
						"0.3333": {
							"vector": [0, 0, 11.5]
						},
						"0.4583": {
							"vector": [0, 0, 0]
						}
					}
				},
				"Bolt1": {
					"rotation": {
						"0.4583": {
							"vector": [0, 0, 90]
						},
						"0.5833": {
							"vector": [0, 0, 0]
						}
					},
					"position": {
						"0.4583": {
							"vector": [0, 0, 0]
						},
						"0.5833": {
							"vector": [0, 0, 0]
						}
					}
				},
				"leftarm": {
					"rotation": {
						"0.0833": {
							"vector": [-23.18254, -15.03711, -72.00214]
						},
						"0.2083": {
							"vector": [-23.18254, -15.03711, -72.00214]
						},
						"0.3333": {
							"vector": [-21.19279, -1.01201, -89.75073]
						},
						"0.4583": {
							"vector": [-8.69279, -1.01201, -89.75073]
						},
						"0.5833": {
							"vector": [1.30721, -1.01201, -89.75073]
						},
						"0.625": {
							"vector": [1.30721, -1.01201, -89.75073]
						},
						"0.75": {
							"vector": [0, 0, -67.5]
						},
						"0.875": {
							"vector": [0, 0, -17.5]
						},
						"1.0": {
							"vector": [0, 0, 0]
						}
					},
					"position": {
						"0.0833": {
							"vector": [10.26547, -16.28901, -26.81254]
						},
						"0.2083": {
							"vector": [16.58241, -8.3947, -14.13523]
						},
						"0.3333": {
							"vector": [19.09498, -6.18949, 0.83833]
						},
						"0.4583": {
							"vector": [22.47885, -3.14896, -14.26327]
						},
						"0.5417": {
							"vector": [20.62076, -4.54065, -16.43595]
						},
						"0.5833": {
							"vector": [20.23622, -6.30258, -16.53756]
						},
						"0.625": {
							"vector": [20.23622, -6.30258, -16.53756]
						},
						"0.75": {
							"vector": [20.27824, -6.26697, -11.62592]
						},
						"0.875": {
							"vector": [4.29027, -2.56398, -16.28269]
						},
						"1.0": {
							"vector": [0, 0, 0]
						}
					}
				}
			},
			"sound_effects": {
				"0.0833": {
					"effect": "mosinfinish"
				}
			}
		},
		"animation.model.draw": {
			"loop": true,
			"animation_length": 1.2,
			"bones": {
				"main": {
					"rotation": {
						"0.0": {
							"vector": [32.09413, -54.38778, -8.29667]
						},
						"0.35": {
							"vector": [0.50518, -5.08075, 6.8716],
							"easing": "easeOutSine"
						},
						"0.5": {
							"vector": [0.32389, -0.60235, -2.1558],
							"easing": "linear"
						},
						"0.6": {
							"vector": [0, 0, 0],
							"easing": "linear"
						}
					},
					"position": {
						"0.0": {
							"vector": [0, -17.3, 0]
						},
						"0.25": {
							"vector": [-0.4, -2.525, -1.625],
							"easing": "linear"
						},
						"0.4": {
							"vector": [-0.05, 0, -2.49],
							"easing": "linear"
						},
						"0.55": {
							"vector": [0, 0, 0],
							"easing": "linear"
						}
					}
				},
				"leftarm": {
					"rotation": {
						"0.0": {
							"vector": [0, 0, 0]
						},
						"0.4": {
							"vector": [0, 0, 0]
						}
					},
					"position": {
						"0.0": {
							"vector": [0, 0, 0]
						},
						"0.4": {
							"vector": [0, 0, 0]
						}
					}
				}
			}
		},
		"animation.model.inspect": {
			"loop": true,
			"animation_length": 4.2667,
			"bones": {
				"main": {
					"rotation": {
						"0.0": {
							"vector": [0, 0, 0]
						},
						"0.1667": {
							"vector": [-8.41746, -13.59608, -21.21259],
							"easing": "linear"
						},
						"0.3": {
							"vector": [-8.39812, -20.10111, -31.77688]
						},
						"0.4333": {
							"vector": [-9.55676, -20.88889, -28.55629]
						},
						"0.5333": {
							"vector": [-8.77652, -21.21647, -30.72851]
						},
						"0.7667": {
							"vector": [-9.4227, -20.94881, -28.93303]
						},
						"1.0": {
							"vector": [-3.1216, -20.98207, -46.44405]
						},
						"1.1333": {
							"vector": [-4.564, -20.73064, -42.44007]
						},
						"1.2333": {
							"vector": [-4.86325, -20.9153, -41.60203]
						},
						"1.3333": {
							"vector": [-4.58308, -20.97575, -42.38574]
						},
						"1.4667": {
							"vector": [-4.01131, -21.08802, -43.97908]
						},
						"1.6": {
							"vector": [-4.38767, -21.01662, -42.9316]
						},
						"1.7": {
							"vector": [-4.18847, -21.05622, -43.48691],
							"easing": "linear"
						},
						"2.0333": {
							"vector": [-16.91438, 5.38499, 54.40399],
							"easing": "linear"
						},
						"2.1667": {
							"vector": [-15.22513, 5.80082, 60.04554]
						},
						"2.3": {
							"vector": [-15.70981, 5.86025, 59.48558]
						},
						"2.4333": {
							"vector": [-15.93602, 7.03904, 62.69373]
						},
						"2.5667": {
							"vector": [-15.60896, 7.75082, 65.23442]
						},
						"2.7333": {
							"vector": [-15.71675, 7.52491, 64.42194]
						},
						"2.9": {
							"vector": [-15.56389, 7.84019, 65.55973]
						},
						"3.1": {
							"vector": [-15.61778, 7.73186, 65.16659]
						},
						"3.2667": {
							"vector": [-15.9801, 6.93689, 62.33342]
						},
						"3.4": {
							"vector": [-8.86998, 2.42135, 33.56191]
						},
						"3.5333": {
							"vector": [0, -1.75, -2.75]
						},
						"3.7": {
							"vector": [0, 0, 0]
						}
					},
					"position": {
						"0.0": {
							"vector": [0, 0, 0]
						},
						"0.3": {
							"vector": [-0.475, 1.475, -6.7]
						},
						"0.4": {
							"vector": [-0.195, 1, -6.7]
						},
						"0.5333": {
							"vector": [-0.03, 0.725, -6.7]
						},
						"0.7": {
							"vector": [0, 1.125, -6.7]
						},
						"0.9": {
							"vector": [0.125, 1.4, -6.7]
						},
						"1.2": {
							"vector": [-0.02, 1.475, -6.7]
						},
						"1.4": {
							"vector": [0.11, 1.425, -6.7]
						},
						"1.6667": {
							"vector": [0.275, 1.25, -6.7]
						},
						"1.8": {
							"vector": [-0.13, -1.19, -6.7]
						},
						"1.9667": {
							"vector": [-0.545, -1.325, -6.7]
						},
						"2.1333": {
							"vector": [-0.415, -1.395, -6.7]
						},
						"2.2667": {
							"vector": [-0.525, -1.455, -6.7]
						},
						"2.4": {
							"vector": [-0.49, -1.43, -6.7]
						},
						"2.5667": {
							"vector": [-0.455, -1.5, -6.7]
						},
						"2.7667": {
							"vector": [-0.53, -1.5, -6.7]
						},
						"3.0": {
							"vector": [-0.49, -1.41, -6.7]
						},
						"3.2333": {
							"vector": [-0.545, -1.325, -6.7]
						},
						"3.3667": {
							"vector": [-1.005, -0.61, -6.7]
						},
						"3.6333": {
							"vector": [0, 0, 0]
						}
					}
				},
				"leftarm": {
					"rotation": {
						"0.0": {
							"vector": [0, 0, 0]
						},
						"0.1667": {
							"vector": [0, 0, -2.5]
						},
						"1.7333": {
							"vector": [0, 0, -2.5]
						},
						"2.0333": {
							"vector": [-20, 0, -45]
						},
						"3.3": {
							"vector": [-20, 0, -45]
						},
						"3.5667": {
							"vector": [0, 0, 0]
						}
					},
					"position": {
						"0.0": {
							"vector": [0, 0, 11]
						},
						"0.1667": {
							"vector": [11.23986, -30.20851, 24.64864]
						},
						"1.7333": {
							"vector": [11.23986, -30.20851, 24.64864]
						},
						"2.0333": {
							"vector": [2.05081, -12.45977, -3.23815]
						},
						"3.3": {
							"vector": [2.05081, -12.45977, -3.23815]
						},
						"3.5667": {
							"vector": [0, 0, 0]
						}
					}
				}
			}
		},
		"animation.model.fire": {
			"loop": true,
			"animation_length": 1.5,
			"bones": {
				"main": {
					"rotation": {
						"0.0": {
							"vector": [0, 0, 0]
						},
						"0.125": {
							"vector": [-15.93714, 11.04641, 41.16866]
						},
						"0.25": {
							"vector": [-39.46203, 30.84925, 39.50678]
						},
						"0.375": {
							"vector": [-32.23592, 26.16134, 36.88443]
						},
						"0.4583": {
							"vector": [-24.65105, 33.35226, 52.07334]
						},
						"0.5417": {
							"vector": [-19.82237, 36.19652, 60.52661]
						},
						"0.6667": {
							"vector": [-30.46869, 33.97529, 55.05621]
						},
						"0.75": {
							"vector": [-35.46869, 33.97529, 55.05621]
						},
						"0.8333": {
							"vector": [-30.46869, 33.97529, 55.05621]
						},
						"0.9583": {
							"vector": [-19.82237, 36.19652, 60.52661]
						},
						"1.0417": {
							"vector": [-24.65105, 33.35226, 52.07334]
						},
						"1.125": {
							"vector": [-37.21407, 17.57561, 23.60829]
						},
						"1.2917": {
							"vector": [-16.11652, 6.65333, 24.01606]
						},
						"1.4167": {
							"vector": [-5, 0, -15]
						},
						"1.5": {
							"vector": [0, 0, 0]
						}
					},
					"position": {
						"0.0": {
							"vector": [0, 0, 0]
						},
						"0.125": {
							"vector": [0, 0, 0.49]
						},
						"0.375": {
							"vector": [0, 0, 1.15]
						},
						"0.4583": {
							"vector": [0, 0, 1.15]
						},
						"0.5417": {
							"vector": [0, 0, 1.15]
						},
						"0.6667": {
							"vector": [0, 0, 1.15]
						},
						"0.8333": {
							"vector": [0, 0, 1.15]
						},
						"0.9583": {
							"vector": [0, -0.625, 1.15]
						},
						"1.0417": {
							"vector": [0, -1.25, 1.15]
						},
						"1.125": {
							"vector": [0, -1.375, 1.15]
						},
						"1.2917": {
							"vector": [0, 0, 0.49]
						},
						"1.4167": {
							"vector": [0, 0, 0]
						},
						"1.5": {
							"vector": [0, 0, 0]
						}
					}
				},
				"rightarm": {
					"rotation": {
						"vector": [0, 0, 0]
					},
					"position": {
						"vector": [0, 0, 0]
					}
				},
				"bullet2": {
					"rotation": {
						"0.0": {
							"vector": [0, 0, 0]
						},
						"0.6667": {
							"vector": [0.4258, -0.47008, -0.22611]
						},
						"0.7083": {
							"vector": [-5, 5, 0]
						},
						"0.75": {
							"vector": [-5, 5, 0]
						},
						"0.7917": {
							"vector": [-10, 5, 0]
						},
						"1.0833": {
							"vector": [-10, 5, 0]
						}
					},
					"position": {
						"0.0": {
							"vector": [0, 0, 1.375]
						},
						"0.5417": {
							"vector": [0, 0, 1.375]
						},
						"0.5833": {
							"vector": [-0.00987, 0.00889, 4.99994]
						},
						"0.625": {
							"vector": [-0.01111, 0.00999, 7.22993]
						},
						"0.6667": {
							"vector": [-0.01338, 0.01202, 9.4999]
						},
						"0.7083": {
							"vector": [-1.75, 1.255, 9.38]
						},
						"0.75": {
							"vector": [-12.87688, 8.00618, 9.47859]
						},
						"0.7917": {
							"vector": [-31.18507, 12.755, 10.7527]
						},
						"0.8333": {
							"vector": [-53.58909, 4.67, 14.23692]
						},
						"0.875": {
							"vector": [-63.04311, -3.42, 16.58236]
						},
						"0.9167": {
							"vector": [-70.87081, -11.51, 18.78832]
						},
						"1.0": {
							"vector": [-77.15503, -27.69, 22.38635]
						},
						"1.0833": {
							"vector": [-72.365, -43.865, 25.005]
						}
					}
				},
				"bullet": {
					"rotation": {
						"0.0": {
							"vector": [0, 0, 0]
						},
						"0.7083": {
							"vector": [-2.5, 0, 0]
						},
						"0.7917": {
							"vector": [-2.5, 0, 0]
						}
					},
					"position": {
						"0.5417": {
							"vector": [0, 2.44203, -1.61762]
						},
						"0.7083": {
							"vector": [0, 4.27889, -0.48846]
						},
						"0.7917": {
							"vector": [0, 4.27889, -0.48846]
						},
						"0.9583": {
							"vector": [0, 4.05574, -9.7406]
						}
					}
				},
				"Bolt": {
					"position": {
						"0.5417": {
							"vector": [0, 0, 0]
						},
						"0.75": {
							"vector": [0, 0, 11.5]
						},
						"0.9583": {
							"vector": [0, 0, 0]
						}
					}
				},
				"leftarm": {
					"rotation": {
						"0.0": {
							"vector": [0, 0, 0]
						},
						"0.125": {
							"vector": [0, 0, -17.5]
						},
						"0.25": {
							"vector": [0, 0, -67.5]
						},
						"0.375": {
							"vector": [1.30721, -1.01201, -89.75073]
						},
						"0.4167": {
							"vector": [1.30721, -1.01201, -89.75073]
						},
						"0.5417": {
							"vector": [-8.69279, -1.01201, -89.75073]
						},
						"0.75": {
							"vector": [-21.19279, -1.01201, -89.75073]
						},
						"0.9583": {
							"vector": [-8.69279, -1.01201, -89.75073]
						},
						"1.0833": {
							"vector": [1.30721, -1.01201, -89.75073]
						},
						"1.125": {
							"vector": [1.30721, -1.01201, -89.75073]
						},
						"1.25": {
							"vector": [0, 0, -67.5]
						},
						"1.375": {
							"vector": [0, 0, -17.5]
						},
						"1.5": {
							"vector": [0, 0, 0]
						}
					},
					"position": {
						"0.0": {
							"vector": [0, 0, 0]
						},
						"0.125": {
							"vector": [8.04066, 4.35103, -16.54785]
						},
						"0.25": {
							"vector": [20.6236, -1.73753, -13.10152]
						},
						"0.375": {
							"vector": [20.23622, -6.30258, -16.53756]
						},
						"0.4167": {
							"vector": [20.23622, -6.30258, -16.53756]
						},
						"0.4583": {
							"vector": [20.62076, -4.54065, -16.43595]
						},
						"0.5417": {
							"vector": [22.47885, -3.14896, -14.26327]
						},
						"0.75": {
							"vector": [19.09498, -6.18949, 0.83833]
						},
						"0.9583": {
							"vector": [22.47885, -3.14896, -14.26327]
						},
						"1.0417": {
							"vector": [20.62076, -4.54065, -16.43595]
						},
						"1.0833": {
							"vector": [20.23622, -6.30258, -16.53756]
						},
						"1.125": {
							"vector": [20.23622, -6.30258, -16.53756]
						},
						"1.25": {
							"vector": [20.27824, -6.26697, -11.62592]
						},
						"1.375": {
							"vector": [4.29027, -2.56398, -16.28269]
						},
						"1.5": {
							"vector": [0, 0, 0]
						}
					}
				},
				"Bolt1": {
					"rotation": {
						"0.4167": {
							"vector": [0, 0, 0]
						},
						"0.5417": {
							"vector": [0, 0, 90]
						},
						"0.9583": {
							"vector": [0, 0, 90]
						},
						"1.0833": {
							"vector": [0, 0, 0]
						}
					},
					"position": {
						"0.4167": {
							"vector": [0, 0, 0]
						},
						"0.5417": {
							"vector": [0, 0, 0]
						},
						"0.9583": {
							"vector": [0, 0, 0]
						},
						"1.0833": {
							"vector": [0, 0, 0]
						}
					}
				},
				"Bolt3": {
					"rotation": {
						"0.0": {
							"vector": [0, 0, 0]
						},
						"0.1667": {
							"vector": [0, 0, 0]
						},
						"0.2083": {
							"vector": [0, 0, 0]
						}
					},
					"position": {
						"0.0": {
							"vector": [0, 0, -0.625]
						},
						"0.1667": {
							"vector": [0, 0, -0.625]
						},
						"0.2083": {
							"vector": [0, 0, 0]
						}
					}
				}
			}
		},
		"animation.model.preparefire": {
			"animation_length": 0.0833,
			"bones": {
				"Bolt3": {
					"rotation": {
						"0.0": {
							"vector": [0, 0, 0]
						},
						"0.0833": {
							"vector": [0, 0, 0]
						}
					},
					"position": {
						"0.0": {
							"vector": [0, 0, 0]
						},
						"0.0833": {
							"vector": [0, 0, -0.625]
						}
					}
				},
				"leftarm": {
					"position": {
						"vector": [-35.125, 0.75, -6.25]
					}
				},
				"trigger": {
					"position": {
						"0.0": {
							"vector": [0, 0, 0]
						},
						"0.0833": {
							"vector": [0, 0, 0.25]
						}
					}
				}
			}
		}
	},
	"geckolib_format_version": 2
}