{
	"format_version": "1.8.0",
	"animations": {
		"animation.model.reloadempty": {
			"loop": "hold_on_last_frame",
			"animation_length": 2.83333,
			"blend_weight": "1",
			"bones": {
				"main": {
					"rotation": {
						"0.0": {
							"vector": [0, 0, 0]
						},
						"0.2333": {
							"vector": [-19.88711, 5.21478, 0.40624]
						},
						"0.4667": {
							"vector": [-21.22154, -5.45113, 4.13474]
						},
						"0.7333": {
							"vector": [10.21843, -12.36201, -1.87986]
						},
						"0.9667": {
							"vector": [6.33698, -13.24879, -11.94047]
						},
						"1.0667": {
							"vector": [7.12, -3.56, -8.22]
						},
						"1.3": {
							"vector": [12.14388, -7.39459, -3.12624]
						},
						"1.6667": {
							"vector": [4.72, -2.88, 11.28]
						},
						"1.9": {
							"vector": [0, 0, 0]
						},
						"2.2667": {
							"vector": [-11.36, 2.98, 80.23]
						},
						"2.4": {
							"vector": [-15.85715, -0.34057, 80.01716]
						},
						"2.8333": {
							"vector": [0, 0, 0]
						}
					},
					"position": {
						"0.0": {
							"vector": [0, 0, 0]
						},
						"0.2333": {
							"vector": [0, 0, 0]
						},
						"0.4667": {
							"vector": [0, 0, 0]
						},
						"0.7333": {
							"vector": [0, 0, 0]
						},
						"0.9667": {
							"vector": [0, -1.12, 0]
						},
						"1.1": {
							"vector": [-1, -0.67, 0]
						},
						"1.3": {
							"vector": [0, 0, 0]
						},
						"1.6667": {
							"vector": [0, 0, 0]
						},
						"1.9": {
							"vector": [0, 0, 0]
						},
						"2.2667": {
							"vector": [0, 0, 0]
						},
						"2.4": {
							"vector": [0, 0, 0]
						},
						"2.8333": {
							"vector": [0, 0, 0]
						}
					}
				},
				"magazine": {
					"rotation": {
						"0.1": {
							"vector": [0, 0, 0]
						},
						"0.2": {
							"vector": [0, 0, 0]
						},
						"0.2667": {
							"vector": [0, 0, 5]
						},
						"0.3333": {
							"vector": [-0.35, -3.98, 5.03]
						},
						"0.4333": {
							"vector": [-0.88045, -9.96156, 17.57673]
						},
						"0.5333": {
							"vector": [-6.7084, -26.57038, 19.4275]
						},
						"0.8": {
							"vector": [-6.71, -26.57, 19.43]
						},
						"1.1": {
							"vector": [-6.7084, -26.57038, 19.4275]
						},
						"1.2667": {
							"vector": [-6.7084, -26.57038, 19.4275]
						},
						"1.4667": {
							"vector": [-0.35, -3.98, 5.03]
						},
						"1.5667": {
							"vector": [0, 0, 5]
						},
						"1.7667": {
							"vector": [0, 0, 0]
						},
						"1.9": {
							"vector": [0, 0, 0]
						}
					},
					"position": {
						"0.1": {
							"vector": [0, 0, 0]
						},
						"0.2": {
							"vector": [6.15, 0, 3.23]
						},
						"0.2667": {
							"vector": [10.25, 0, 5.375]
						},
						"0.3333": {
							"vector": [13.5, -2.5, 8.68]
						},
						"0.4333": {
							"vector": [18.38, -6.25, 12.505]
						},
						"0.5333": {
							"vector": [24.63, -22.375, 32.885]
						},
						"0.8": {
							"vector": [24.63, -22.37, 32.89]
						},
						"1.1": {
							"vector": [24.63, -22.375, 32.885]
						},
						"1.2667": {
							"vector": [24.63, -22.375, 32.885]
						},
						"1.4667": {
							"vector": [13.5, -2.5, 8.68]
						},
						"1.5667": {
							"vector": [10.25, 0, 5.375]
						},
						"1.7667": {
							"vector": [6.15, 0, 3.23]
						},
						"1.9": {
							"vector": [0, 0, 0]
						}
					}
				},
				"leftarm": {
					"rotation": {
						"0.0": {
							"vector": [0, 0, 0]
						},
						"0.0667": {
							"vector": [-1.55271, 1.96074, -0.07199]
						},
						"0.1": {
							"vector": [-1.55, 1.96, -0.07]
						},
						"0.2667": {
							"vector": [9.38119, -11.74072, -0.68908]
						},
						"0.4333": {
							"vector": [43.54492, -6.20273, -0.44102]
						},
						"0.5333": {
							"vector": [62.20084, -27.07627, -5.37943]
						},
						"1.2667": {
							"vector": [62.2, -27.08, -5.38]
						},
						"1.4": {
							"vector": [43.54492, -6.20273, -0.44102]
						},
						"1.5333": {
							"vector": [9.38119, -11.74072, -0.68908]
						},
						"1.6": {
							"vector": [1.55084, -1.96223, 0.01977]
						},
						"1.7667": {
							"vector": [9.38119, -11.74072, -0.68908]
						},
						"1.9": {
							"vector": [-1.55271, 1.96074, -0.07199]
						},
						"2.0333": {
							"vector": [1.32901, -7.60169, -0.68343]
						},
						"2.1333": {
							"vector": [22.95, 7.11, 0.82]
						},
						"2.2667": {
							"vector": [51.77124, 26.72538, 2.82119]
						},
						"2.4333": {
							"vector": [51.77124, 26.72538, 2.82119]
						},
						"2.4667": {
							"vector": [55.92191, 30.20485, 5.11545]
						},
						"2.5333": {
							"vector": [25.27605, 10.79136, -2.21521]
						},
						"2.8333": {
							"vector": [0, 0, 0]
						}
					},
					"position": {
						"0.0": {
							"vector": [0, 0, 0]
						},
						"0.0667": {
							"vector": [-1.25, 0.375, -0.75]
						},
						"0.1": {
							"vector": [-1.25, 0, -0.75]
						},
						"0.2667": {
							"vector": [5.625, 1.375, 2.5]
						},
						"0.4333": {
							"vector": [16.755, 1.38, 12.375]
						},
						"0.5333": {
							"vector": [16.76, -13.495, 34.755]
						},
						"1.2667": {
							"vector": [16.76, -13.49, 34.76]
						},
						"1.4": {
							"vector": [14.13, 1.38, 20.125]
						},
						"1.5333": {
							"vector": [5.625, 1.375, 2.5]
						},
						"1.6": {
							"vector": [5.63, 1.38, 2.5]
						},
						"1.7667": {
							"vector": [5.625, 1.375, 2.5]
						},
						"1.9": {
							"vector": [-1.25, 0, -0.75]
						},
						"2.0333": {
							"vector": [-1.32501, 3.87057, -0.96056]
						},
						"2.1333": {
							"vector": [-6.82299, 15.71385, 1.49244]
						},
						"2.2667": {
							"vector": [-20.76136, 23.37641, 5.57956]
						},
						"2.4333": {
							"vector": [-20.92173, 23.08197, 17.37588]
						},
						"2.4667": {
							"vector": [-20.92, 22.205, 15.63]
						},
						"2.5333": {
							"vector": [-14.94, 18.36, 11.16]
						},
						"2.8333": {
							"vector": [0, 0, 0]
						}
					}
				},
				"rightarm": {
					"position": {
						"vector": [0, -0.25, -0.25]
					}
				},
				"Bolt": {
					"position": {
						"2.2667": {
							"vector": [0, 0, -9.25]
						},
						"2.4667": {
							"vector": [0, 0, 4]
						},
						"2.6": {
							"vector": [0, 0, 0]
						}
					}
				}
			},
			"sound_effects": {
				"0.0": {
					"effect": "mp18load2"
				}
			}
		},
		"animation.model.reload": {
			"loop": "hold_on_last_frame",
			"animation_length": 1.9,
			"blend_weight": "1",
			"bones": {
				"main": {
					"rotation": {
						"0.0": {
							"vector": [0, 0, 0]
						},
						"0.2333": {
							"vector": [-19.88711, 5.21478, 0.40624]
						},
						"0.4667": {
							"vector": [-21.22154, -5.45113, 4.13474]
						},
						"0.7333": {
							"vector": [10.21843, -12.36201, -1.87986]
						},
						"0.9667": {
							"vector": [6.33698, -13.24879, -11.94047]
						},
						"1.0667": {
							"vector": [7.12, -3.56, -8.22]
						},
						"1.3": {
							"vector": [12.14388, -7.39459, -3.12624]
						},
						"1.6667": {
							"vector": [4.72, -2.88, 11.28]
						},
						"1.9": {
							"vector": [0, 0, 0]
						}
					},
					"position": {
						"0.0": {
							"vector": [0, 0, 0]
						},
						"0.2333": {
							"vector": [0, 0, 0]
						},
						"0.4667": {
							"vector": [0, 0, 0]
						},
						"0.7333": {
							"vector": [0, 0, 0]
						},
						"0.9667": {
							"vector": [0, -1.12, 0]
						},
						"1.1": {
							"vector": [-1, -0.67, 0]
						},
						"1.3": {
							"vector": [0, 0, 0]
						},
						"1.6667": {
							"vector": [0, 0, 0]
						},
						"1.9": {
							"vector": [0, 0, 0]
						}
					}
				},
				"magazine": {
					"rotation": {
						"0.1": {
							"vector": [0, 0, 0]
						},
						"0.2": {
							"vector": [0, 0, 0]
						},
						"0.2667": {
							"vector": [0, 0, 5]
						},
						"0.3333": {
							"vector": [-0.35, -3.98, 5.03]
						},
						"0.4333": {
							"vector": [-0.88045, -9.96156, 17.57673]
						},
						"0.5333": {
							"vector": [-6.7084, -26.57038, 19.4275]
						},
						"0.8": {
							"vector": [-6.71, -26.57, 19.43]
						},
						"1.1": {
							"vector": [-6.7084, -26.57038, 19.4275]
						},
						"1.2667": {
							"vector": [-6.7084, -26.57038, 19.4275]
						},
						"1.4667": {
							"vector": [-0.35, -3.98, 5.03]
						},
						"1.5667": {
							"vector": [0, 0, 5]
						},
						"1.7667": {
							"vector": [0, 0, 0]
						},
						"1.9": {
							"vector": [0, 0, 0]
						}
					},
					"position": {
						"0.1": {
							"vector": [0, 0, 0]
						},
						"0.2": {
							"vector": [6.15, 0, 3.23]
						},
						"0.2667": {
							"vector": [10.25, 0, 5.375]
						},
						"0.3333": {
							"vector": [13.5, -2.5, 8.68]
						},
						"0.4333": {
							"vector": [18.38, -6.25, 12.505]
						},
						"0.5333": {
							"vector": [24.63, -22.375, 32.885]
						},
						"0.8": {
							"vector": [24.63, -22.37, 32.89]
						},
						"1.1": {
							"vector": [24.63, -22.375, 32.885]
						},
						"1.2667": {
							"vector": [24.63, -22.375, 32.885]
						},
						"1.4667": {
							"vector": [13.5, -2.5, 8.68]
						},
						"1.5667": {
							"vector": [10.25, 0, 5.375]
						},
						"1.7667": {
							"vector": [6.15, 0, 3.23]
						},
						"1.9": {
							"vector": [0, 0, 0]
						}
					}
				},
				"leftarm": {
					"rotation": {
						"0.0": {
							"vector": [0, 0, 0]
						},
						"0.0667": {
							"vector": [-1.55271, 1.96074, -0.07199]
						},
						"0.1": {
							"vector": [-1.55, 1.96, -0.07]
						},
						"0.2667": {
							"vector": [9.38119, -11.74072, -0.68908]
						},
						"0.4333": {
							"vector": [43.54492, -6.20273, -0.44102]
						},
						"0.5333": {
							"vector": [62.20084, -27.07627, -5.37943]
						},
						"1.2667": {
							"vector": [62.2, -27.08, -5.38]
						},
						"1.4": {
							"vector": [43.54492, -6.20273, -0.44102]
						},
						"1.5333": {
							"vector": [9.38119, -11.74072, -0.68908]
						},
						"1.6": {
							"vector": [1.55084, -1.96223, 0.01977]
						},
						"1.7667": {
							"vector": [9.38119, -11.74072, -0.68908]
						},
						"1.9": {
							"vector": [-1.55271, 1.96074, -0.07199]
						}
					},
					"position": {
						"0.0": {
							"vector": [0, 0, 0]
						},
						"0.0667": {
							"vector": [-1.25, 0.375, -0.75]
						},
						"0.1": {
							"vector": [-1.25, 0, -0.75]
						},
						"0.2667": {
							"vector": [5.625, 1.375, 2.5]
						},
						"0.4333": {
							"vector": [16.755, 1.38, 12.375]
						},
						"0.5333": {
							"vector": [16.76, -13.495, 34.755]
						},
						"1.2667": {
							"vector": [16.76, -13.49, 34.76]
						},
						"1.4": {
							"vector": [14.13, 1.38, 20.125]
						},
						"1.5333": {
							"vector": [5.625, 1.375, 2.5]
						},
						"1.6": {
							"vector": [5.63, 1.38, 2.5]
						},
						"1.7667": {
							"vector": [5.625, 1.375, 2.5]
						},
						"1.9": {
							"vector": [-1.25, 0, -0.75]
						}
					}
				},
				"rightarm": {
					"position": {
						"vector": [0, -0.25, -0.25]
					}
				}
			},
			"sound_effects": {
				"0.0": {
					"effect": "mp18load1"
				}
			}
		},
		"animation.model.draw": {
			"loop": true,
			"animation_length": 1.2,
			"bones": {
				"main": {
					"rotation": {
						"0.0": {
							"vector": [32.09413, -54.38778, -8.29667]
						},
						"0.35": {
							"vector": [0.50518, -5.08075, 6.8716],
							"easing": "easeOutSine"
						},
						"0.5": {
							"vector": [0.32389, -0.60235, -2.1558],
							"easing": "linear"
						},
						"0.6": {
							"vector": [0, 0, 0],
							"easing": "linear"
						}
					},
					"position": {
						"0.0": {
							"vector": [0, -17.3, 0]
						},
						"0.25": {
							"vector": [-0.4, -2.525, -1.625],
							"easing": "linear"
						},
						"0.4": {
							"vector": [-0.05, 0, -2.49],
							"easing": "linear"
						},
						"0.55": {
							"vector": [0, 0, 0],
							"easing": "linear"
						}
					}
				},
				"leftarm": {
					"rotation": {
						"0.0": {
							"vector": [0, 0, 0]
						},
						"0.2": {
							"vector": [1, 0, -22]
						},
						"0.4": {
							"vector": [0, 0, 0]
						}
					},
					"position": {
						"0.0": {
							"vector": [0, 0, 0]
						},
						"0.2": {
							"vector": [3.53901, 3.6754, 5.59783]
						},
						"0.4": {
							"vector": [0, 0, 0]
						}
					}
				}
			}
		},
		"animation.model.inspect": {
			"loop": true,
			"animation_length": 4.26667,
			"bones": {
				"main": {
					"rotation": {
						"0.0": {
							"vector": [0, 0, 0]
						},
						"0.1667": {
							"vector": [-8.41746, -13.59608, -21.21259],
							"easing": "linear"
						},
						"0.3": {
							"vector": [-8.39812, -20.10111, -31.77688]
						},
						"0.4333": {
							"vector": [-9.55676, -20.88889, -28.55629]
						},
						"0.5333": {
							"vector": [-8.77652, -21.21647, -30.72851]
						},
						"0.7667": {
							"vector": [-9.4227, -20.94881, -28.93303]
						},
						"1.0": {
							"vector": [-3.1216, -20.98207, -46.44405]
						},
						"1.1333": {
							"vector": [-4.564, -20.73064, -42.44007]
						},
						"1.2333": {
							"vector": [-4.86325, -20.9153, -41.60203]
						},
						"1.3333": {
							"vector": [-4.58308, -20.97575, -42.38574]
						},
						"1.4667": {
							"vector": [-4.01131, -21.08802, -43.97908]
						},
						"1.6": {
							"vector": [-4.38767, -21.01662, -42.9316]
						},
						"1.7": {
							"vector": [-4.18847, -21.05622, -43.48691],
							"easing": "linear"
						},
						"2.0333": {
							"vector": [-16.91438, 5.38499, 54.40399],
							"easing": "linear"
						},
						"2.1667": {
							"vector": [-15.22513, 5.80082, 60.04554]
						},
						"2.3": {
							"vector": [-15.70981, 5.86025, 59.48558]
						},
						"2.4333": {
							"vector": [-15.93602, 7.03904, 62.69373]
						},
						"2.5667": {
							"vector": [-15.60896, 7.75082, 65.23442]
						},
						"2.7333": {
							"vector": [-15.71675, 7.52491, 64.42194]
						},
						"2.9": {
							"vector": [-15.56389, 7.84019, 65.55973]
						},
						"3.1": {
							"vector": [-15.61778, 7.73186, 65.16659]
						},
						"3.2667": {
							"vector": [-15.9801, 6.93689, 62.33342]
						},
						"3.4": {
							"vector": [-8.86998, 2.42135, 33.56191]
						},
						"3.5333": {
							"vector": [0, -1.75, -2.75]
						},
						"3.7": {
							"vector": [0, 0, 0]
						}
					},
					"position": {
						"0.0": {
							"vector": [0, 0, 0]
						},
						"0.3": {
							"vector": [-0.475, 1.475, -8.7]
						},
						"0.4": {
							"vector": [-0.195, 1, -7.7]
						},
						"0.5333": {
							"vector": [-0.03, 0.725, -7.7]
						},
						"0.7": {
							"vector": [0, 1.125, -7.7]
						},
						"0.9": {
							"vector": [0.125, 1.4, -8.275]
						},
						"1.2": {
							"vector": [-0.02, 1.475, -8]
						},
						"1.4": {
							"vector": [0.11, 1.425, -8.175]
						},
						"1.6667": {
							"vector": [0.275, 1.25, -7.975]
						},
						"1.8": {
							"vector": [-0.13, -1.19, -8.65]
						},
						"1.9667": {
							"vector": [-0.545, -1.325, -11.15]
						},
						"2.1333": {
							"vector": [-0.415, -1.395, -10.545]
						},
						"2.2667": {
							"vector": [-0.525, -1.455, -9.17]
						},
						"2.4": {
							"vector": [-0.49, -1.43, -9.85]
						},
						"2.5667": {
							"vector": [-0.455, -1.5, -9.24]
						},
						"2.7667": {
							"vector": [-0.53, -1.5, -9.27]
						},
						"3.0": {
							"vector": [-0.49, -1.41, -9.3]
						},
						"3.2333": {
							"vector": [-0.545, -1.325, -9.325]
						},
						"3.3667": {
							"vector": [-1.005, -0.61, -7.41]
						},
						"3.6333": {
							"vector": [0, 0, 0]
						}
					}
				},
				"leftarm": {
					"rotation": {
						"0.0": {
							"vector": [0, 0, 0]
						},
						"0.1667": {
							"vector": [0, 0, -2.5]
						},
						"1.7333": {
							"vector": [0, 0, -2.5]
						},
						"2.0333": {
							"vector": [-20, 0, -45]
						},
						"3.3": {
							"vector": [-20, 0, -45]
						},
						"3.5667": {
							"vector": [0, 0, 0]
						}
					},
					"position": {
						"0.0": {
							"vector": [0, 0, 0]
						},
						"0.1667": {
							"vector": [11.23986, -30.20851, 24.64864]
						},
						"1.7333": {
							"vector": [11.23986, -30.20851, 24.64864]
						},
						"2.0333": {
							"vector": [7.35, 6.25, 2.33]
						},
						"3.3": {
							"vector": [7.35, 6.25, 2.33]
						},
						"3.5667": {
							"vector": [0, 0, 0]
						}
					}
				}
			}
		},
		"animation.model.fire": {
			"loop": true,
			"animation_length": 0.16667,
			"bones": {
				"Bolt": {
					"rotation": {
						"0.0": {
							"vector": [0, 0, 0]
						},
						"0.0417": {
							"vector": [0, 0, 0]
						},
						"0.0833": {
							"vector": [0, 0, 0]
						}
					},
					"position": {
						"0.0": {
							"vector": [0, 0, 0]
						},
						"0.0417": {
							"vector": [0, 0, -9.25]
						},
						"0.0833": {
							"vector": [0, 0, 0]
						}
					}
				},
				"bullet2": {
					"rotation": {
						"0.0833": {
							"vector": [0, 0, 0]
						},
						"0.125": {
							"vector": [-4.71404, -10.27784, -0.74721]
						},
						"0.1667": {
							"vector": [-17.41739, -10.19352, 1.51748]
						}
					},
					"position": {
						"0.0833": {
							"vector": [0, 0, 0]
						},
						"0.125": {
							"vector": [-16.875, 2.375, 0]
						},
						"0.1667": {
							"vector": [-47.62, 4.63, 1.375]
						}
					}
				}
			}
		}
	},
	"geckolib_format_version": 2
}