{
	"format_version": "1.8.0",
	"animations": {
		"animation.model.draw": {
			"loop": true,
			"animation_length": 1.2,
			"bones": {
				"main": {
					"rotation": {
						"0.0": {
							"vector": [32.09413, -54.38778, -8.29667]
						},
						"0.35": {
							"vector": [0.50518, -5.08075, 6.8716],
							"easing": "easeOutSine"
						},
						"0.5": {
							"vector": [0.32389, -0.60235, -2.1558],
							"easing": "linear"
						},
						"0.6": {
							"vector": [0, 0, 0],
							"easing": "linear"
						}
					},
					"position": {
						"0.0": {
							"vector": [0, -17.3, 0]
						},
						"0.25": {
							"vector": [-0.4, -2.525, -1.625],
							"easing": "linear"
						},
						"0.4": {
							"vector": [-0.05, 0, -2.49],
							"easing": "linear"
						},
						"0.55": {
							"vector": [0, 0, 0],
							"easing": "linear"
						}
					}
				},
				"leftarm": {
					"rotation": {
						"0.0": {
							"vector": [0, 0, 0]
						},
						"0.2": {
							"vector": [1, 0, -22]
						},
						"0.4": {
							"vector": [0, 0, 0]
						}
					},
					"position": {
						"0.0": {
							"vector": [0, 0, 0]
						},
						"0.2": {
							"vector": [3.53901, 3.6754, 5.59783]
						},
						"0.4": {
							"vector": [0, 0, 0]
						}
					}
				}
			}
		},
		"animation.model.inspect": {
			"loop": true,
			"animation_length": 4.2667,
			"bones": {
				"main": {
					"rotation": {
						"0.0": {
							"vector": [0, 0, 0]
						},
						"0.1667": {
							"vector": [-8.41746, -13.59608, -21.21259],
							"easing": "linear"
						},
						"0.3": {
							"vector": [-8.39812, -20.10111, -31.77688]
						},
						"0.4333": {
							"vector": [-9.55676, -20.88889, -28.55629]
						},
						"0.5333": {
							"vector": [-8.77652, -21.21647, -30.72851]
						},
						"0.7667": {
							"vector": [-9.4227, -20.94881, -28.93303]
						},
						"1.0": {
							"vector": [-3.1216, -20.98207, -46.44405]
						},
						"1.1333": {
							"vector": [-4.564, -20.73064, -42.44007]
						},
						"1.2333": {
							"vector": [-4.86325, -20.9153, -41.60203]
						},
						"1.3333": {
							"vector": [-4.58308, -20.97575, -42.38574]
						},
						"1.4667": {
							"vector": [-4.01131, -21.08802, -43.97908]
						},
						"1.6": {
							"vector": [-4.38767, -21.01662, -42.9316]
						},
						"1.7": {
							"vector": [-4.18847, -21.05622, -43.48691],
							"easing": "linear"
						},
						"2.0333": {
							"vector": [-16.91438, 5.38499, 54.40399],
							"easing": "linear"
						},
						"2.1667": {
							"vector": [-15.22513, 5.80082, 60.04554]
						},
						"2.3": {
							"vector": [-15.70981, 5.86025, 59.48558]
						},
						"2.4333": {
							"vector": [-15.93602, 7.03904, 62.69373]
						},
						"2.5667": {
							"vector": [-15.60896, 7.75082, 65.23442]
						},
						"2.7333": {
							"vector": [-15.71675, 7.52491, 64.42194]
						},
						"2.9": {
							"vector": [-15.56389, 7.84019, 65.55973]
						},
						"3.1": {
							"vector": [-15.61778, 7.73186, 65.16659]
						},
						"3.2667": {
							"vector": [-15.9801, 6.93689, 62.33342]
						},
						"3.4": {
							"vector": [-8.86998, 2.42135, 33.56191]
						},
						"3.5333": {
							"vector": [0, -1.75, -2.75]
						},
						"3.7": {
							"vector": [0, 0, 0]
						}
					},
					"position": {
						"0.0": {
							"vector": [0, 0, 0]
						},
						"0.3": {
							"vector": [-0.475, 1.475, -8.7]
						},
						"0.4": {
							"vector": [-0.195, 1, -7.7]
						},
						"0.5333": {
							"vector": [-0.03, 0.725, -7.7]
						},
						"0.7": {
							"vector": [0, 1.125, -7.7]
						},
						"0.9": {
							"vector": [0.125, 1.4, -8.275]
						},
						"1.2": {
							"vector": [-0.02, 1.475, -8]
						},
						"1.4": {
							"vector": [0.11, 1.425, -8.175]
						},
						"1.6667": {
							"vector": [0.275, 1.25, -7.975]
						},
						"1.8": {
							"vector": [-0.13, -1.19, -8.65]
						},
						"1.9667": {
							"vector": [-0.545, -1.325, -11.15]
						},
						"2.1333": {
							"vector": [-0.415, -1.395, -10.545]
						},
						"2.2667": {
							"vector": [-0.525, -1.455, -9.17]
						},
						"2.4": {
							"vector": [-0.49, -1.43, -9.85]
						},
						"2.5667": {
							"vector": [-0.455, -1.5, -9.24]
						},
						"2.7667": {
							"vector": [-0.53, -1.5, -9.27]
						},
						"3.0": {
							"vector": [-0.49, -1.41, -9.3]
						},
						"3.2333": {
							"vector": [-0.545, -1.325, -9.325]
						},
						"3.3667": {
							"vector": [-1.005, -0.61, -7.41]
						},
						"3.6333": {
							"vector": [0, 0, 0]
						}
					}
				},
				"leftarm": {
					"rotation": {
						"0.0": {
							"vector": [0, 0, 0]
						},
						"0.1667": {
							"vector": [0, 0, -2.5]
						},
						"1.7333": {
							"vector": [0, 0, -2.5]
						},
						"2.0333": {
							"vector": [-20, 0, -45]
						},
						"3.3": {
							"vector": [-20, 0, -45]
						},
						"3.5667": {
							"vector": [0, 0, 0]
						}
					},
					"position": {
						"0.0": {
							"vector": [0, 0, 0]
						},
						"0.1667": {
							"vector": [11.23986, -30.20851, 24.64864]
						},
						"1.7333": {
							"vector": [11.23986, -30.20851, 24.64864]
						},
						"2.0333": {
							"vector": [7.35, 6.25, 2.33]
						},
						"3.3": {
							"vector": [7.35, 6.25, 2.33]
						},
						"3.5667": {
							"vector": [0, 0, 0]
						}
					}
				}
			}
		},
		"animation.model.reload": {
			"loop": "hold_on_last_frame",
			"animation_length": 2.875,
			"bones": {
				"main": {
					"rotation": {
						"0.0": {
							"vector": [0, 0, 0]
						},
						"0.125": {
							"vector": [-3.0818, -1.53414, 0.13425]
						},
						"0.25": {
							"vector": [-2.89916, -2.00579, 7.82304]
						},
						"0.375": {
							"vector": [-9.52787, -3.25396, 20.45566]
						},
						"0.4583": {
							"vector": [-12.7787, -5.21973, 18.14887]
						},
						"0.5417": {
							"vector": [-16.00971, -1.29088, 33.06583]
						},
						"0.6667": {
							"vector": [-16.21728, 2.42193, 29.8046]
						},
						"0.7917": {
							"vector": [-11.21728, 2.42193, 29.8046]
						},
						"1.0": {
							"vector": [-13.64968, 1.17572, 35.24746]
						},
						"1.1667": {
							"vector": [-13.40086, 2.92797, 42.54583]
						},
						"1.4167": {
							"vector": [-15.99969, 3.63775, 37.14259]
						},
						"1.5833": {
							"vector": [-16.00967, 0.21487, 43.32928]
						},
						"1.7083": {
							"vector": [-16.02155, -2.18813, 44.01908]
						},
						"1.9167": {
							"vector": [-16.09737, -1.49834, 46.42368]
						},
						"2.0": {
							"vector": [-16.13008, -3.90016, 47.11826]
						},
						"2.0833": {
							"vector": [-16.09737, -1.49834, 46.42368]
						},
						"2.2083": {
							"vector": [-14.4, -2.21, 38.71]
						},
						"2.3333": {
							"vector": [-12.69965, -2.92824, 30.99877]
						},
						"2.4167": {
							"vector": [-8.24893, -3.26155, 16.11332]
						},
						"2.5": {
							"vector": [-2.89916, -2.00579, 7.82304]
						},
						"2.5833": {
							"vector": [1, -1.97, 1.86]
						},
						"2.6667": {
							"vector": [2.38988, -1.93643, -4.10463]
						},
						"2.875": {
							"vector": [0, 0, 0]
						}
					},
					"position": {
						"0.0": {
							"vector": [0, 0, 0]
						},
						"0.125": {
							"vector": [0, 0, 1.15]
						},
						"0.25": {
							"vector": [0, 0, 3]
						},
						"0.375": {
							"vector": [0, 0, 3],
							"easing": "easeInBounce"
						},
						"0.4583": {
							"vector": [0, 0, 1.29]
						},
						"0.5417": {
							"vector": [0, 0, 0.93]
						},
						"0.6667": {
							"vector": [0, 0, 0.64]
						},
						"0.7917": {
							"vector": [0, 0, 0.64]
						},
						"1.0": {
							"vector": [-0.64564, -1.08365, 5.80657]
						},
						"1.1667": {
							"vector": [-1.28068, -2.16826, 10.96477]
						},
						"1.7083": {
							"vector": [-1.28068, -2.16826, 10.96477]
						},
						"1.8333": {
							"vector": [-1.14364, -2.06189, 10.35971]
						},
						"1.9167": {
							"vector": [-1.00364, -1.95189, 9.75971]
						},
						"2.0833": {
							"vector": [-1.00364, -1.95189, 9.75971]
						},
						"2.2083": {
							"vector": [-0.7, -1.37, 7.73]
						},
						"2.5": {
							"vector": [0, 0, 3]
						},
						"2.6667": {
							"vector": [0.03801, 0.04772, 1.54186]
						},
						"2.875": {
							"vector": [0, 0, 0]
						}
					}
				},
				"rightarm": {
					"rotation": {
						"0.0": {
							"vector": [0, 0, 0]
						},
						"0.0833": {
							"vector": [0, 10, 0]
						},
						"0.125": {
							"vector": [0, 10, 0]
						},
						"0.1667": {
							"vector": [-7.51178, 8.07103, 0.79433]
						},
						"0.2083": {
							"vector": [-5.46843, 7.28511, 13.04907]
						},
						"0.2917": {
							"vector": [-2.73, 3.64, 6.52]
						},
						"0.5": {
							"vector": [-1.62017, -17.81384, 3.84578]
						},
						"0.5833": {
							"vector": [3.0111, 8.50284, 0.0221]
						},
						"0.7083": {
							"vector": [8.4132, 4.78108, 1.36671]
						},
						"1.2917": {
							"vector": [8.4132, 4.78108, 1.36671]
						},
						"1.4167": {
							"vector": [0.9132, 4.78108, 1.36671]
						},
						"1.5417": {
							"vector": [8.4132, 4.78108, 1.36671]
						},
						"1.6667": {
							"vector": [13.41, 4.78, 1.37]
						},
						"1.8333": {
							"vector": [13.43511, -0.21803, 1.22721]
						},
						"1.9583": {
							"vector": [13.41, 4.78, 1.37]
						},
						"2.0833": {
							"vector": [16.75819, 6.38152, -26.28374]
						},
						"2.2083": {
							"vector": [8.88, -3.99, -13.37]
						},
						"2.375": {
							"vector": [-1.62017, -17.81384, 3.84578]
						},
						"2.625": {
							"vector": [-5.46843, 7.28511, 13.04907]
						},
						"2.6667": {
							"vector": [-7.51178, 8.07103, 0.79433]
						},
						"2.7083": {
							"vector": [0, 10, 0]
						},
						"2.75": {
							"vector": [0, 10, 0]
						},
						"2.875": {
							"vector": [0, 0, 0]
						}
					},
					"position": {
						"0.0": {
							"vector": [0, 0, 0]
						},
						"0.0833": {
							"vector": [-8.91956, 4.43011, -1.1706]
						},
						"0.125": {
							"vector": [-7.49727, 13.85864, -2.84698]
						},
						"0.1667": {
							"vector": [-8.19881, 14.41948, -3.4443]
						},
						"0.2083": {
							"vector": [-6.91676, 17.96848, -2.96144]
						},
						"0.25": {
							"vector": [-4.36402, 19.46212, -2.83542]
						},
						"0.2917": {
							"vector": [-1.76458, 19.69901, -3.02228]
						},
						"0.5": {
							"vector": [-6.42111, 19.69055, 11.77076]
						},
						"0.5833": {
							"vector": [-8.9, 16.95, 15.91]
						},
						"0.7083": {
							"vector": [-11.25, 10, 22.5]
						},
						"1.2917": {
							"vector": [-11.25, 10, 22.5]
						},
						"1.4167": {
							"vector": [-9.37535, 15.34645, 4.89022]
						},
						"1.5417": {
							"vector": [-7.1271, 18.17765, -12.32158]
						},
						"1.6667": {
							"vector": [-6.21792, 19.2519, -19.29005]
						},
						"1.8333": {
							"vector": [-7.87281, 19.25315, -18.25043]
						},
						"1.9583": {
							"vector": [-5.21064, 19.21356, -21.17211]
						},
						"2.0833": {
							"vector": [-3.76824, 16.65495, -24.9482]
						},
						"2.2083": {
							"vector": [-11.78488, 16.53935, -8.84435]
						},
						"2.375": {
							"vector": [-6.42111, 19.69055, 11.77076]
						},
						"2.5417": {
							"vector": [-4.29795, 19.44644, 0.20656]
						},
						"2.5833": {
							"vector": [-4.36402, 19.46212, -2.83542]
						},
						"2.625": {
							"vector": [-6.91676, 17.96848, -2.96144]
						},
						"2.6667": {
							"vector": [-8.19881, 14.41948, -3.4443]
						},
						"2.7083": {
							"vector": [-7.49727, 13.85864, -2.84698]
						},
						"2.75": {
							"vector": [-8.91956, 4.43011, -1.1706]
						},
						"2.875": {
							"vector": [0, 0, 0]
						}
					}
				},
				"bullet": {
					"rotation": {
						"0.2917": {
							"vector": [0, 0, 0]
						},
						"0.5": {
							"vector": [0, 15, 0]
						},
						"0.5417": {
							"vector": [0, 22.5, 0]
						},
						"0.5833": {
							"vector": [0, 50, 0]
						},
						"0.625": {
							"vector": [0, 92.5, 0]
						},
						"0.6667": {
							"vector": [0, 150, 0]
						},
						"0.7083": {
							"vector": [0, 207.5, 0]
						},
						"0.75": {
							"vector": [0, 327.5, 0]
						}
					},
					"position": {
						"0.2917": {
							"vector": [0, 0, 0]
						},
						"0.4167": {
							"vector": [0, -0.12, 10.635]
						},
						"0.4583": {
							"vector": [0, -0.12, 14.14]
						},
						"0.5": {
							"vector": [-0.96593, -0.12, 14.39882]
						},
						"0.5417": {
							"vector": [-6.84473, -0.12, 14.26271]
						},
						"0.5833": {
							"vector": [-24.27789, -0.12, 21.80049]
						},
						"0.625": {
							"vector": [-49.8053, -3.995, 35.30137]
						},
						"0.6667": {
							"vector": [-79.9447, -3.99, 64.39215]
						},
						"0.7083": {
							"vector": [-102.6287, -3.99, 107.43799]
						},
						"0.75": {
							"vector": [-153.05627, -19.74, 213.8753]
						}
					}
				},
				"Bolt": {
					"position": {
						"0.2917": {
							"vector": [0, 0, 0]
						},
						"0.5": {
							"vector": [0, 0, 17.5]
						},
						"2.375": {
							"vector": [0, 0, 17.5]
						},
						"2.5833": {
							"vector": [0, 0, 0]
						}
					}
				},
				"Bolt1": {
					"rotation": {
						"0.125": {
							"vector": [0, 0, 0]
						},
						"0.2917": {
							"vector": [-0.98185, 1.10247, 90.34078]
						},
						"2.5417": {
							"vector": [-0.98185, 1.10247, 90.34078]
						},
						"2.7083": {
							"vector": [0, 0, 0]
						}
					},
					"position": {
						"0.125": {
							"vector": [0, 0, 0]
						},
						"0.1667": {
							"vector": [-0.07755, 0.04021, -0.0026]
						},
						"0.2083": {
							"vector": [0.03683, 0.07537, -0.13037]
						},
						"0.25": {
							"vector": [0.16469, -0.01372, -0.31009]
						},
						"0.2917": {
							"vector": [0.09962, -0.02921, -0.10804]
						},
						"2.5417": {
							"vector": [0.09962, -0.02921, -0.10804]
						},
						"2.5833": {
							"vector": [0.16469, -0.01372, -0.31009]
						},
						"2.625": {
							"vector": [0.03683, 0.07537, -0.13037]
						},
						"2.6667": {
							"vector": [-0.07755, 0.04021, -0.0026]
						},
						"2.7083": {
							"vector": [0, 0, 0]
						}
					}
				},
				"leftarm": {
					"rotation": {
						"0.0": {
							"vector": [0, 0, 0]
						},
						"0.25": {
							"vector": [0, 0, 0]
						},
						"0.3333": {
							"vector": [-5.80909, 4.23106, 4.46948]
						},
						"0.75": {
							"vector": [-5.80909, 4.23106, 4.46948]
						},
						"0.9583": {
							"vector": [19.81, 17.28, 16.38]
						},
						"1.2083": {
							"vector": [39.03173, 27.06679, 25.30577]
						},
						"1.5": {
							"vector": [39.03173, 27.06679, 25.30577]
						},
						"1.9583": {
							"vector": [39.03173, 27.06679, 25.30577]
						},
						"2.4583": {
							"vector": [-5.80909, 4.23106, 4.46948]
						},
						"2.625": {
							"vector": [0, 0, 0]
						}
					},
					"position": {
						"0.0": {
							"vector": [0, 0, 0]
						},
						"0.25": {
							"vector": [0, 0, 0]
						},
						"0.3333": {
							"vector": [0, -1.125, 3.875]
						},
						"0.75": {
							"vector": [0, -1.125, 3.25]
						},
						"0.9583": {
							"vector": [1.22, 7.88, 5.52]
						},
						"1.2083": {
							"vector": [0.95709, 14.27408, 7.3348]
						},
						"1.5": {
							"vector": [0.95709, 14.27408, 7.3348]
						},
						"1.9583": {
							"vector": [2.13086, 14.62919, 7.22628]
						},
						"2.4583": {
							"vector": [0, -1.125, 3.25]
						},
						"2.625": {
							"vector": [0, 0, 0]
						}
					}
				},
				"gun": {
					"rotation": {
						"vector": [0, 0, 0]
					}
				},
				"bullet2": {
					"rotation": {
						"0.0": {
							"vector": [0, 0, 0]
						},
						"1.2083": {
							"vector": [0, 0, 0]
						},
						"1.25": {
							"vector": [0, 0, 0]
						},
						"1.2917": {
							"vector": [0, 0, 0]
						},
						"1.4167": {
							"vector": [-5, 0, 0]
						},
						"1.5417": {
							"vector": [2.50954, -4.99523, -0.21865]
						},
						"1.6667": {
							"vector": [2.56062, -12.48791, -0.55404]
						},
						"1.8333": {
							"vector": [2.56062, -12.48791, -0.55404]
						},
						"2.0833": {
							"vector": [0, 0, 0]
						}
					},
					"position": {
						"0.0": {
							"vector": [0, 0, 0]
						},
						"1.2083": {
							"vector": [0, 0, 0]
						},
						"1.25": {
							"vector": [0, -3.375, 35.25]
						},
						"1.2917": {
							"vector": [-7.125, -2.25, 30.25]
						},
						"1.4167": {
							"vector": [-5.995, 3.875, 13.125]
						},
						"1.5417": {
							"vector": [-4.19546, 4.85898, -1.70164]
						},
						"1.6667": {
							"vector": [-1.72651, 3.42209, -14.68729]
						},
						"1.8333": {
							"vector": [-1.72651, 3.42209, -14.68729]
						},
						"2.0833": {
							"vector": [0, 2.75, -23.625]
						}
					}
				}
			},
			"sound_effects": {
				"0.0": {
					"effect": "tankgewehrreload"
				}
			}
		}
	},
	"geckolib_format_version": 2
}