{
	"format_version": "1.8.0",
	"animations": {
		"animation.model.reload": {
			"loop": "hold_on_last_frame",
			"animation_length": 2.5417,
			"bones": {
				"BreechBlock": {
					"rotation": {
						"0.6667": {
							"vector": [0, 0, 0]
						},
						"0.7917": {
							"vector": [0, 0, -90]
						},
						"2.0833": {
							"vector": [0, 0, -90]
						},
						"2.2083": {
							"vector": [0, 0, 0]
						}
					},
					"position": {
						"0.6667": {
							"vector": [0, 0, 0]
						},
						"0.7917": {
							"vector": [0, 0, 0]
						},
						"2.0833": {
							"vector": [0, 0, 0]
						},
						"2.2083": {
							"vector": [0, 0, 0]
						}
					}
				},
				"bullet": {
					"rotation": {
						"1.0417": {
							"vector": [5.56096, 5.02857, -0.10043]
						},
						"1.0833": {
							"vector": [5.56, 5.03, -0.1]
						},
						"1.1667": {
							"vector": [5.56, 5.03, -0.1]
						},
						"1.25": {
							"vector": [-23.77167, 11.67064, -1.35509]
						},
						"1.4167": {
							"vector": [-37.92487, 1.42047, -0.97986]
						},
						"1.625": {
							"vector": [-52.18983, -8.40296, 2.62631]
						}
					},
					"position": {
						"0.0": {
							"vector": [0, 0, 0]
						},
						"0.875": {
							"vector": [0.06799, 1.87921, 10.476]
						},
						"0.9583": {
							"vector": [0.06799, 1.87921, 10.476]
						},
						"1.0": {
							"vector": [0.16678, 2.37505, 13.69889]
						},
						"1.0417": {
							"vector": [0.22353, 2.7208, 15.08867]
						},
						"1.0833": {
							"vector": [0.26837, 3.89748, 17.41888]
						},
						"1.1667": {
							"vector": [0.25167, 4.20671, 19.77361]
						},
						"1.25": {
							"vector": [0.22258, 5.2144, 27.00966]
						},
						"1.4167": {
							"vector": [10.67696, -0.21488, 45.35062]
						},
						"1.625": {
							"vector": [19.68644, -25.01176, 62.9969]
						}
					}
				},
				"bullet2": {
					"rotation": {
						"1.4167": {
							"vector": [0, 0, 0]
						},
						"1.4583": {
							"vector": [0, 0, 0]
						},
						"1.5833": {
							"vector": [0, 0, 0]
						},
						"1.6667": {
							"vector": [3.38624, -3.67443, -0.3271]
						},
						"1.75": {
							"vector": [9.13535, 8.49825, -0.41238]
						},
						"1.8333": {
							"vector": [10.37376, 8.21873, -0.44019]
						},
						"1.9583": {
							"vector": [1.82545, 1.63911, 0]
						}
					},
					"position": {
						"1.4167": {
							"vector": [0, 0, 0]
						},
						"1.4583": {
							"vector": [-8.25, 5.625, 1.125]
						},
						"1.5833": {
							"vector": [-8.25, 5.63, 1.13]
						},
						"1.6667": {
							"vector": [-4.875, 8.88, -16.62]
						},
						"1.75": {
							"vector": [-0.245, 6.63, -20.995]
						},
						"1.8333": {
							"vector": [-0.21666, 4.75015, -26.71025]
						},
						"1.9583": {
							"vector": [0, 3.76, -31.985]
						},
						"2.0": {
							"vector": [-0.125, 3.76, -31.98]
						}
					}
				},
				"rightarm": {
					"rotation": {
						"0.0": {
							"vector": [0, 0, 0]
						},
						"0.0833": {
							"vector": [5, 0, 0]
						},
						"0.1667": {
							"vector": [17.26, 0, 0]
						},
						"0.25": {
							"vector": [16.37, 0, 0]
						},
						"0.4167": {
							"vector": [14.6, 0, 0]
						},
						"0.5417": {
							"vector": [16.22, 0, 0]
						},
						"0.6667": {
							"vector": [12.29773, -5.21295, 7.60671]
						},
						"0.7917": {
							"vector": [13.99214, -4.51984, -3.69467]
						},
						"0.9167": {
							"vector": [19.56917, 7.937, -1.22517]
						},
						"1.0": {
							"vector": [22.07604, 7.99327, -1.41902]
						},
						"1.0417": {
							"vector": [22.07604, 7.99327, -1.41902]
						},
						"1.3333": {
							"vector": [11.2, 0.13, -1.16]
						},
						"1.4583": {
							"vector": [8.4132, 4.78108, 1.36671]
						},
						"1.5833": {
							"vector": [8.4132, 4.78108, 1.36671]
						},
						"1.6667": {
							"vector": [9.81595, 4.09502, 0.8161]
						},
						"1.75": {
							"vector": [20.96288, 3.52699, -1.2755]
						},
						"1.8333": {
							"vector": [19.56917, 7.937, -1.22517]
						},
						"1.875": {
							"vector": [22.07604, 7.99327, -1.41902]
						},
						"1.9583": {
							"vector": [19.56917, 7.937, -1.22517]
						},
						"2.0833": {
							"vector": [13.99214, -4.51984, -3.69467]
						},
						"2.2083": {
							"vector": [12.29773, -5.21295, 7.60671]
						},
						"2.5417": {
							"vector": [0, 0, 0]
						}
					},
					"position": {
						"0.0": {
							"vector": [0, 0, 0]
						},
						"0.0833": {
							"vector": [-7.75, 2.625, 5.875]
						},
						"0.1667": {
							"vector": [-7.37, 10.375, 7.59]
						},
						"0.25": {
							"vector": [-5.365, 13.34, 2.325]
						},
						"0.4167": {
							"vector": [-5.655, 11.9, 2.82]
						},
						"0.5417": {
							"vector": [-3.935, 13.68, -4.475]
						},
						"0.6667": {
							"vector": [-2.79, 14.685, -5.53]
						},
						"0.7083": {
							"vector": [-4.4, 14.765, -5.33]
						},
						"0.75": {
							"vector": [-6, 14.285, -5.12]
						},
						"0.7917": {
							"vector": [-7.605, 13.05, -4.92]
						},
						"0.9167": {
							"vector": [-1.3, 13.865, -2.64]
						},
						"1.0": {
							"vector": [-1.3, 13.865, -4.765]
						},
						"1.0417": {
							"vector": [-1.3, 13.865, -4.765]
						},
						"1.1667": {
							"vector": [-2.8658, 14.95473, 0.76726]
						},
						"1.3333": {
							"vector": [-9.43, 12.78, 8.79]
						},
						"1.4583": {
							"vector": [-11.25, 10, 22.5]
						},
						"1.5833": {
							"vector": [-11.25, 10, 22.5]
						},
						"1.6667": {
							"vector": [-7.75, 14.045, 4.375]
						},
						"1.75": {
							"vector": [-2.81, 15.88, 2.575]
						},
						"1.8333": {
							"vector": [-1.3, 13.865, -2.64]
						},
						"1.875": {
							"vector": [-1.3, 13.865, -4.765]
						},
						"1.9583": {
							"vector": [-1.3, 13.865, -2.64]
						},
						"2.0833": {
							"vector": [-7.605, 13.05, -4.92]
						},
						"2.125": {
							"vector": [-6, 14.285, -5.12]
						},
						"2.1667": {
							"vector": [-4.4, 14.765, -5.33]
						},
						"2.2083": {
							"vector": [-2.79, 14.685, -5.53]
						},
						"2.3333": {
							"vector": [-7.49611, 12.54034, -3.77595]
						},
						"2.4167": {
							"vector": [-6.025, 10.93, -1.32]
						},
						"2.5417": {
							"vector": [0, 0, 0]
						}
					}
				},
				"main": {
					"rotation": {
						"0.0": {
							"vector": [0, 0, 0]
						},
						"0.0833": {
							"vector": [-3.5, 0.04, 1]
						},
						"0.2083": {
							"vector": [-2.49762, 0.10901, 2.49762]
						},
						"0.375": {
							"vector": [-6.24941, 0.10975, 9.99941]
						},
						"0.5417": {
							"vector": [-4.95975, 0.5428, 9.98362]
						},
						"0.6667": {
							"vector": [-2.5, 0.11, 2.5]
						},
						"0.7917": {
							"vector": [-2.5, 0.11, -5]
						},
						"0.9167": {
							"vector": [-2.5, 0.11, -5]
						},
						"1.2917": {
							"vector": [-15.65978, -4.38876, 11.61661]
						},
						"1.5": {
							"vector": [-14.00329, -3.44991, 11.48432]
						},
						"1.5833": {
							"vector": [-13.34729, -7.41063, 11.43359]
						},
						"1.7083": {
							"vector": [-10.74101, -5.37979, 11.20086]
						},
						"1.8333": {
							"vector": [-6.62, -2.63, 10.6]
						},
						"1.9583": {
							"vector": [-2.5, 0.11, -5]
						},
						"2.0833": {
							"vector": [-5.10642, -2.27872, 2.49479]
						},
						"2.2917": {
							"vector": [-2.96276, -0.73691, 3.84886]
						},
						"2.5417": {
							"vector": [0, 0, 0]
						}
					},
					"position": {
						"0.0": {
							"vector": [0, 0, 0]
						},
						"0.0833": {
							"vector": [0, 0, 0]
						},
						"0.2083": {
							"vector": [0, 0, 0]
						},
						"0.375": {
							"vector": [0, 0, 0]
						},
						"0.5417": {
							"vector": [0, 0, 0]
						},
						"0.6667": {
							"vector": [0, 0, 0]
						},
						"0.7917": {
							"vector": [0, 0, 0]
						},
						"0.9167": {
							"vector": [0, 0, 0]
						},
						"1.2917": {
							"vector": [0, 0, 0]
						},
						"1.5833": {
							"vector": [0, 0, 0]
						},
						"1.7083": {
							"vector": [0, 0, 0]
						},
						"1.9583": {
							"vector": [0, 0, 0]
						},
						"2.0833": {
							"vector": [0, 0, 0]
						},
						"2.2917": {
							"vector": [0, 0, 0]
						},
						"2.5417": {
							"vector": [0, 0, 0]
						}
					}
				},
				"lock": {
					"rotation": {
						"0.25": {
							"vector": [0, 0, 0]
						},
						"0.4167": {
							"vector": [-27.5, 0, 0]
						}
					}
				},
				"leftarm": {
					"rotation": {
						"0.0": {
							"vector": [0, 0, 0]
						},
						"0.5": {
							"vector": [0, 0, 0]
						},
						"0.75": {
							"vector": [0, 0, -12.5]
						},
						"2.0833": {
							"vector": [0, 0, -12.5]
						},
						"2.4167": {
							"vector": [0, 0, 0]
						}
					},
					"position": {
						"0.0": {
							"vector": [0, 0, 0]
						},
						"0.5": {
							"vector": [0, 0, 0]
						},
						"0.75": {
							"vector": [1.2331, 1.12104, 7.05041]
						},
						"2.0833": {
							"vector": [1.2331, 1.12104, 7.05041]
						},
						"2.4167": {
							"vector": [0, 0, 0]
						}
					}
				}
			},
			"sound_effects": {
				"0.0": {
					"effect": "werdlreload"
				}
			}
		},
		"animation.model.draw": {
			"loop": true,
			"animation_length": 1.2,
			"bones": {
				"main": {
					"rotation": {
						"0.0": {
							"vector": [32.09413, -54.38778, -8.29667]
						},
						"0.35": {
							"vector": [0.50518, -5.08075, 6.8716],
							"easing": "easeOutSine"
						},
						"0.5": {
							"vector": [0.32389, -0.60235, -2.1558],
							"easing": "linear"
						},
						"0.6": {
							"vector": [0, 0, 0],
							"easing": "linear"
						}
					},
					"position": {
						"0.0": {
							"vector": [0, -17.3, 0]
						},
						"0.25": {
							"vector": [-0.4, -2.525, -1.625],
							"easing": "linear"
						},
						"0.4": {
							"vector": [-0.05, 0, -2.49],
							"easing": "linear"
						},
						"0.55": {
							"vector": [0, 0, 0],
							"easing": "linear"
						}
					}
				},
				"leftarm": {
					"rotation": {
						"0.0": {
							"vector": [0, 0, 0]
						},
						"0.2": {
							"vector": [1, 0, -22]
						},
						"0.4": {
							"vector": [0, 0, 0]
						}
					},
					"position": {
						"0.0": {
							"vector": [0, 0, 0]
						},
						"0.2": {
							"vector": [3.53901, 3.6754, 5.59783]
						},
						"0.4": {
							"vector": [0, 0, 0]
						}
					}
				}
			}
		},
		"animation.model.inspect": {
			"loop": true,
			"animation_length": 4.2667,
			"bones": {
				"main": {
					"rotation": {
						"0.0": {
							"vector": [0, 0, 0]
						},
						"0.1667": {
							"vector": [-8.41746, -13.59608, -21.21259],
							"easing": "linear"
						},
						"0.3": {
							"vector": [-8.39812, -20.10111, -31.77688]
						},
						"0.4333": {
							"vector": [-9.55676, -20.88889, -28.55629]
						},
						"0.5333": {
							"vector": [-8.77652, -21.21647, -30.72851]
						},
						"0.7667": {
							"vector": [-9.4227, -20.94881, -28.93303]
						},
						"1.0": {
							"vector": [-3.1216, -20.98207, -46.44405]
						},
						"1.1333": {
							"vector": [-4.564, -20.73064, -42.44007]
						},
						"1.2333": {
							"vector": [-4.86325, -20.9153, -41.60203]
						},
						"1.3333": {
							"vector": [-4.58308, -20.97575, -42.38574]
						},
						"1.4667": {
							"vector": [-4.01131, -21.08802, -43.97908]
						},
						"1.6": {
							"vector": [-4.38767, -21.01662, -42.9316]
						},
						"1.7": {
							"vector": [-4.18847, -21.05622, -43.48691],
							"easing": "linear"
						},
						"2.0333": {
							"vector": [-16.91438, 5.38499, 54.40399],
							"easing": "linear"
						},
						"2.1667": {
							"vector": [-15.22513, 5.80082, 60.04554]
						},
						"2.3": {
							"vector": [-15.70981, 5.86025, 59.48558]
						},
						"2.4333": {
							"vector": [-15.93602, 7.03904, 62.69373]
						},
						"2.5667": {
							"vector": [-15.60896, 7.75082, 65.23442]
						},
						"2.7333": {
							"vector": [-15.71675, 7.52491, 64.42194]
						},
						"2.9": {
							"vector": [-15.56389, 7.84019, 65.55973]
						},
						"3.1": {
							"vector": [-15.61778, 7.73186, 65.16659]
						},
						"3.2667": {
							"vector": [-15.9801, 6.93689, 62.33342]
						},
						"3.4": {
							"vector": [-8.86998, 2.42135, 33.56191]
						},
						"3.5333": {
							"vector": [0, -1.75, -2.75]
						},
						"3.7": {
							"vector": [0, 0, 0]
						}
					},
					"position": {
						"0.0": {
							"vector": [0, 0, 0]
						},
						"0.3": {
							"vector": [-0.475, 1.475, -8.7]
						},
						"0.4": {
							"vector": [-0.195, 1, -7.7]
						},
						"0.5333": {
							"vector": [-0.03, 0.725, -7.7]
						},
						"0.7": {
							"vector": [0, 1.125, -7.7]
						},
						"0.9": {
							"vector": [0.125, 1.4, -8.275]
						},
						"1.2": {
							"vector": [-0.02, 1.475, -8]
						},
						"1.4": {
							"vector": [0.11, 1.425, -8.175]
						},
						"1.6667": {
							"vector": [0.275, 1.25, -7.975]
						},
						"1.8": {
							"vector": [-0.13, -1.19, -8.65]
						},
						"1.9667": {
							"vector": [-0.545, -1.325, -11.15]
						},
						"2.1333": {
							"vector": [-0.415, -1.395, -10.545]
						},
						"2.2667": {
							"vector": [-0.525, -1.455, -9.17]
						},
						"2.4": {
							"vector": [-0.49, -1.43, -9.85]
						},
						"2.5667": {
							"vector": [-0.455, -1.5, -9.24]
						},
						"2.7667": {
							"vector": [-0.53, -1.5, -9.27]
						},
						"3.0": {
							"vector": [-0.49, -1.41, -9.3]
						},
						"3.2333": {
							"vector": [-0.545, -1.325, -9.325]
						},
						"3.3667": {
							"vector": [-1.005, -0.61, -7.41]
						},
						"3.6333": {
							"vector": [0, 0, 0]
						}
					}
				},
				"leftarm": {
					"rotation": {
						"0.0": {
							"vector": [0, 0, 0]
						},
						"0.1667": {
							"vector": [0, 0, -2.5]
						},
						"1.7333": {
							"vector": [0, 0, -2.5]
						},
						"2.0333": {
							"vector": [-20, 0, -45]
						},
						"3.3": {
							"vector": [-20, 0, -45]
						},
						"3.5667": {
							"vector": [0, 0, 0]
						}
					},
					"position": {
						"0.0": {
							"vector": [0, 0, 0]
						},
						"0.1667": {
							"vector": [11.23986, -30.20851, 24.64864]
						},
						"1.7333": {
							"vector": [11.23986, -30.20851, 24.64864]
						},
						"2.0333": {
							"vector": [7.35, 6.25, 2.33]
						},
						"3.3": {
							"vector": [7.35, 6.25, 2.33]
						},
						"3.5667": {
							"vector": [0, 0, 0]
						}
					}
				}
			}
		},
		"animation.model.preparefire": {
			"loop": "hold_on_last_frame",
			"animation_length": 0.0417,
			"bones": {
				"lock": {
					"rotation": {
						"0.0": {
							"vector": [-27.5, 0, 0]
						},
						"0.0417": {
							"vector": [0, 0, 0]
						}
					}
				}
			}
		},
		"animation.model.fire": {
			"animation_length": 0.375,
			"bones": {
				"main": {
					"rotation": {
						"0.0": {
							"vector": [0, 0, 0]
						},
						"0.0833": {
							"vector": [-8.70704, -2.00287, -6.82365]
						},
						"0.1667": {
							"vector": [-4.92074, -2.12162, -7.81848]
						},
						"0.25": {
							"vector": [-4.74028, -1.62322, 0.57363]
						},
						"0.375": {
							"vector": [0, 0, 0]
						}
					},
					"position": {
						"0.0": {
							"vector": [0, 0, 0]
						},
						"0.0833": {
							"vector": [-0.375, -0.9, 6.575]
						},
						"0.25": {
							"vector": [-0.34, -0.65, 5.135]
						},
						"0.375": {
							"vector": [0, 0, 0]
						}
					}
				},
				"leftarm": {
					"rotation": {
						"0.0": {
							"vector": [0, 0, 0]
						},
						"0.0833": {
							"vector": [0, 0, 0]
						},
						"0.1667": {
							"vector": [-2.75698, 3.4791, 5.36205]
						},
						"0.2917": {
							"vector": [0, 0, 0]
						},
						"0.375": {
							"vector": [0, 0, 0]
						}
					},
					"position": {
						"0.0": {
							"vector": [0, 0, 0]
						},
						"0.0833": {
							"vector": [0, 0, 0]
						},
						"0.1667": {
							"vector": [0, 0, 3]
						},
						"0.2917": {
							"vector": [0, 0, 0]
						},
						"0.375": {
							"vector": [0, 0, 0]
						}
					}
				}
			}
		}
	},
	"geckolib_format_version": 2
}