{
    "gom_musket_fire": {
        "sounds": [
            {
                "name": "pointblank:gom_musket_fire",
                "stream": false
            }
        ]
    },
    "gom_musket_aim_rattle_handling": {
        "sounds": [
            {
                "name": "pointblank:gom_musket_aim_rattle_handling",
                "stream": false
            }
        ]
    },
    "gom_musket_handling_halfcock": {
        "sounds": [
            {
                "name": "pointblank:gom_musket_handling_halfcock",
                "stream": false
            }
        ]
    },
    "gom_musket_dryfire": {
        "sounds": [
            {
                "name": "pointblank:gom_musket_dryfire",
                "stream": false
            }
        ]
    },
    "gom_musket_full_cock": {
        "sounds": [
            {
                "name": "pointblank:gom_musket_full_cock",
                "stream": false
            }
        ]
    },
    "gom_musket_handling_draw": {
        "sounds": [
            {
                "name": "pointblank:gom_musket_handling_draw",
                "stream": false
            }
        ]
    },
    "gom_musket_prepare": {
        "sounds": [
            {
                "name": "pointblank:gom_musket_prepare",
                "stream": false
            }
        ]
    },
"gom_musket_reload": {
    "sounds": [
        {
            "name": "pointblank:gom_musket_reload",
            "stream": false
        }
    ]
},
    "gom_musket_reload_ambient_rattle": {
        "sounds": [
            {
                "name": "pointblank:gom_musket_reload_ambient_rattle",
                "stream": false
            }
        ]
    }

}
