{
    "sample_assaultrifle": {
        "sounds": [
            {
                "name": "pointblank:sample_assaultrifle",
                "stream": false
            }
        ]
    },
    "sample_shotgun": {
        "sounds": [
            {
                "name": "pointblank:sample_shotgun",
                "stream": false
            }
        ]
    },
    "lebelfire": {
        "sounds": [
            {
                "name": "pointblank:lebelfire",
                "stream": false
            }
        ]
    },
    "lebelfinish": {
        "sounds": [
            {
                "name": "pointblank:lebelfinish",
                "stream": false
            }
        ]
    },
    "lebelprepare": {
        "sounds": [
            {
                "name": "pointblank:lebelprepare",
                "stream": false
            }
        ]
    },
    "boltsingleload": {
        "sounds": [
            {
                "name": "pointblank:boltsingleload",
                "stream": false
            }
        ]
    },
    "lebelload": {
        "sounds": [
            {
                "name": "pointblank:lebelload",
                "stream": false
            }
        ]
    },
    "m95firing": {
        "sounds": [
            {
                "name": "pointblank:m95firing",
                "stream": false
            }
        ]
    },
    "m95finish1": {
        "sounds": [
            {
                "name": "pointblank:m95finish1",
                "stream": false
            }
        ]
    },
    "m95prepare": {
        "sounds": [
            {
                "name": "pointblank:m95prepare",
                "stream": false
            }
        ]
    },
    "mp18fire": {
        "sounds": [
            {
                "name": "pointblank:mp18fire",
                "stream": false
            }
        ]
    },
    "mp18load1": {
        "sounds": [
            {
                "name": "pointblank:mp18load1",
                "stream": false
            }
        ]
    },
    "mp18load2": {
        "sounds": [
            {
                "name": "pointblank:mp18load2",
                "stream": false
            }
        ]
    },
    "barfire": {
        "sounds": [
            {
                "name": "pointblank:barfire",
                "stream": false
            }
        ]
    },
    "barload1": {
        "sounds": [
            {
                "name": "pointblank:barload1",
                "stream": false
            }
        ]
    },
    "barload2": {
        "sounds": [
            {
                "name": "pointblank:barload2",
                "stream": false
            }
        ]
    },
    "henrymartinifire": {
        "sounds": [
            {
                "name": "pointblank:henrymartinifire",
                "stream": false
            }
        ]
    },
    "gewehr98prepare": {
        "sounds": [
            {
                "name": "pointblank:gewehr98prepare",
                "stream": false
            }
        ]
    },
    "gewehr98fire": {
        "sounds": [
            {
                "name": "pointblank:gewehr98fire",
                "stream": false
            }
        ]
    },
    "gewehr98finish": {
        "sounds": [
            {
                "name": "pointblank:gewehr98finish",
                "stream": false
            }
        ]
    },
    "m1903prepare": {
        "sounds": [
            {
                "name": "pointblank:m1903prepare",
                "stream": false
            }
        ]
    },
    "m1903fire": {
        "sounds": [
            {
                "name": "pointblank:m1903fire",
                "stream": false
            }
        ]
    },
    "m1903finish": {
        "sounds": [
            {
                "name": "pointblank:m1903finish",
                "stream": false
            }
        ]
    },
    "madsenfire": {
        "sounds": [
            {
                "name": "pointblank:madsenfire",
                "stream": false
            }
        ]
    },
    "madsenreload": {
        "sounds": [
            {
                "name": "pointblank:madsenreload",
                "stream": false
            }
        ]
    },
    "madsenreloadempty": {
        "sounds": [
            {
                "name": "pointblank:madsenreloadempty",
                "stream": false
            }
        ]
    },
    "ribeyrollesfire": {
        "sounds": [
            {
                "name": "pointblank:ribeyrollesfire",
                "stream": false
            }
        ]
    },
    "ribeyrollesreload": {
        "sounds": [
            {
                "name": "pointblank:ribeyrollesreload",
                "stream": false
            }
        ]
    },
    "ribeyrollesreloadempty": {
        "sounds": [
            {
                "name": "pointblank:ribeyrollesreloadempty",
                "stream": false
            }
        ]
    },
    "werdlfire": {
        "sounds": [
            {
                "name": "pointblank:werdlfire",
                "stream": false
            }
        ]
    },
    "werdlreload": {
        "sounds": [
            {
                "name": "pointblank:werdlreload",
                "stream": false
            }
        ]
    },
    "hellriegelreload": {
        "sounds": [
            {
                "name": "pointblank:hellriegelreload",
                "stream": false
            }
        ]
    },
    "hellriegelreloadempty": {
        "sounds": [
            {
                "name": "pointblank:hellriegelreloadempty",
                "stream": false
            }
        ]
    },
    "hellriegelfire": {
        "sounds": [
            {
                "name": "pointblank:hellriegelfire",
                "stream": false
            }
        ]
    },
    "mosinfire": {
        "sounds": [
            {
                "name": "pointblank:mosinfire",
                "stream": false
            }
        ]
    },
    "mosinprepare": {
        "sounds": [
            {
                "name": "pointblank:mosinprepare",
                "stream": false
            }
        ]
    },
    "mosinfinish": {
        "sounds": [
            {
                "name": "pointblank:mosinfinish",
                "stream": false
            }
        ]
    },
    "m1907fire": {
        "sounds": [
            {
                "name": "pointblank:m1907fire",
                "stream": false
            }
        ]
    },
    "m1907reload": {
        "sounds": [
            {
                "name": "pointblank:m1907reload",
                "stream": false
            }
        ]
    },
    "m1907reloadempty": {
        "sounds": [
            {
                "name": "pointblank:m1907reloadempty",
                "stream": false
            }
        ]
    },
    "obrezskeletonfire": {
        "sounds": [
            {
                "name": "pointblank:obrezskeletonfire",
                "stream": false
            }
        ]
    },
    "tankgewehrfire": {
        "sounds": [
            {
                "name": "pointblank:tankgewehrfire",
                "stream": false
            }
        ]
    },
    "tankgewehrreload": {
        "sounds": [
            {
                "name": "pointblank:tankgewehrreload",
                "stream": false
            }
        ]
    },
    "lewisgunfire": {
        "sounds": [
            {
                "name": "pointblank:lewisgunfire",
                "stream": false
            }
        ]
    },
    "lewisgunreload": {
        "sounds": [
            {
                "name": "pointblank:lewisgunreload",
                "stream": false
            }
        ]
    },
    "lewisgunreloadempty": {
        "sounds": [
            {
                "name": "pointblank:lewisgunreloadempty",
                "stream": false
            }
        ]
    },
    "carcanofinish": {
        "sounds": [
            {
                "name": "pointblank:carcanofinish",
                "stream": false
            }
        ]
    },
    "carcanofire": {
        "sounds": [
            {
                "name": "pointblank:carcanofire",
                "stream": false
            }
        ]
    },
    "carcanoprepare": {
        "sounds": [
            {
                "name": "pointblank:carcanoprepare",
                "stream": false
            }
        ]
    },
    "lugerfire": {
        "sounds": [
            {
                "name": "pointblank:lugerfire",
                "stream": false
            }
        ]
    },
    "lugerreload": {
        "sounds": [
            {
                "name": "pointblank:lugerreload",
                "stream": false
            }
        ]
    },
    "lugerreloadempty_1": {
        "sounds": [
            {
                "name": "pointblank:lugerreloadempty_1",
                "stream": false
            }
        ]
    },
    "lugerreloadempty_2": {
        "sounds": [
            {
                "name": "pointblank:lugerreloadempty_2",
                "stream": false
            }
        ]
    },
    "martinihenry_reload1": {
        "sounds": [
            {
                "name": "pointblank:martinihenry_reload1",
                "stream": false
            }
        ]
    },
    "martinihenry_reload2": {
        "sounds": [
            {
                "name": "pointblank:martinihenry_reload2",
                "stream": false
            }
        ]
    },
    "martinihenry_reload3": {
        "sounds": [
            {
                "name": "pointblank:martinihenry_reload3",
                "stream": false
            }
        ]
    },
    "martinihenry_reload4": {
        "sounds": [
            {
                "name": "pointblank:martinihenry_reload4",
                "stream": false
            }
        ]
    },
    "trauma_equip": {
        "sounds": [
            {
                "name": "pointblank:trauma_equip",
                "stream": false
            }
        ]
    },
    "rsc_fire": {
        "sounds": [
            {
                "name": "pointblank:rsc_fire",
                "stream": false
            }
        ]
    },
    "rsc_bolt_charge": {
        "sounds": [
            {
                "name": "pointblank:rsc_bolt_charge",
                "stream": false
            }
        ]
    },
    "rsc_emptymagin": {
        "sounds": [
            {
                "name": "pointblank:rsc_emptymagin",
                "stream": false
            }
        ]
    },
    "rsc_emptymagout": {
        "sounds": [
            {
                "name": "pointblank:rsc_emptymagout",
                "stream": false
            }
        ]
    },
    "rsc_fullmagin": {
        "sounds": [
            {
                "name": "pointblank:rsc_fullmagin",
                "stream": false
            }
        ]
    },
    "rsc_fullmagout": {
        "sounds": [
            {
                "name": "pointblank:rsc_fullmagout",
                "stream": false
            }
        ]
    },
    "federov_boltcharge": {
        "sounds": [
            {
                "name": "pointblank:federov_boltcharge",
                "stream": false
            }
        ]
    },
    "federov_fire": {
        "sounds": [
            {
                "name": "pointblank:federov_fire",
                "stream": false
            }
        ]
    },
    "federov_reloadmagin": {
        "sounds": [
            {
                "name": "pointblank:federov_reloadmagin",
                "stream": false
            }
        ]
    },
    "federov_reloadmagout": {
        "sounds": [
            {
                "name": "pointblank:federov_reloadmagout",
                "stream": false
            }
        ]
    },
    "type38_boltback": {
        "sounds": [
            {
                "name": "pointblank:type38_boltback",
                "stream": false
            }
        ]
     },
    "type38_boltcharge": {
        "sounds": [
            {
                "name": "pointblank:type38_boltcharge",
                "stream": false
            }
        ]
    },
    "type38_boltforward": {
        "sounds": [
            {
                "name": "pointblank:type38_boltforward",
                "stream": false
            }
        ]
    },
    "type38_fire": {
        "sounds": [
            {
                "name": "pointblank:type38_fire",
                "stream": false
            }
        ]
    },
    "enfieldfire": {
        "sounds": [
            {
                "name": "pointblank:enfieldfire",
                "stream": false
            }
        ]
    },
    "enfield_boltclose": {
        "sounds": [
            {
                "name": "pointblank:enfield_boltclose",
                "stream": false
            }
        ]
    },
    "enfield_boltopen": {
        "sounds": [
            {
                "name": "pointblank:enfield_boltopen",
                "stream": false
            }
        ]
    },
    "enfield_boltwave": {
        "sounds": [
            {
                "name": "pointblank:enfield_boltwave",
                "stream": false
            }
        ]
    },
    "sample_sniper": {
        "sounds": [
            {
                "name": "pointblank:sample_sniper",
                "stream": false
            }
        ]
    }
}