{
	"format_version": "1.12.0",
	"minecraft:geometry": [
		{
			"description": {
				"identifier": "geometry.unknown",
				"texture_width": 256,
				"texture_height": 256,
				"visible_bounds_width": 6,
				"visible_bounds_height": 2.5,
				"visible_bounds_offset": [0, 0.75, 0]
			},
			"bones": [
				{
					"name": "Cartridge",
					"pivot": [0.16041, 19.83531, 7.88371],
					"rotation": [-180, 87.5, 85],
					"cubes": [
						{
							"origin": [-75.4295, 19.29938, 85.54508],
							"size": [5.90159, 1.00319, 1.22319],
							"inflate": 0,
							"pivot": [3.25663, -33.28129, 83.61905],
							"rotation": [0, -90, 0],
							"uv": {
								"north": {"uv": [93, 75], "uv_size": [6, 1]},
								"east": {"uv": [59, 106], "uv_size": [1, 1]},
								"south": {"uv": [93, 76], "uv_size": [6, 1]},
								"west": {"uv": [60, 106], "uv_size": [1, 1]},
								"up": {"uv": [93, 77], "uv_size": [6, 1]},
								"down": {"uv": [93, 84], "uv_size": [6, -1]}
							}
						},
						{
							"origin": [-75.4295, -30.64589, 30.52456],
							"size": [5.90159, 1.00319, 1.22319],
							"inflate": 0,
							"pivot": [3.25663, -33.28129, 83.61905],
							"rotation": [0, -90, -90],
							"uv": {
								"north": {"uv": [93, 84], "uv_size": [6, 1]},
								"east": {"uv": [61, 106], "uv_size": [1, 1]},
								"south": {"uv": [93, 85], "uv_size": [6, 1]},
								"west": {"uv": [62, 106], "uv_size": [1, 1]},
								"up": {"uv": [93, 86], "uv_size": [6, 1]},
								"down": {"uv": [87, 94], "uv_size": [6, -1]}
							}
						},
						{
							"origin": [-75.4295, 1.53376, 122.1611],
							"size": [5.90159, 1.00319, 1.39919],
							"inflate": 0,
							"pivot": [3.25663, -33.28129, 83.61905],
							"rotation": [0, -90, 45],
							"uv": {
								"north": {"uv": [93, 89], "uv_size": [6, 1]},
								"east": {"uv": [63, 106], "uv_size": [1, 1]},
								"south": {"uv": [93, 90], "uv_size": [6, 1]},
								"west": {"uv": [64, 106], "uv_size": [1, 1]},
								"up": {"uv": [93, 91], "uv_size": [6, 1]},
								"down": {"uv": [93, 93], "uv_size": [6, -1]}
							}
						},
						{
							"origin": [-75.4295, 5.97014, 47.93819],
							"size": [5.90159, 1.00319, 1.57519],
							"inflate": 0,
							"pivot": [3.25663, -33.28129, 83.61905],
							"rotation": [0, -90, -45],
							"uv": {
								"north": {"uv": [93, 93], "uv_size": [6, 1]},
								"east": {"uv": [102, 96], "uv_size": [2, 1]},
								"south": {"uv": [0, 94], "uv_size": [6, 1]},
								"west": {"uv": [102, 97], "uv_size": [2, 1]},
								"up": {"uv": [0, 88], "uv_size": [6, 2]},
								"down": {"uv": [6, 90], "uv_size": [6, -2]}
							}
						},
						{
							"origin": [-75.4295, 19.29938, 86.21582],
							"size": [5.90159, 1.00319, 1.75119],
							"inflate": 0,
							"pivot": [3.25663, -33.28129, 83.61905],
							"rotation": [0, -90, 0],
							"uv": {
								"north": {"uv": [94, 2], "uv_size": [6, 1]},
								"east": {"uv": [102, 98], "uv_size": [2, 1]},
								"south": {"uv": [94, 3], "uv_size": [6, 1]},
								"west": {"uv": [102, 99], "uv_size": [2, 1]},
								"up": {"uv": [46, 88], "uv_size": [6, 2]},
								"down": {"uv": [52, 90], "uv_size": [6, -2]}
							}
						},
						{
							"origin": [-75.4295, 1.53376, 123.35984],
							"size": [5.90159, 1.00319, 1.22319],
							"inflate": 0,
							"pivot": [3.25663, -33.28129, 83.61905],
							"rotation": [0, -90, 45],
							"uv": {
								"north": {"uv": [94, 4], "uv_size": [6, 1]},
								"east": {"uv": [65, 106], "uv_size": [1, 1]},
								"south": {"uv": [6, 94], "uv_size": [6, 1]},
								"west": {"uv": [66, 106], "uv_size": [1, 1]},
								"up": {"uv": [12, 94], "uv_size": [6, 1]},
								"down": {"uv": [22, 95], "uv_size": [6, -1]}
							}
						},
						{
							"origin": [-75.4295, -30.64589, 29.32582],
							"size": [5.90159, 1.00319, 1.04719],
							"inflate": 0,
							"pivot": [3.25663, -33.28129, 83.61905],
							"rotation": [0, -90, -90],
							"uv": {
								"north": {"uv": [28, 94], "uv_size": [6, 1]},
								"east": {"uv": [67, 106], "uv_size": [1, 1]},
								"south": {"uv": [34, 94], "uv_size": [6, 1]},
								"west": {"uv": [68, 106], "uv_size": [1, 1]},
								"up": {"uv": [45, 94], "uv_size": [6, 1]},
								"down": {"uv": [51, 95], "uv_size": [6, -1]}
							}
						},
						{
							"origin": [-75.4295, 5.97014, 47.09145],
							"size": [5.90159, 1.00319, 1.22319],
							"inflate": 0,
							"pivot": [3.25663, -33.28129, 83.61905],
							"rotation": [0, -90, -45],
							"uv": {
								"north": {"uv": [63, 94], "uv_size": [6, 1]},
								"east": {"uv": [69, 106], "uv_size": [1, 1]},
								"south": {"uv": [71, 94], "uv_size": [6, 1]},
								"west": {"uv": [70, 106], "uv_size": [1, 1]},
								"up": {"uv": [77, 94], "uv_size": [6, 1]},
								"down": {"uv": [87, 95], "uv_size": [6, -1]}
							}
						}
					]
				},
				{
					"name": "Powder2",
					"parent": "Cartridge",
					"pivot": [0.16041, 19.83531, 8.84371],
					"cubes": [
						{
							"origin": [-55.14425, 19.43336, 67.90817],
							"size": [4.10619, 0.75239, 0.91739],
							"inflate": 0,
							"pivot": [3.50568, -31.70743, 65.44054],
							"rotation": [0, -90, 0],
							"uv": {
								"north": {"uv": [59, 96], "uv_size": [4, 1]},
								"east": {"uv": [71, 106], "uv_size": [1, 1]},
								"south": {"uv": [63, 96], "uv_size": [4, 1]},
								"west": {"uv": [72, 106], "uv_size": [1, 1]},
								"up": {"uv": [67, 96], "uv_size": [4, 1]},
								"down": {"uv": [93, 97], "uv_size": [4, -1]}
							}
						},
						{
							"origin": [-55.14425, -28.70777, 13.91439],
							"size": [4.10619, 0.75239, 0.91739],
							"inflate": 0,
							"pivot": [3.50568, -31.70743, 65.44054],
							"rotation": [0, -90, -90],
							"uv": {
								"north": {"uv": [0, 97], "uv_size": [4, 1]},
								"east": {"uv": [73, 106], "uv_size": [1, 1]},
								"south": {"uv": [4, 97], "uv_size": [4, 1]},
								"west": {"uv": [74, 106], "uv_size": [1, 1]},
								"up": {"uv": [8, 97], "uv_size": [4, 1]},
								"down": {"uv": [12, 98], "uv_size": [4, -1]}
							}
						},
						{
							"origin": [-55.14425, 1.9573, 103.34742],
							"size": [4.10619, 0.75239, 1.04939],
							"inflate": 0,
							"pivot": [3.50568, -31.70743, 65.44054],
							"rotation": [0, -90, 45],
							"uv": {
								"north": {"uv": [20, 97], "uv_size": [4, 1]},
								"east": {"uv": [75, 106], "uv_size": [1, 1]},
								"south": {"uv": [30, 97], "uv_size": [4, 1]},
								"west": {"uv": [106, 75], "uv_size": [1, 1]},
								"up": {"uv": [34, 97], "uv_size": [4, 1]},
								"down": {"uv": [44, 98], "uv_size": [4, -1]}
							}
						},
						{
							"origin": [-55.14425, 6.73148, 31.12645],
							"size": [4.10619, 0.75239, 1.18139],
							"inflate": 0,
							"pivot": [3.50568, -31.70743, 65.44054],
							"rotation": [0, -90, -45],
							"uv": {
								"north": {"uv": [48, 97], "uv_size": [4, 1]},
								"east": {"uv": [76, 106], "uv_size": [1, 1]},
								"south": {"uv": [52, 97], "uv_size": [4, 1]},
								"west": {"uv": [106, 76], "uv_size": [1, 1]},
								"up": {"uv": [59, 97], "uv_size": [4, 1]},
								"down": {"uv": [63, 98], "uv_size": [4, -1]}
							}
						},
						{
							"origin": [-55.14425, 19.43336, 68.41123],
							"size": [4.10619, 0.75239, 1.31339],
							"inflate": 0,
							"pivot": [3.50568, -31.70743, 65.44054],
							"rotation": [0, -90, 0],
							"uv": {
								"north": {"uv": [67, 97], "uv_size": [4, 1]},
								"east": {"uv": [77, 106], "uv_size": [1, 1]},
								"south": {"uv": [71, 97], "uv_size": [4, 1]},
								"west": {"uv": [106, 77], "uv_size": [1, 1]},
								"up": {"uv": [75, 97], "uv_size": [4, 1]},
								"down": {"uv": [79, 98], "uv_size": [4, -1]}
							}
						},
						{
							"origin": [-55.14425, 1.9573, 104.24647],
							"size": [4.10619, 0.75239, 0.91739],
							"inflate": 0,
							"pivot": [3.50568, -31.70743, 65.44054],
							"rotation": [0, -90, 45],
							"uv": {
								"north": {"uv": [83, 97], "uv_size": [4, 1]},
								"east": {"uv": [78, 106], "uv_size": [1, 1]},
								"south": {"uv": [87, 97], "uv_size": [4, 1]},
								"west": {"uv": [106, 78], "uv_size": [1, 1]},
								"up": {"uv": [91, 97], "uv_size": [4, 1]},
								"down": {"uv": [97, 95], "uv_size": [4, -1]}
							}
						},
						{
							"origin": [-55.14425, -28.70777, 13.01534],
							"size": [4.10619, 0.75239, 0.78539],
							"inflate": 0,
							"pivot": [3.50568, -31.70743, 65.44054],
							"rotation": [0, -90, -90],
							"uv": {
								"north": {"uv": [95, 97], "uv_size": [4, 1]},
								"east": {"uv": [79, 106], "uv_size": [1, 1]},
								"south": {"uv": [97, 95], "uv_size": [4, 1]},
								"west": {"uv": [106, 79], "uv_size": [1, 1]},
								"up": {"uv": [97, 96], "uv_size": [4, 1]},
								"down": {"uv": [0, 99], "uv_size": [4, -1]}
							}
						},
						{
							"origin": [-55.14425, 6.73148, 30.4914],
							"size": [4.10619, 0.75239, 0.91739],
							"inflate": 0,
							"pivot": [3.50568, -31.70743, 65.44054],
							"rotation": [0, -90, -45],
							"uv": {
								"north": {"uv": [98, 0], "uv_size": [4, 1]},
								"east": {"uv": [80, 106], "uv_size": [1, 1]},
								"south": {"uv": [98, 1], "uv_size": [4, 1]},
								"west": {"uv": [106, 80], "uv_size": [1, 1]},
								"up": {"uv": [4, 98], "uv_size": [4, 1]},
								"down": {"uv": [8, 99], "uv_size": [4, -1]}
							}
						}
					]
				},
				{
					"name": "Cartridgerear",
					"parent": "Cartridge",
					"pivot": [0.16399, 19.8099, 11.32281],
					"cubes": [
						{
							"origin": [-68.30592, 19.27397, 84.30418],
							"size": [1.02159, 1.00319, 1.22319],
							"inflate": 0,
							"pivot": [3.26021, -33.3067, 82.37815],
							"rotation": [0, -90, 0],
							"uv": {
								"north": {"uv": [81, 106], "uv_size": [1, 1]},
								"east": {"uv": [106, 81], "uv_size": [1, 1]},
								"south": {"uv": [82, 106], "uv_size": [1, 1]},
								"west": {"uv": [106, 82], "uv_size": [1, 1]},
								"up": {"uv": [83, 106], "uv_size": [1, 1]},
								"down": {"uv": [106, 84], "uv_size": [1, -1]}
							}
						},
						{
							"origin": [-68.30592, 5.94473, 45.85055],
							"size": [1.02159, 1.00319, 1.22319],
							"inflate": 0,
							"pivot": [3.26021, -33.3067, 82.37815],
							"rotation": [0, -90, -45],
							"uv": {
								"north": {"uv": [84, 106], "uv_size": [1, 1]},
								"east": {"uv": [106, 84], "uv_size": [1, 1]},
								"south": {"uv": [85, 106], "uv_size": [1, 1]},
								"west": {"uv": [106, 85], "uv_size": [1, 1]},
								"up": {"uv": [86, 106], "uv_size": [1, 1]},
								"down": {"uv": [106, 87], "uv_size": [1, -1]}
							}
						},
						{
							"origin": [-68.30592, -30.6713, 28.08492],
							"size": [1.02159, 1.00319, 1.04719],
							"inflate": 0,
							"pivot": [3.26021, -33.3067, 82.37815],
							"rotation": [0, -90, -90],
							"uv": {
								"north": {"uv": [87, 106], "uv_size": [1, 1]},
								"east": {"uv": [106, 87], "uv_size": [1, 1]},
								"south": {"uv": [88, 106], "uv_size": [1, 1]},
								"west": {"uv": [106, 88], "uv_size": [1, 1]},
								"up": {"uv": [89, 106], "uv_size": [1, 1]},
								"down": {"uv": [106, 90], "uv_size": [1, -1]}
							}
						},
						{
							"origin": [-68.30592, 1.50834, 122.11894],
							"size": [1.02159, 1.00319, 1.22319],
							"inflate": 0,
							"pivot": [3.26021, -33.3067, 82.37815],
							"rotation": [0, -90, 45],
							"uv": {
								"north": {"uv": [90, 106], "uv_size": [1, 1]},
								"east": {"uv": [106, 90], "uv_size": [1, 1]},
								"south": {"uv": [91, 106], "uv_size": [1, 1]},
								"west": {"uv": [106, 91], "uv_size": [1, 1]},
								"up": {"uv": [92, 106], "uv_size": [1, 1]},
								"down": {"uv": [106, 93], "uv_size": [1, -1]}
							}
						},
						{
							"origin": [-68.30592, 19.27397, 84.97492],
							"size": [1.02159, 1.00319, 1.75119],
							"inflate": 0,
							"pivot": [3.26021, -33.3067, 82.37815],
							"rotation": [0, -90, 0],
							"uv": {
								"north": {"uv": [93, 106], "uv_size": [1, 1]},
								"east": {"uv": [102, 100], "uv_size": [2, 1]},
								"south": {"uv": [106, 93], "uv_size": [1, 1]},
								"west": {"uv": [102, 101], "uv_size": [2, 1]},
								"up": {"uv": [97, 102], "uv_size": [1, 2]},
								"down": {"uv": [100, 104], "uv_size": [1, -2]}
							}
						},
						{
							"origin": [-68.30592, 5.94473, 46.69729],
							"size": [1.02159, 1.00319, 1.57519],
							"inflate": 0,
							"pivot": [3.26021, -33.3067, 82.37815],
							"rotation": [0, -90, -45],
							"uv": {
								"north": {"uv": [94, 106], "uv_size": [1, 1]},
								"east": {"uv": [102, 102], "uv_size": [2, 1]},
								"south": {"uv": [106, 94], "uv_size": [1, 1]},
								"west": {"uv": [103, 0], "uv_size": [2, 1]},
								"up": {"uv": [2, 103], "uv_size": [1, 2]},
								"down": {"uv": [3, 105], "uv_size": [1, -2]}
							}
						},
						{
							"origin": [-68.30592, 1.50834, 120.9202],
							"size": [1.02159, 1.00319, 1.39919],
							"inflate": 0,
							"pivot": [3.26021, -33.3067, 82.37815],
							"rotation": [0, -90, 45],
							"uv": {
								"north": {"uv": [95, 106], "uv_size": [1, 1]},
								"east": {"uv": [106, 95], "uv_size": [1, 1]},
								"south": {"uv": [96, 106], "uv_size": [1, 1]},
								"west": {"uv": [106, 96], "uv_size": [1, 1]},
								"up": {"uv": [97, 106], "uv_size": [1, 1]},
								"down": {"uv": [106, 98], "uv_size": [1, -1]}
							}
						},
						{
							"origin": [-68.30592, -30.6713, 29.28366],
							"size": [1.02159, 1.00319, 1.22319],
							"inflate": 0,
							"pivot": [3.26021, -33.3067, 82.37815],
							"rotation": [0, -90, -90],
							"uv": {
								"north": {"uv": [98, 106], "uv_size": [1, 1]},
								"east": {"uv": [106, 98], "uv_size": [1, 1]},
								"south": {"uv": [99, 106], "uv_size": [1, 1]},
								"west": {"uv": [106, 99], "uv_size": [1, 1]},
								"up": {"uv": [100, 106], "uv_size": [1, 1]},
								"down": {"uv": [106, 101], "uv_size": [1, -1]}
							}
						}
					]
				}
			]
		}
	]
}