{
  "display": {
    "icon": {
      "id": "pointblank:gom_musket",
      "count": 1
    },
    "title": "As the Founding fathers intended",
    "description": "Obtain the Flintlock Musket",
    "frame": "task",
    "show_toast": true,
    "announce_to_chat": true,
    "hidden": false
  },
  "parent": "minecraft:adventure/root",
  "criteria": {
    "gom_obtain_musket": {
      "trigger": "minecraft:inventory_changed",
      "conditions": {
        "items": [
          {
            "items": "pointblank:gom_musket"
          }
        ]
      }
    }
  },
  "requirements": [
    [
      "gom_obtain_musket"
    ]
  ],
  "sends_telemetry_event": false
}