{
  "loader": "forge:separate_transforms",
    "gui_light": "front",
    "base": 
  {
  "credit": "Made with Blockbench",
  "parent": "builtin/entity",
  "texture_size": [
    256,
    256
  ],
  "display": {
    "thirdperson_righthand": {
      "translation": [
        0,
        -5,
        0
      ],
      "scale": [
        0.22265625,
        0.22265625,
        0.22265625
      ]
    },
    "thirdperson_lefthand": {
      "translation": [
        0,
        -5,
        0
      ],
      "scale": [
        0.22265625,
        0.22265625,
        0.22265625
      ]
    },
    "firstperson_righthand": {
      "rotation": [
        0,
        0,
        3
      ],
      "translation": [
        0.5,
        -25,
        -6.75
      ]
    },
    "firstperson_lefthand": {
      "translation": [
        -12,
        -23,
        5.25
      ]
    },
    "ground": {
      "translation": [
        0,
        2,
        0
      ],
      "scale": [
        0.24,
        0.24,
        0.24
      ]
    }
  },
  "textures": {
    "particle": "item/gom_musket"
  }
},
"perspectives": {
  "gui": {
    "parent": "item/generated",
    "textures": {
      "layer0": "pointblank:item/gom_musket.icon"
    }
  }
}
}